return_month,matern_full,constant_full,linear_full,rbf_full,matern_loss_selected,equal_allocation,drop_sleeves_intangibles,drop_sleeves_investment,drop_sleeves_momentum,drop_sleeves_new,drop_sleeves_profitability,drop_sleeves_trading_frictions,drop_sleeves_value,drop_state_intangibles,drop_state_investment,drop_state_momentum,drop_state_new,drop_state_profitability,drop_state_trading_frictions,drop_state_value,drop_state_all_mean_predictors,drop_state_all_vol_predictors,compact_top8,compact_top16,compact_top32,compact_top64,standalone_top16,published_by2004,finance_prior,drop_feature_ret_12_7,drop_feature_resff3_12_1,drop_feature_ival_me,drop_feature_eq_dur,drop_feature_fcf_me,drop_feature_ebitda_mev,drop_feature_rd_me,drop_feature_seas_2_5an,drop_feature_seas_6_10an,drop_feature_prc,matern_T60,matern_T240,matern_rff16,matern_rff64,matern_rff256,matern_rff1024,matern_vw,matern_ew
2005-01-31,0.008155511919130436,0.001635609622504374,-0.009450602456137915,0.006349005802356033,0.007415238369960729,0.007685409439150151,0.010078433593237275,0.011659629473637639,0.0052020573238966555,0.005398602303004726,0.00759357705826066,0.00870606863043597,0.001855475840924033,-0.0005926376665832811,0.006479941826575498,0.00795119106216729,0.00853498948050755,0.008025871159944818,0.007652347166117054,0.00502013328078657,-0.006761539532256296,0.006942974759622623,0.018694730096281805,0.015848434156379838,0.012592809949888938,0.015674383974837502,-0.004933203828610526,0.01310135578640316,0.021084767021082453,0.0060759268911070325,0.007493234226019368,0.007361267934280759,0.007782318467445493,0.008183448716166377,0.007676131968657525,0.008539241433387516,0.009110530479985928,0.009404939574465603,0.008113358886770656,0.007791417807087788,0.0074595384541228426,0.008369797352029052,0.00773555417120398,0.011872067479362505,0.0036792873497191905,0.0026215847664803785,0.010851072352642406
2005-02-28,0.022983151535565752,0.016675193699123018,0.014303611159133589,0.010624331782801236,0.019805723847344348,0.006111874148580769,0.012380949705243081,0.02816505264772208,0.020832098646600395,0.0202732455668532,0.021794614661682626,0.028293710294553596,0.01433689410075629,0.01770792157428923,0.014488347816072864,0.022601022845293278,0.022138729203540677,0.022784129322903905,0.022851018561103446,0.015795926494380358,0.01189415503363069,0.012895253872929552,0.028529245709029417,0.016693700613339732,0.01975795421415002,0.02293870315807581,0.008998103609454565,0.01433239711997909,0.016717570002830293,0.021298114887507172,0.022514274681111356,0.02255886777811288,0.022807318331384864,0.0235091348886363,0.022248062843189222,0.022988679060153706,0.02129975211026186,0.02347702175737488,0.022866897796043974,0.0329392940241299,0.024110064323136768,0.013684551803867549,0.02062061920558962,0.018646221194821976,0.005277765753633775,0.019863102362099563,0.00933533371310186
2005-03-31,0.009437367706245363,0.0046386641270739866,-0.0025365442295930836,0.011776511529943898,0.008329493039380477,0.011003256983569427,0.012169308002188376,0.009673190615732012,0.008706014656308426,0.00850436842789223,0.010997554351221663,0.0116501558062879,0.010094626509069343,0.005565190227007304,0.011169131782142815,0.009227134142644458,0.009312230768679744,0.009305437510351934,0.008989405311092205,0.01167846841700877,-0.0019098163927941385,0.005977977283656659,0.015736849902653335,0.014205476346928047,0.014087769553163852,0.013642955118998807,0.014562989716345846,0.008798232395178034,0.01134570121373456,0.008646252358352964,0.009232595108400143,0.009515219426346123,0.009283330456191737,0.009340471426824516,0.00895447806470379,0.009543074945179454,0.008453203950896227,0.009179543863620703,0.009459299459393937,0.009301808981558248,0.011292418158780501,0.011836758544377409,0.012232663676032745,0.007160109724964511,0.006904095760183837,0.00391137860580272,0.012708839589913824
2005-04-30,3.348173371510499e-05,-0.003456188281318617,-0.0036411386690294615,0.009409502893079,-0.0009108486705325851,0.006920990908034809,0.009031380307839012,-0.0003769743224828476,0.0002569615726412559,-0.0012572793650934017,0.0002030484701318694,0.0032303643654731516,0.008279887701166883,0.006385670731092466,0.008876288727672484,-0.0004507840992251531,-0.0005160719507506343,-0.0006465561789312524,-0.0002903029598105069,0.008447061198077262,-0.0026489643473083333,-0.0043299988609266735,0.009135686241204952,0.0002907825278477855,0.0013208496172539877,0.0022627571456809324,-0.007128839644180663,0.006570544130625647,-0.0007853886928120021,-0.0016663710851042332,0.00019386478478660763,-0.00018785384417098223,0.00011838629912598424,-0.00023793140742961558,0.00024550894157205976,7.850502681435107e-05,0.0007133606564196349,0.0018354295352334155,-9.089121803330805e-05,-0.005197656177530136,0.001176591522307293,0.008483111051615392,0.0023030666194169477,-0.002914996266277845,-0.0017206275559540182,-0.009045837399114912,0.0017395036824782084
2005-05-31,-0.00047323634763327387,0.008961111587042155,0.007008768196946924,-0.0069512794854973605,-0.00029192859431804573,-0.0049839908768098354,-0.006483236710941912,-0.001274228913630368,-0.0008919264213778577,-0.0018166969898689134,-0.0008501792118809776,0.00043778781656776574,-0.005651003084353551,-0.0028297257266675273,-0.005174882314686787,-0.00015887575537181853,-0.00036973134624976935,0.0005737089179364044,6.03906434686006e-05,-0.005949641518062076,0.007914729195784316,0.005347111193134622,-0.007158649823612105,0.0017439684827330517,0.004643896505498658,0.00495982986684933,0.003835138226457854,-0.002852602665928201,0.004820507430893586,2.4228415620114008e-06,-0.0007232500266362053,-0.00043935937975633267,-0.0006506086223088389,-0.0003542277579560301,-0.0006964792285118734,-0.0003411339173662206,8.48129348782264e-05,-0.0005604614352538751,-0.00036418023865308154,-0.0067674418023364906,0.004657764162890622,-0.0029693729827296998,-0.0008837496503434528,0.0017554564032775566,0.0008001339756331245,-0.0015015971686043288,0.0077237562279812225
2005-06-30,0.008475624458923345,0.00838325267746739,0.006208608959445458,-0.00019314169564161847,0.008982029547828764,-0.0031930800992590164,-0.000368183851550213,0.00863310389015594,0.006243824812110745,0.008278061738002425,0.012155875990980242,0.007369564104509706,-0.0003446834992599918,0.0030270983266154506,-0.0011284294768412293,0.009066875303069422,0.008920315922821853,0.008764407139258688,0.009141588196235043,0.000715857598030492,0.0029638039303951915,0.008772483069200707,0.01654542203065846,0.012137175427608312,0.012699608048642487,0.007055603780016553,-1.3772451825541773e-05,0.006091743381202315,0.01736770960519589,0.006946154344922467,0.007494820547649792,0.007916539473751172,0.008092380142803815,0.00888791556015954,0.008295120110058686,0.008374432884373707,0.008577916764431802,0.008546067303005953,0.008615973681655873,0.016854605410436138,0.00017634425425405966,0.004940028286480055,0.004244586665971874,0.008910341724343185,0.005770239054759146,0.013682670117314272,0.003256619562194806
2005-07-31,-0.0022831971666750954,0.003769036771896912,0.005528663361388195,-0.00842044103909273,-0.003115109033365643,-0.005657316365641643,-0.00766826722837566,-0.0010521656523260615,-0.0022513458482463743,-0.003232871380396761,-0.004169363279154085,-0.0020336440106911127,-0.007745225575730241,-0.006561465684436993,-0.00682908887433718,-0.0021430775017453503,-0.002209205340110368,-0.002202198026986081,-0.001826428508138782,-0.007470772256808426,0.0023587102883662206,-0.002012659665523159,-0.006352305680208245,-0.0036138518043399423,-0.0036993981294561468,-0.0034761731185329703,-0.007057319689010289,-0.005971190449566255,-0.006816955058051972,-0.0028572165275365076,-0.0021313036684369327,-0.0020961272900833407,-0.0023095276500135183,-0.0022971898681561705,-0.002601976163646366,-0.0021172849616366398,-0.0016007122014674558,-0.0024668060707633377,-0.0022826794913161567,-0.002062807081472343,0.00021999110710468897,-0.00828123490507174,-0.003262025981421802,-0.0026105235501167902,-0.0021694677415636044,-0.0011447691568766928,-0.0010837953251991493
2005-08-31,0.007653379347666423,0.010285437092758651,0.018783564890685864,0.002432209817994831,0.006766110725543328,0.000423442503080613,0.0015991292030908574,0.007524461578378019,0.006297921050846573,0.008522999813578831,0.008234421207347686,0.009099171258869703,0.005707393410346886,0.010763201216472517,0.003208718928104841,0.007616150116778131,0.007192839371987492,0.00788807409202458,0.008577774293287611,0.0045905879990106825,0.01465039107194914,0.008019494525968165,0.004687315166095192,0.009826040986661315,0.012020127693779166,0.00977055407336439,0.010194091555090518,0.01056855904352047,0.011233500025102091,0.008602022081931794,0.007466202661743978,0.007598609986248795,0.0077700205812708464,0.007847805782790889,0.007736817000951077,0.007751530750348235,0.006821812690816707,0.007120319169367456,0.007653390318661555,0.006689401084164101,0.009863242612107337,0.003082725082247637,0.005899112553195993,0.005133689064598232,0.0027850715723420206,-0.00026400098117699395,0.010274391633530952
2005-09-30,0.008946427812537482,0.011461455855687197,0.025026770178936036,0.004001892472549113,0.008312787621467092,-0.0020703115319231982,0.0028409748532663144,0.008328148686755469,0.007413308077533899,0.00868966524178786,0.009016116609894171,0.01304766726305497,0.009165608587068688,0.0205557045535553,0.005152285853889072,0.008778609616512114,0.006925056814038128,0.009015269714231484,0.009683196304753696,0.008245021319581814,0.021484693265594965,0.007168585060693536,0.0070305925869737365,0.005950161395687169,0.017656875811680857,0.015456138501285232,0.00697619023476745,0.012273366448732623,0.01384624591984161,0.00827878780502876,0.008619118495284211,0.008864966681015123,0.008973229330455293,0.009267907031091285,0.009092438949662896,0.00890506325624163,0.009164931533779225,0.00840176253713115,0.008893974822592738,0.015178945829672469,0.010376417819383461,0.0033359634657432673,0.006235533452685594,0.005456090117272793,0.004942689782784749,0.011982371988690782,0.009947433139074204
2005-10-31,-0.0054880704406435965,-0.0018008530729154426,-0.01479872720702805,0.0018576402847201355,-0.0059725046396485295,0.005668990565270456,0.0008570396898749793,-0.005481318282332273,-0.003386065749070741,-0.00392871450206285,-0.0067184911875347066,-0.005608702744221808,-0.0011481053351357418,-0.00753718782735454,0.0020241327448347964,-0.00546184534436738,-0.004575512562433767,-0.005456832583065995,-0.0052937479776581815,-0.0006865778445478482,-0.007108286899647427,-0.006763844288525273,-0.007730348532036169,-0.0063536143510743905,-0.010933924847553005,-0.007940121249290166,0.001661360723350413,-0.008316101409939183,-0.015414856336258402,-0.004338234226652438,-0.004590654045687292,-0.005561961687025231,-0.005634175162230505,-0.005656789457259295,-0.005546931310926605,-0.005530109041252957,-0.005609545233400801,-0.0060886472253905075,-0.005577629196219322,-0.018543537695934944,0.002679582354567882,8.321357502814509e-05,-0.00038395815785951615,-0.003240352435629437,-0.0032715702530261015,-0.01468899651874077,0.005068121780129088
2005-11-30,-0.003021229032893081,0.001144666830973494,0.0013294564232733046,-0.0040168548679835265,-0.003103565159965859,-0.0033280341732479296,-0.004148318671573965,-0.0012307326275623684,-0.002983557708426116,-0.0038586801367147747,-0.0029542423065829996,-0.002328094500339764,-0.00418556933943772,-0.0010358011836563573,-0.003394937271524804,-0.0031424330251383376,-0.0035641109590549233,-0.0029098518136416235,-0.002704312570687937,-0.00348715333289971,0.0018585303567346645,-0.0027089967597524636,-0.000959099804683903,0.0025826754666294347,0.0016298093347037429,0.00023765940145925837,-0.0014953624528347502,-0.0011464601832619301,-0.00474907778285028,-0.0026715029187476267,-0.0027523883786673294,-0.003001901346376956,-0.0033038478274983935,-0.0032146901746512246,-0.0033263287166197487,-0.003019297564933136,-0.0037278085790961005,-0.003002440077946793,-0.0030667728717573995,-0.0028146812771213496,0.000439208003970012,-0.0067702346469717236,-0.004362346055180317,-0.004251993365257116,-0.003971556872262557,-0.0014980952893103945,0.007486610237231184
2005-12-31,0.0055440365157225216,0.004036203190201055,0.008185129434260441,0.0015910706388445933,0.005001264149500156,-0.001692385083352816,0.002033415088042249,0.0033235904320931503,0.005544271096079286,0.005576610819850538,0.006283546535985148,0.005948594204814358,0.004104212959957728,0.008012792038314084,0.001584031763945931,0.005568929781536533,0.005241869659110615,0.005620816033622954,0.005682102676296421,0.0034768417191338437,0.008015113222260218,0.004140099621500162,0.006711874544368205,0.005995854013030497,0.01084439710823628,0.00888321218349199,0.004273466686845665,0.0051325567865768045,0.012171986721073561,0.005070871731030377,0.005176564804278559,0.005662825912939047,0.005696672238239265,0.005814732249317328,0.005632003118107602,0.00548285142220643,0.004674063194838183,0.006360415725705673,0.005575948660971698,0.006715016518101793,0.0035011450196835415,0.002071552252366123,0.003014207244475706,0.003659965893797559,0.001625693748350219,0.004800182404298555,0.005915741777067213
2006-01-31,0.015095278071004399,0.014917042568415141,0.030966528767206007,-0.0007410133066641279,0.012453803258145128,-0.011953608966896977,-0.00025205519041649816,0.01395504715868774,0.010927294614977025,0.015993585499349438,0.015860677091816756,0.01617186033891171,0.015891769865093174,0.03339859817675069,0.0014707849527015291,0.01453039095884112,0.010826432670175684,0.014614088525117771,0.013956048174079937,0.01395313060215876,0.032926028013792234,0.011185493116585404,0.0022605117845229308,0.0020823142669861286,0.016502466305382935,0.01981778808097743,0.029939876046702937,0.023739675886170666,0.03381594093160078,0.016449352961585558,0.013447498193650596,0.015386359767438199,0.01529624108917688,0.015644847824322183,0.015580137728939701,0.015062941095431917,0.014072538935277204,0.015146080976905254,0.01512602579603326,0.01813126614040913,0.0030169171901253474,-0.004652603405091591,0.008414776633028264,0.006226667955405116,0.005147715421839199,0.0006864121624745459,0.006174015776663217
2006-02-28,-0.020356502686675222,-0.009680414259418405,-0.02077206808798353,-0.029080776239226683,-0.015591151637922752,0.006691482869747497,-0.028747362732103675,-0.020858357264735523,-0.01949579202672855,-0.018639098693326295,-0.02020883103018709,-0.026807140312977814,-0.024432308276096097,-0.020397917535707275,-0.02643040666067561,-0.019161416441507855,-0.015430947890290488,-0.01946627909775573,-0.018925188629848114,-0.023187535843108512,-0.02312633583008642,-0.004367375457739113,-0.01681461347595714,-0.0053231528850894005,-0.017007701029721538,-0.020599478129493677,-0.01604903040475762,-0.01851468609499963,-0.018554317468299716,-0.02015339620946743,-0.019659651545354314,-0.020600857355642675,-0.02069790878622963,-0.02083466969300984,-0.020430235844709675,-0.01980150224407166,-0.01857169988798464,-0.021153860924506128,-0.020189562866369498,-0.02143484296724163,-0.008650135228977176,-0.021472469405513464,-0.017770178216704062,-0.01419459546177452,-0.0037316326702425367,-0.010453755224250653,0.0008346062216052398
2006-03-31,0.006583653248972196,0.00538070902941826,0.011112457221862337,0.003341869345382789,0.006788387676217749,-0.0025481548646197555,0.003792516691606302,0.007029823591043814,0.005728936600166833,0.007009103795641947,0.006554119340164183,0.0051655625319842685,0.008779387647273101,0.013963343751505977,0.0031349221086015735,0.006553429243847468,0.007179434137043177,0.007682550556575265,0.006294928984641851,0.009233465095752721,0.013640162253132717,0.007919807213021934,-0.0028107473784965862,0.002262067933023447,0.008094619893022747,0.010792589055422264,0.009173082995424518,0.013137089137779365,0.016986904547539323,0.00765429363426075,0.006214682212911471,0.006057415776659381,0.0066258227528414385,0.006508262508888041,0.006737211727014427,0.006337589492094773,0.006947693832752587,0.006077627140114469,0.006587975912888092,0.003256748179068599,0.0018493449570930374,0.001795341152402814,2.5883855947893194e-05,0.007256282393067406,0.004627708358622789,0.003001336268377866,0.019387004547376595
2006-04-30,0.008645514532908403,0.003040652718833602,0.007185318889116091,0.010683857034748364,0.006336513542578951,-0.0022214745227012176,0.007964136453486544,0.011466742358756703,0.00847409808355682,0.008750418914904275,0.008885727842732432,0.010028066565214974,0.0070449562437168494,0.003795922909484982,0.008853798194102027,0.008435892940592053,0.008373672213847556,0.008075314627422663,0.008375868918596893,0.0067989316955810505,0.0042726143382327405,0.004107244455694409,0.0031751900293138426,0.0074814333123333215,0.004422745441572266,0.007561167811267935,0.00014501474608464112,0.013068018014210493,0.004471668233532751,0.008762047721762872,0.008762383148512094,0.008493526662863893,0.0085439634624628,0.008906172130852057,0.008554120047043643,0.008424195103491077,0.009204949450055455,0.008211748816472207,0.008592698459398283,0.01250410255966009,-0.000725690881206364,0.01693883348497228,0.00960991948546379,0.006368572546909184,0.005204916589980177,0.018253322415901815,0.008220215811721214
2006-05-31,0.004721834882367401,-0.007365280517743096,-0.015118460616180579,0.001256209021679491,0.0035824567057767525,0.007552843211683001,-0.0016040047308565645,0.003943560992206627,0.006648452973965305,0.006267252638945172,0.004203249589146875,0.005043761311536106,-0.011678365619818323,-0.01996341877616572,-0.0022474192821439836,0.005068098568614007,0.006157718053225167,0.004497458186847712,0.0037915364554113413,-0.01349117456391091,-0.021090918097724638,-0.0007533087164575432,0.002789599020225454,0.0008471318292054388,-0.006092459068378948,-0.0043655988965326,-0.0026282593847535935,-0.007798860106757524,-0.022744263139038552,0.004964787936705543,0.004902577566825148,0.00464772198151683,0.004545680090337477,0.0049930073624356724,0.004743761707805751,0.004529334840987043,0.0049548089880778155,0.004554170862861147,0.004738148301433508,0.007407221740955698,-0.0011158264307195823,0.005266901111493687,0.01161904730536899,0.00602024440838317,-0.0015281123387961136,0.0008084916918646024,-0.0014190956501959062
2006-06-30,0.007580015972612298,0.00667498351089154,0.007551452490293542,0.006593665537492462,0.00752785289470069,0.005104510506447528,0.006661454022316414,0.007490333907172477,0.007278502707405772,0.00802942971077688,0.0075491175831994195,0.007839409960136724,0.007088755506112708,0.011595660749588116,0.006662182874483053,0.007467986711006817,0.007511991209618439,0.007668622038722881,0.007609118355969457,0.0076977815524598495,0.012236748779836186,0.005807929752789862,0.008378287961007766,0.006552663837776588,0.007065543288219821,0.00908406269178789,0.0053718535917772255,0.010773540863285937,0.00548075925639634,0.0076096996146961735,0.007573374208722401,0.00712883243737923,0.007276176503534015,0.007601938720518596,0.007514640422478083,0.00746980483313167,0.007683924501010687,0.007609342948941205,0.0074206016813236795,0.00977881637482362,0.008958416414988046,0.005840464741306603,0.006019347268568015,0.007372873908796844,0.005798875879675746,0.0044982431441517165,0.011755977430479089
2006-07-31,0.011236406899296095,0.0034249305101315677,-0.006485704719535576,0.011126769959915902,0.010357619688670962,0.011659370613473836,0.008961628918029142,0.011590600044183358,0.01273371457239773,0.012838220430743244,0.011907116433013986,0.010156044139679398,0.0048253747607593005,-0.005481888600471445,0.010748030565625703,0.01125748643749932,0.01120104053114116,0.011265428443703094,0.011246840728809935,0.008246534770262654,-0.008327351247713085,0.009196345227177027,0.009036946256023262,0.010380382873965012,0.007041376419484632,0.005722601926012833,-0.0013122372390087368,0.009772536799168188,-0.00982728162201377,0.011541411948949648,0.011632052804401346,0.011009585774408259,0.01103624708534321,0.011251479693141416,0.011234121111712438,0.011321183641824068,0.011042634477068167,0.011108880825720337,0.01121557296710508,0.011062604964492616,0.009871705599022977,0.01488861876434657,0.012335355159224614,0.00992574645299665,0.003495461388140738,0.015163910601362685,0.01344459911531898
2006-08-31,-0.01443025309447062,-0.005711248176223255,-0.02298521198563945,-0.016528896407066458,-0.01486385195832961,-0.00028049509344059897,-0.013000180900173752,-0.01594322910294815,-0.012972167635543768,-0.01472131898311383,-0.01500248664790853,-0.013888451483701025,-0.02057080772965476,-0.02724542521302757,-0.016272825420418968,-0.014195846041536014,-0.014396388037825565,-0.014490750723073577,-0.01368350637579917,-0.020371894182084533,-0.02028650132335219,-0.009360937118951045,-0.010666983991943874,-0.010765387634418422,-0.011785220905804911,-0.015228017292235444,-0.008238431795892957,-0.018838802219352083,-0.01930251419946074,-0.014321152542903075,-0.01421127811814902,-0.013917296477347088,-0.014266785169139384,-0.014873293427897533,-0.014763575016378603,-0.014217463252366714,-0.014379699362457726,-0.014307076860074906,-0.014046735548087429,-0.021466821820108572,-0.01181644586548311,-0.024897652104879733,-0.01120757770598545,-0.01520321742220398,-0.012359925656451776,-0.01969609654126667,-0.0029872848391999307
2006-09-30,-0.00013723453354084412,0.0008421506586550281,-0.008725089900082009,0.00016575384840401873,0.001861031028279522,0.0030896016584152524,0.0016265022400897245,-0.0012816814482181247,0.00011952863899411833,0.0018457054525894824,0.0002638827478760837,-0.0018396471505273896,-0.0028646271051522795,-0.005892212347024405,0.00035398652978628964,-8.178876764340519e-05,-0.0007658633058042901,-0.0002781879270838195,9.193317965054665e-05,-0.000902389932331825,-0.007029127193378915,0.005217601961456866,0.0003878821024475439,-0.0034245935185702354,-0.003484001774409266,-0.0022287003644870175,0.003008651731882613,-0.0005371539033415304,-0.005028134860098065,0.0003255923039820368,-0.0005437730761623672,-0.00010793321836040572,-8.383094739519397e-05,-0.0005858613695707691,-0.0004917743984846307,-7.020424433250893e-05,0.0005703304503721299,0.00010993631917259734,-0.00010956924833986418,0.0023660950228492103,0.0005939427744232586,-0.008621798132491865,0.0011800249411011456,0.002326807889651522,0.009234053913908196,0.003289930250441827,0.009612334317001326
2006-10-31,0.0002867044687056641,0.0034572797085550477,-0.00048348476209016323,-0.004527606617664679,0.0014680233491130028,-0.004529909477765418,-0.004971811042376044,0.00027840342058853046,0.0016339994455690779,9.447145766392128e-05,-0.00015939351812270552,-0.0006572966228207105,-0.006698630068702486,-0.004990679941472238,-0.004694916824613227,0.0003720527019066302,0.0016832459012646947,0.00030091444397469474,0.00040405264089675164,-0.004743191710783236,-0.004363880304690752,0.0031150769836837816,0.0013343129464237985,0.0010120203952780798,0.0006872497415281107,0.0005439155651247342,-0.006720942437754212,-0.002285806019895167,-0.0014604858882411136,0.00026139449018040546,0.0003093153794572366,5.305316584949982e-05,-0.00011270909103263382,0.0007057099389252829,2.0286260434466177e-05,0.00037059749364383774,-0.0003948162303542504,0.0006768857689432329,0.000319005693970621,0.008980911593115074,-0.0009669130045737881,-0.0040752218218580785,-0.0023298894806297633,0.0012308389735530877,0.002316118221139079,-0.0006042781302801446,0.0037576332213712337
2006-11-30,-0.008388587389519019,-0.006987397889525731,-0.0025822384735387344,-0.010520570109568871,-0.007721947211001952,-0.012284322518940117,-0.009823928118289658,-0.00771649991587813,-0.006661573974395298,-0.007849748397377673,-0.009313833541917928,-0.009232711581391096,-0.014558954951784008,-0.0108246856068624,-0.011426890075228322,-0.008887718867330748,-0.00872474089748634,-0.008546013075730411,-0.008405266845872377,-0.012045365195662464,-0.004292428186500885,-0.008721699226150329,-0.00428678263600721,-0.0074576025885690666,-0.007446164114286411,-0.008128862238924395,-0.02569075310746356,-0.006396119439959942,-0.012669769408528543,-0.00870813180404162,-0.007783974852516999,-0.008485261625437618,-0.008682153045183785,-0.00821963887478419,-0.008951875966743397,-0.008343176129937591,-0.008737560895346786,-0.007918044848994124,-0.008403538977337494,0.005416210919621388,-0.012553522118937403,-0.011862172405433163,-0.009775753104962915,-0.008760041286724647,-0.002235131753095581,-0.0020885836676795833,-0.0017821034536796277
2006-12-31,0.004428520524741677,0.0017495071671671043,-0.004778918683900173,0.007275574567829046,0.0013264419273927752,0.0074693721418520286,0.006506582212133695,0.0038398616625441814,0.003110333442516322,0.004449169403380934,0.006011530730860595,0.006005395915884864,0.0025352616543711836,-0.002566279581097703,0.0056991475091064964,0.004879173859616953,0.003078085982234133,0.004614343135930236,0.004123934934283042,0.0043179413160835175,-0.006551049449606586,0.003178197239702522,0.006087822944941951,0.008274317979332322,0.008707233908093043,0.007128215490478514,0.016471805036654838,0.009088224052481785,0.012512173096857905,0.004775055396510507,0.0037404649490221306,0.0046394568987292335,0.004499943585728768,0.0044198700746051756,0.004626878556675825,0.004348709729661401,0.004712105803855805,0.004547683534126133,0.004455976357746151,-0.007844593235674015,0.0034308517700240362,0.00889643525315679,0.009451463875737002,0.0035284770489136794,-0.00468244191909829,0.006939116360197723,0.015552464485221932
2007-01-31,0.005997309335920421,0.0026125983323587636,0.010127769430127026,0.0026813234823562632,0.005539360460887613,0.0007628153550718644,0.0028777240388086186,0.004301243285579535,0.006118241896265438,0.005930164055763442,0.005939165599875289,0.0033910295264271287,0.006468940903643525,0.006800937401246351,0.0041851326034008434,0.00615347518152818,0.006675428415477319,0.00614429670855041,0.00581697710757398,0.0047901869332062415,0.005617705477138816,0.004825708676425562,-0.0007894907395508617,0.0014585304211823264,0.0014629504076119045,0.003882902484046053,0.0014468892297133337,0.002388751290901255,0.00885525696253277,0.0059434870729135995,0.00616614556198148,0.006125683658342041,0.0066873771642627896,0.006077218434011533,0.006092082126325258,0.006010705992926707,0.005911212025755955,0.005866687100880843,0.005982313993092573,0.0034801841090602763,0.008848085444051215,0.00510046732104699,0.0025124377270754976,0.005372925539124849,0.0005512709261613221,-0.003810307887746145,0.014373451569316844
2007-02-28,0.002965322397730627,-0.0005813727996817284,0.002030192799238663,0.00029083142769025373,0.003303857831224204,-0.0006140856767410266,-0.0009171718679278794,0.003963892232784942,0.003602539655520414,0.003219068159726751,0.003467541609928868,0.0028070872704362053,-0.0021963144518516026,-0.0005627092449530017,-0.00027087185885503825,0.0022526314265791034,0.0020336845297133023,0.0029150461687794424,0.003040739431881281,-0.00018965859517986784,-0.0026261016879688165,0.002540276768773951,0.0022575034404366543,0.0034907573226275685,0.004347261671030209,0.004311108592062749,0.0021366037992215725,0.002744226656297211,-0.0019348139581031821,0.0031154676517577053,0.0033213364795285248,0.003228667890998353,0.0028613105373840684,0.0027152731382071435,0.0026487052838656657,0.0029617621399970497,0.0024769005345505746,0.002971972942768479,0.0029684792031341714,0.007024892184429487,0.0009830888324380324,0.0010657845059151734,0.0030813725979066463,0.002738594080832199,0.004486500987380571,0.006847071829649633,0.0027679755970263942
2007-03-31,0.0119201343305919,0.0066235114078793695,0.008924216778395314,0.011936227631520841,0.009464257706808659,0.00493897331937136,0.010792674090054704,0.01407987648987666,0.011714567789005278,0.010754201500610185,0.012038968925211701,0.012240378486535818,0.015387198014672896,0.015610354001148952,0.015563408649400135,0.011692727989226834,0.011337094113230169,0.011970960395507808,0.011652643641597082,0.01562162874655138,0.010253601485170261,0.0084256062861064,0.010797702824801093,0.007339399083645141,0.0060459752473937855,0.008807536683451548,0.005551365009133364,0.0071636461872335465,0.006294484761446763,0.010987518947322847,0.012262785179994221,0.011924180375562986,0.011799724167219238,0.01223344282320862,0.011688772252246316,0.011769444665027497,0.011503128552749537,0.011934152309776009,0.011894954162945223,0.006429729782204405,0.012936689727697934,0.013890271462009864,0.01108384442262439,0.011006243913606675,0.004874317573465821,0.005714549879196305,0.012894253670553184
2007-04-30,0.0014458726863933718,0.0032640449688003054,-0.003647677995764728,0.0011760764529289778,0.0018660758215915266,0.0006734390200112879,0.004308297917551571,0.0029078862562489454,0.0020317312771770566,0.0010046513855678633,0.0008739300485388376,0.00047364080144125684,0.00016958973466086477,0.0012162088361065918,0.002879421910254334,0.001714733042024737,0.0014448343248357174,0.0014008271077434787,0.0014544575818195614,0.0023093230056063633,0.0013081459092487932,0.0016580905804983,-0.0025919362906349384,-0.001494381601400724,-0.001972182970195095,-0.0012632114227136297,-0.010118939170380224,0.00015654725418939972,-0.005716078506873463,0.0017457159838801506,0.0018437924417825362,0.0007371209441836457,0.0009290059380234378,0.001381667877995677,0.0009457860320499778,0.00202116486983039,0.0019573472755609234,0.0012498238779176767,0.001390093135311177,0.003257587353743955,0.003314489624177941,-0.0034053114436615557,-0.00047796505780296647,0.0010514102970311345,0.0010398072460365935,-0.002818524038687189,0.012433138542806251
2007-05-31,0.01184505780208647,0.0022005735115299308,0.008549645678656563,0.01157321993896956,0.011646307615022304,-0.001238166759587744,0.011669226543562082,0.012205508976302739,0.013131132027350365,0.013204044067440145,0.010878754676543454,0.00819789393695734,0.009921016899807204,0.011309180263769899,0.012102848389785805,0.011075884575231568,0.01113100782895434,0.011633180374691052,0.011442657217520014,0.01241988548311639,0.006884103415746045,0.00919021482726172,-0.002508673688076113,0.0008051964522484485,0.001464823323606749,0.005050971901083817,-0.003885254669922275,0.009029245782621455,-0.005394271974955537,0.013500297249010026,0.012771545735861225,0.01168624617822354,0.012127454153281751,0.011689609192621382,0.011217887204476975,0.011840831454495881,0.011959775823302514,0.012018731903778716,0.011728962029179328,0.013461795827295259,0.0045789358756844764,0.009174694595806736,0.008345365759972889,0.011320244161652546,0.010855968109485368,0.009218900378799045,0.013168205377716988
2007-06-30,-0.0044672784967699185,-0.0013980634845910795,0.0026016650470823605,-0.002770912004538039,-0.003954234051193507,-0.00011794479763920358,0.000798906582445802,-0.004573309743227928,-0.004661187812081489,-0.004246802649748435,-0.005755939313324998,-0.0030254430529353285,0.0018375060750885459,0.0028878263296520305,-4.40162029867994e-05,-0.00439116207843432,-0.004027431512829299,-0.00453185403350927,-0.004558562286321923,0.0004261664661472963,0.0031507578137134214,-0.004479432145441026,-0.007700988064931665,-0.006063838298768536,-0.005000259855613016,-0.0034397567346408473,-0.003236919102064214,-0.006186341189426394,-0.0011725168041854593,-0.004075049259068521,-0.00436946582546838,-0.0042359460784712625,-0.004163606744515392,-0.004744751525594056,-0.0045660105819629575,-0.004384253371460038,-0.0040825962436759735,-0.004243693065808137,-0.004463169932882707,-0.0035286881733499246,-0.0014457782856207955,-0.004191331539196299,-0.0038541941960202057,-0.0038496637557557064,-0.0030600196487318944,-0.005137347373624336,0.008926971661754947
2007-07-31,-0.0030030177428122373,-0.004954277734957724,0.012006683679601162,0.00782572215740875,-0.002865157528559269,-0.0006868260336621872,0.012633068266398918,-0.0015262999058183184,-0.004064737883318451,-0.004578967661234376,-0.005985048352878994,-0.0006616680414003544,0.020093546867955545,0.01566745604749714,0.015375561949104522,-0.0031795064768310073,-0.003610932407572302,-0.0034336859881010894,-0.0035593801897899676,0.015485626981986694,0.015699327417148017,-0.010272048534711037,-0.014564803235746833,-0.010266765524903592,-0.009505240537475923,-0.0049241212252254234,0.002512169680023822,-0.00881505694068783,0.003310327461183796,-0.0027784571596859227,-0.0024399145908758314,-0.0019098471878327698,-0.0019548222585384625,-0.002828609378340953,-0.0017505376384807994,-0.0030753402945345397,-0.0036142694271032146,-0.0028480832034129735,-0.003284053815295543,-0.0035191331628345334,0.0032289562008046358,0.0008992750718765095,-0.004301589661754133,-0.0031421923247536834,0.006231095356635823,-0.005253767756034988,0.009542739652480937
2007-08-31,-0.011073002983725344,-0.008041899454386735,-0.0031052700875299284,-0.003475539612738858,-0.012611125456155607,0.0024779863931884125,-0.0025441380362195725,-0.010047367684977142,-0.012564680461979933,-0.011280441625663447,-0.013589748038608702,-0.005343772151948098,-0.0018763395957175607,-0.00268855737850816,-0.0028352089933677206,-0.010962237927857686,-0.011367993509818831,-0.010957169601258506,-0.011712520750495586,-0.0035349058393807065,-0.0022323221271736645,-0.0129210193504056,-0.004718299627414841,-0.005039973498139607,-0.0069591249638391115,-0.006247905430766337,0.003203384924807871,-0.0123271819329542,-0.0028011774525122796,-0.011060211687041941,-0.011321793034178736,-0.010914250717939502,-0.010745626583139638,-0.011181751581969362,-0.010444199597020974,-0.011113680187904216,-0.010822711086554658,-0.011238608316425407,-0.011301958277692894,-0.015322044603760186,-0.00020131712890660225,-0.0025562103302339077,-0.0033129072948451846,-0.013030428327120779,-0.013121319109933865,-0.015747547733395303,0.00023010968356756812
2007-09-30,0.005626491295913417,-0.0038295894509733173,0.019073214840265824,0.014049261746870772,0.007110178575255095,-0.008656934303697674,0.015952408483648938,0.006555215393961398,0.004670513474613199,0.004939419387177938,0.006977665940161173,0.003460097322992715,0.02239358484113103,0.018945663612161507,0.01997514991732332,0.005584550152312433,0.004152673502791674,0.003703747057120186,0.0041049275790254434,0.02139246691479893,0.02055487638572399,-0.0013177074608847065,-0.013326941713203682,-0.002851646129134084,0.002840681556265839,0.006149496540379874,0.002415444897691169,0.00790363714888634,0.012008471710084699,0.006066190345909026,0.006483771515649442,0.005723035300908794,0.005940284838300561,0.006316097763742667,0.006864207390195654,0.005586573850800889,0.004704402359626793,0.0053333572657886215,0.005306317482636145,0.008009311885110901,0.0007558680797852808,0.00913637004477749,0.0035797700392512146,0.006180987316328953,0.010396349583344369,0.010176213396928055,0.006857664138289064
2007-10-31,0.006301326609708095,-0.006274214422749758,0.02456136542877028,0.026729988048804325,0.005376960635388636,-0.004957008175841872,0.02985945429366294,0.0036995696311840774,0.006632842998147051,0.005381682274007091,0.00692175042527534,0.00764525677395705,0.028619050972882896,0.021243438099122904,0.027078228614595596,0.006668077127746056,0.003896667300525312,0.00475666097048903,0.003930909230162096,0.027462935202928595,0.026158553471170336,-0.006772295640668487,-0.017653514838658815,-0.004618926916421967,0.005412523708491298,0.007361634339407619,-0.014760569309999935,0.018004043597233475,0.021562347188991957,0.006241826603993319,0.007011675514027985,0.006854833532134001,0.006643468226288925,0.006885541976686626,0.0065095187128359835,0.006252915955474511,0.008178579821930295,0.006809197927798935,0.006054457933998463,0.005694877510543631,0.005040707785394914,0.03710240064654287,0.015386239954449212,0.008023222618786923,0.004783442260699297,-0.005630671575216679,0.016056479522371863
2007-11-30,0.025076842893572142,0.0012504404525979194,-0.0012047425519349118,0.007967696849081541,0.022132096101973663,0.01829872785908098,0.0076062425041077235,0.025415187721632194,0.022228452635947214,0.02447813128576,0.02487843000853658,0.01865697443464601,0.005605213725415913,-0.002695405214960588,0.0033739961934867654,0.02524127002745793,0.02220540079578478,0.024457596529744323,0.023555591432673273,0.003229176213153112,0.003201606985617028,0.007776616709882916,0.0019370876101300815,0.014430511235059711,0.01791444315328275,0.01854504007250081,-0.0012123772772635044,0.02190413668352697,-0.0038097451596823565,0.025212521680128542,0.025435844085785895,0.0249441958565753,0.0252974915655,0.025181093308646815,0.02470715373494621,0.025088523470177263,0.025929353793825837,0.024790662551489453,0.024619616640472974,0.016541561238796798,0.023074999489868225,-0.007291416519015183,0.023323201314037863,0.020907712209240262,0.01897320490932586,0.000971472791841664,0.02435967629447481
2007-12-31,0.03150315901559298,0.011524916164567611,0.026738976787249825,0.03295309187067303,0.03361877975879097,0.005599811418012728,0.032593640673037244,0.03179886128904045,0.035809525685531335,0.030865178934219827,0.033687171997595244,0.03692936403505396,0.033785514586948145,0.020851056321424907,0.026932254147024107,0.03413827894172631,0.025767122958349722,0.029353253888649167,0.03001184701818812,0.027907700804248006,0.02928883739396209,0.016316443065133277,0.017342215364654186,0.030423293286345535,0.035744359008102605,0.037762890203835955,0.016277838875581783,0.031140356933876567,0.021877461212316072,0.03143226855073781,0.03250952218956605,0.03119564360948564,0.03133430314840449,0.031322756566361236,0.03123395447979683,0.03166124088990088,0.031125284551458177,0.031218249080921946,0.03136820841899619,0.029086978649531286,0.021695408820855966,0.028949529238415154,0.045144894916543325,0.02960030314151663,0.015054568179148818,0.03410534468698733,0.02301861260503094
2008-01-31,-0.030846505445659988,-0.010571850866310874,-0.03561257553126157,-0.03854504822386598,-0.029896995887251233,0.0035200797496031605,-0.03817064252857661,-0.03014012072264736,-0.034789571298827364,-0.03287680208293799,-0.03073077990134457,-0.04488338312268307,-0.038130286185713624,-0.029422691351423298,-0.0333133462734071,-0.03323734947304042,-0.02084690293213523,-0.026410323185700742,-0.029154079823257278,-0.034367305860381156,-0.0381968694410085,-0.01093892277524375,-0.03984953409205042,-0.03309033167934407,-0.034055099156545476,-0.03844615540643732,-0.03542979528950088,-0.03093795734108568,-0.03572398876361594,-0.03032234319160668,-0.03142489233144844,-0.030623759266330326,-0.03048357043978536,-0.03061690783368719,-0.030705414847483337,-0.031012280289590508,-0.030511434748139783,-0.03050127914933209,-0.030704682753508784,-0.02471869398828864,-0.02594543831513514,-0.03431649345919328,-0.049647465652488065,-0.024842832781322946,-0.011865321803528391,-0.03521742134175266,-0.031869840915922876
2008-02-29,0.037357316582170334,0.018435890284225803,0.025340516983584468,0.025042918739639045,0.032063872475505066,0.009806048661198717,0.02765241472959744,0.04116311713889547,0.038957821399799045,0.0351683276945102,0.040497020103748796,0.039430863555379836,0.026570162141874742,0.018659237478177864,0.02203556491833475,0.03853080304814663,0.029507338002016215,0.033630885426034464,0.03496086518343509,0.023921814647132566,0.020189203278228027,0.029451012497320274,0.0335492818246549,0.03626966618126107,0.03393518645587636,0.043500905929847386,0.0477154063219067,0.03181327870669778,0.03406740535991884,0.03684293316697539,0.03732730718505951,0.0369510221486429,0.03754864405834465,0.03777015888223498,0.03718525911761305,0.03744589103749707,0.03695096714905107,0.03666487649680943,0.03706294650461173,0.02645211525341895,0.019340955136496793,0.02691414354419478,0.0647370643399397,0.031297129517047245,0.015652400299558566,0.042303296867973766,0.01862242608191801
2008-03-31,0.005650609010682845,-0.0018866073004930428,0.002711932468078406,-0.0006223741838719044,0.001388979641651983,0.013730077926419771,0.0012062224174300854,0.003417859236580984,0.003036108058519179,0.004259699648987082,0.005492400612984875,0.012307332250621882,-0.00037895349550581993,-0.0018044849025924377,-0.0007075528225732465,0.004296921772739112,0.006314262499758291,0.005903009740599724,0.0031835602290670923,-0.000673331615742605,-0.0014546665829433948,-0.0026058066991787097,0.012545344591661222,0.008289975024582948,0.0055666636827262795,0.007936828668024764,0.011203356501534036,0.008073680861724586,0.005159936397837501,0.005593893951455534,0.004910233104921806,0.006205068314923211,0.005828458634774821,0.005899564951243188,0.0055641557113602245,0.005602854230063994,0.00582783224511651,0.006152636183812184,0.005775554313397877,-0.005021560337113901,0.0034082326105176453,-0.0037713186128720076,-0.0010299894917919494,-0.0032183253976379193,-0.007194827955922391,-0.0014992174018274352,0.018198467192615007
2008-04-30,0.006759977019125096,0.01287507903639199,0.022201927932672207,0.014004557757738354,0.0023857573086559416,-0.007356963844833792,0.014092879942513065,0.007330388318534368,0.007807177720347743,0.007598881787264563,0.005353409945466344,0.011354046611172255,0.016104956597714905,0.011795306144050225,0.01323355581163803,0.007809622016378787,0.0036170651031404598,0.005935743566624194,0.009145126155353298,0.013391782575896495,0.011979729059238867,0.004547732529907267,0.019158199166029902,0.01080070037807173,0.008475469199933633,0.015659154936727045,0.014997592618678439,0.007786656713537075,0.012099318177827664,0.006310167786615281,0.006366570502751235,0.006682426995963306,0.006791054793585661,0.006798803796503782,0.0063785324227277245,0.006707319152585588,0.006979900724635053,0.006644574539470942,0.0063218238708699515,-0.011620325529242503,0.008091644613821255,0.01028988451115971,0.024738313768951005,0.004821900479194921,-0.006779787250474176,0.016782842321833392,0.015899278343416083
2008-05-31,0.02372695733427902,0.016700509693683845,0.03532996834248769,0.023613099268639463,0.015210114031389287,0.0015798248648356884,0.025737561410356154,0.02341688428902157,0.025964437947590166,0.022482176123249077,0.019497710018421207,0.03880091805738474,0.02577542386508222,0.019856234427288493,0.02272007136070956,0.023651997787547424,0.013385063318102797,0.02059962140492306,0.021279667317067562,0.023493180068110613,0.020452445002218655,0.010506203608559611,0.01517543169564369,0.003031767553339948,0.005646539847446074,0.01762220992105381,0.02948786338217241,0.015282429179105364,0.01778935253975358,0.023478537030360354,0.024869680008935673,0.023665698509030973,0.02361458121339497,0.023478539238742366,0.023422475082608762,0.023620098982779128,0.02315796728336216,0.024408387227377804,0.02418882041553503,0.012896176990701629,0.014086000667779658,0.019867219952052474,0.037494121309476824,0.013483367634895913,0.005440032200336926,0.02641825132479204,0.016525778737495063
2008-06-30,0.07111012888786719,0.023864828582647383,0.060379120528433555,0.041009016195763755,0.05422554439000946,0.006794289786913342,0.04596523031225839,0.07649433545944154,0.06526837306568334,0.06991842298511135,0.06881711309845462,0.09736364503681061,0.045293818893944335,0.037050562811038204,0.04004590903965206,0.06731851587186692,0.05585741739391278,0.06589027462760774,0.058260381201378796,0.04114732590157086,0.03732846323472377,0.026463944000256368,0.061912049261879126,0.04030051940623372,0.063611928342652,0.08636565176076914,0.10377209200961993,0.09784655158643664,0.043083556843009095,0.07015077716982702,0.07071812829925561,0.07178117551418267,0.07170953527620293,0.07156472386015691,0.07262872814669004,0.07075317332018065,0.0714801366298804,0.07156080554373316,0.07058802478740818,0.04159869509352274,0.027555574538189288,0.03269458086260554,0.0474805457737978,0.037921994222364364,0.017835430676389364,0.06203012015400638,0.02846642136932109
2008-07-31,-0.04445023283149057,0.002759621547038527,-0.031302951513184886,-0.03800449912446741,-0.023156836035057783,0.023617924323675675,-0.04171313906409266,-0.043940985803731174,-0.04540810015703263,-0.04522130642165125,-0.04569043225964462,-0.07298209032793021,-0.04313767816766632,-0.03475851718405941,-0.03662563128387471,-0.04251407315327045,-0.025337683258584574,-0.03919312855510101,-0.0349622923514184,-0.03740156895814366,-0.0315827531977173,-0.005180944521176905,-0.020539167640551425,-0.012101535291593088,-0.04121834010673583,-0.05253651611130044,-0.06436252692421114,-0.06395367899247303,-0.03027060905326543,-0.04492466200709076,-0.046120938590125775,-0.04455601697898381,-0.044472115341453004,-0.04407597283481517,-0.04461093526839566,-0.04466630852253774,-0.045091816501450714,-0.0452474713174443,-0.044100750900992094,-0.010687770126916813,-0.010329233068627625,-0.032897615832657476,-0.036302410045124744,-0.018836874388790757,-0.00026247173029409225,-0.043217775632473004,0.014132147567801838
2008-08-31,-0.0075902107720864104,-0.006762050221533873,-0.00659719988139955,-0.015059637507617407,-0.004091584647183483,0.005327719354339645,-0.016181641835163706,-0.011655749881974051,-0.006742386951450792,-0.008438902311998802,-0.011756857885237422,-0.00859362204801976,-0.016497992846048755,-0.014351532595703211,-0.016854881419709877,-0.008745679644664703,-0.006522444675413635,-0.006604687806093657,-0.005719528708003279,-0.016092207170556996,-0.01361756326557731,-0.0029101404954129675,-0.02969624970812399,-0.03449777960598675,-0.028421718597647888,-0.023093352915412015,-0.010351385947421151,-0.020217615966933458,-0.018862153643119665,-0.006412710205311458,-0.0072305262986421545,-0.007818197382435126,-0.007755305435479074,-0.007710804406215763,-0.008666118486538817,-0.006876636136615934,-0.007851624715882244,-0.006905198016936909,-0.00765448040019725,0.0052600292768068165,-0.006764220978861964,-0.014300525068463167,-0.014572502569754786,-0.004097117652068256,-0.005633681545538892,-0.0002232004622555184,0.0076760179604243835
2008-09-30,-0.02304227567967342,-0.012934601028736692,-0.013238381634778836,-0.02953534790756357,-0.015355648878158953,0.03064261756214831,-0.03317016874404716,-0.03423737153374823,-0.023363018261791477,-0.016894833687076876,-0.021938502005693028,-0.011351326770682511,-0.031865743595311705,-0.028106703587356296,-0.029888806368409977,-0.020540768179427422,-0.026363877233755897,-0.024565480352995356,-0.019815320870410713,-0.02947047473544109,-0.025985561405062696,-0.01663849253997017,7.92044024791258e-06,0.006788085157663426,0.0038336690044184964,-0.0024500306260666948,0.04618123648759584,-0.05558379516882278,-0.027141044248895005,-0.02371182921999291,-0.02468564144779687,-0.023281148146366195,-0.02303620708544021,-0.023446938334903206,-0.023238204154159198,-0.02388736942602497,-0.02314026373088665,-0.02450240357241122,-0.022919625247805667,0.02035313463087951,-0.0006015214507868758,-0.02897322622326806,-0.04746990951051108,-0.025169711391736228,-0.006588907889750473,-0.00930483663618135,-0.0014400813786009975
2008-10-31,0.015182353104363748,0.0032283347831599074,0.02606307732978184,0.0031375604921776838,0.008946042133773958,0.03340907146688918,0.006700365110168209,0.010206189422692871,0.01765026355014913,0.01317223847640807,0.009236004664629713,0.03390730264355794,0.0060684541631955465,0.0026077806606033967,0.016109941951487357,0.014196962554892483,0.005691574132368063,0.011951548498898675,0.011805112073855845,0.009680461283930183,-0.00096488745851783,0.002288650247785279,0.025209918021376967,0.006116671021205156,0.0009524605302950486,0.03266659785124954,0.042450749673145355,-0.026575670210930248,0.014343156396069675,0.01532324266697206,0.015799495757176495,0.015854522703300435,0.015821811748162752,0.015719427118464052,0.01737135510157136,0.01414610829720884,0.014884722983215512,0.016011343359513697,0.015019864809056871,0.012764372382200918,0.017383509191176677,-0.00838520593826575,0.017978108414166163,0.003380263844816539,0.003349725653850049,0.02460030138743694,0.02425499430385787
2008-11-30,0.015445903196185402,-0.0033189046061980238,0.004056219576861457,0.03120425174527179,0.008919947019242064,0.01719425319209121,0.04037419685865884,0.01973331837220617,0.015839388126557222,0.013527785710804839,0.015983806507751323,0.02156855330025563,0.03381215744039956,0.023394956160986045,0.04089276339668073,0.013665460445676389,0.007029530662854663,0.013460353422485884,0.004674993887591199,0.03750492129942268,0.0013372467102830239,-0.0038409975787256044,0.014194442453543092,0.008530657615707971,0.017060619540392136,0.017193797165528296,0.004101775567962698,0.02254745909052636,0.025696914144475853,0.013873062027899329,0.016286623440062594,0.016087187317756997,0.015628569296834816,0.015775300483230413,0.015218183723269458,0.014777815250190828,0.017187621319012716,0.01641000475091924,0.01604886589847825,0.023602537620727906,0.0003743510572677671,-0.007181413582410659,0.022319745054342845,0.003477811870454493,0.006319165811704266,0.04361476951556518,0.022297791692931123
2008-12-31,-0.005745474524517201,0.008488260831810356,0.006630889500719104,-0.024169274747198363,-0.0023261078388458483,-5.391841984059504e-06,-0.019949765204238742,-0.0068529237267814895,-0.004177168753785927,-0.006193394498366779,-0.004674983580983154,-0.010207454662911114,-0.021588421862314314,-0.02610875263997141,-0.019554919275891463,-0.004987308305152263,-0.0038406127408741465,-0.005138514150444531,-0.005507024129167998,-0.02227861652904268,-0.010886723416561142,0.005658655016039354,-0.029748854645379928,-0.020700544596938025,-0.021021200776927956,-0.02107366793337401,-0.00042559709004199187,-0.018212238024539473,-0.028269520278441613,-0.004915197311262256,-0.005253486052055342,-0.00592165078630456,-0.005990506883509906,-0.006092028489485611,-0.00658109230143838,-0.0055111762765528245,-0.00595082622415637,-0.00549425137676,-0.0055940156645146785,0.0042757251907341925,-0.0005316458634774242,-0.008750629785183432,-0.00953525807962158,0.0017067029398025444,0.0034163724079758206,0.003202890876282435,0.03008051186885765
2009-01-31,0.015549936050426549,0.01619048210120288,0.023299488453879937,0.020255171996096877,0.01723732200918489,0.008196525179582137,0.017357106287208882,0.022086032611813442,0.018593709876175046,0.009620916920470601,0.009557524609623214,0.009572579643229863,0.02324041092322595,0.029202864234322046,0.015606941931307626,0.016649067766797785,0.018878263535246763,0.01575153751519322,0.02399727233642284,0.02027827866727227,0.018198746561623787,0.025267678504135218,0.019551502401593167,-0.0002623585526187987,-0.004695489872592603,0.008719856426018798,-0.02015600754356141,-0.015854687670124264,0.029127921846610425,0.0148108585103153,0.01585442900204959,0.015789322454646825,0.01660960044866156,0.016877992181571773,0.015166814742851361,0.015251532540744784,0.01489065721435648,0.015382059632367452,0.015560546388894201,0.01908882645746576,0.016161791010232938,0.010239758692994889,0.0014838276620749338,0.021458188503370352,0.02441512980819263,0.05280596759641884,-0.028597531666679905
2009-02-28,0.015710263731203242,0.011358102270620007,0.029487447219146038,0.028324834033066192,0.013780311570213742,0.012559741634298929,0.028091264901790185,0.0163657041795282,0.015878437413723863,0.014347986905123547,0.011447380829730425,0.022883759920426416,0.029971801717363338,0.04219635797282898,0.026042811924600534,0.015393090180412176,0.014753238372857098,0.01521085391394725,0.015691775740604236,0.029631698352247576,0.04397009335639375,0.012395980841356026,0.014940653989149852,0.0012244434242493362,0.01159079940782751,0.028269026114912492,0.00865038827192589,0.016724040937009257,0.033252418379652836,0.015500462922816356,0.01580915603408055,0.01584197924977806,0.01600374416566438,0.015581850291042256,0.015835010402187728,0.01604829755982024,0.016111129084882273,0.015618179519230618,0.015764719573513254,0.029976029140935313,0.02781864205321994,0.012192871352265372,0.019008093355529637,0.012547954716191743,0.014571243653864708,0.01756704552083106,0.03484806491031694
2009-03-31,-0.016869147473278896,-0.008118240551970477,-0.021223876681521182,-0.04520962369841056,-0.011883356480318307,-0.01898140233059051,-0.04311640117578014,-0.018641814147533083,-0.01642562843209788,-0.018100645874063678,-0.020928594082322012,-0.01849388047810171,-0.04281440085249365,-0.05199555795033155,-0.04366326008034443,-0.016156609493570992,-0.016762361176332372,-0.016070459453645308,-0.015026100147918312,-0.04737372343801818,-0.022083422213975242,-0.010640351763961952,-0.03762440693777342,-0.030464564580915114,-0.031630597932117935,-0.016418140500328936,-0.011805773009405109,-0.025155492476782167,-0.039003310076557045,-0.016478000461294575,-0.016729046843349964,-0.016898528195576808,-0.01673127762145286,-0.017222620298666193,-0.017871614653179723,-0.017322721652155378,-0.016475440153471303,-0.016859771285164266,-0.01686962346310431,-0.02470607175117414,-0.017118478594014868,-0.0005954154415621296,-0.02317610195780916,-0.010869070452358827,-0.010969398032100704,-0.040195727343740176,-0.04717866434668389
2009-04-30,0.029849984448571676,0.016397901291696312,-0.011794447221953589,-0.1311231639525163,0.046599269838475524,-0.039646383593652745,-0.10880096975324945,0.03752137765531645,0.025223885752699245,0.02514569728826959,0.021523529449872722,0.0009183056515488213,-0.12491933345602345,-0.13360114465546927,-0.11003060544943201,0.03125355395453827,0.03939069027681068,0.03192599380544406,0.022320068439666364,-0.13473929709152033,-0.05313951970701943,0.030322624492430287,-0.06446102068321768,-0.002275534836983409,-0.0035833990052554186,0.0017563308927846216,-0.018769889498260726,0.07568219697814785,-0.11437510650145104,0.029590929979640895,0.03049917275485993,0.02831301090218849,0.029613785832866883,0.030016346262681917,0.02744341196751674,0.03118313175563458,0.03008902713129146,0.0286897914648907,0.02808421791946468,0.03844022751298325,0.0191472581783702,-0.006993684040698266,0.01127677659462368,0.07753160969641398,0.0592484628023451,0.01456275222995328,0.026903130360014182
2009-05-31,0.016347538410132565,0.0013070134588312478,0.004540395174507925,0.021738536141665574,0.0126022594544241,-0.02380506821243304,0.014531937542210658,0.017864478450657396,0.01667077127101889,0.02068504917780552,0.022613813169471777,0.0023325899969872475,0.008698965013377236,0.010174210926857165,-0.007153022409025827,0.015079706560739392,0.005193859293909219,0.016523584303966138,0.01194026920295748,0.012259765855618715,-0.000910041406521867,0.004721067668756531,-0.007238514473990711,0.010641702155363593,0.006610058345805771,-0.0032309782509946303,-0.00976047241562194,0.027729296567012007,-0.030476196744418864,0.0182366757679851,0.01835933474690022,0.014451966689077684,0.0151077416035491,0.016291616773336775,0.014554290179404891,0.016411134666979584,0.015995432186942233,0.016047057362655298,0.015471729705159159,-0.01434187550909342,0.010915717695033286,-0.006316773181285417,-0.008870712669020932,-0.010557383986334752,-0.021072075717682465,-0.01103362350225547,0.03920337053471422
2009-06-30,-0.002322919256544731,0.016594842460436212,0.017773355184011172,-0.009487028285330573,0.001623110517404036,0.018992391793341088,-0.012402019757354051,-0.0020805009188609707,-0.0018737436316270347,-0.0017024860839494698,-0.0019768320525815576,-0.003576892821679368,-0.006977859795840005,-0.007059483092902384,-0.00686038628590786,0.0027519724610813494,0.003910051029211251,-0.0014914565723628244,2.829012518203893e-05,-0.007059301513165946,0.001066092267125226,0.004827210487800992,-0.0037253451245148434,-0.005092210732994497,-0.003523038052618234,0.004633992727554356,0.01937346240740126,-0.002343986516384399,-0.021423212901543354,-0.0020747071452696963,-0.00225853099807495,-0.002328725939428549,-0.0022636807317435227,-0.0023184009266516157,-0.002283231929957056,-0.0030522906935512234,-0.0018689627172235055,-0.0027675418891820974,-0.0034194293525366274,-0.02284343056621018,0.0006325541191219618,-0.006522280384763772,-0.0024359234510746256,0.0016065546282108929,0.008797726683658415,-0.003491887743429611,0.04761024260786023
2009-07-31,0.005108385764370421,-0.013060205388485324,0.005699036971353002,0.020535412914386774,-0.0007821409174623538,-0.012212987603768148,0.01890245497847997,0.001635152588075521,0.007876628585814812,0.010276453065325182,0.00478293105343702,0.005404020313068156,0.010330353992569099,0.011126149107087207,0.014859928945519015,0.00310752371429413,0.00011241639139636969,0.00572308981072866,0.005575857833159483,0.012738217692412337,0.007122183576814351,-0.007420498185880824,0.0064315654196719,0.018260567907050114,0.017832146156878507,0.01725752094147917,0.004207683910875815,0.012720225072890966,0.012245778147179464,0.005809441329369722,0.00544515603765974,0.005550215060399863,0.0052213511228784105,0.004935331172080867,0.004391563872009762,0.004070006980223293,0.005246142705808131,0.005271243235137933,0.004000668314324391,-0.0134983085021458,0.0035931851912420227,-0.013151782530931654,-0.02101204263321112,-0.00374827245558431,-0.021667597583541854,-0.00561136152713505,0.017019401909331107
2009-08-31,0.030653874676667643,-0.00949154773972041,0.019765964245866494,0.02594987048791715,0.03212903931666781,-0.010246659134739766,0.028976704274228368,0.024439174718505506,0.03063247619667013,0.02912821933639134,0.030628146426740617,0.04195081327791979,0.018858850132984467,0.019230475164067753,0.029208419663919873,0.02875636672610259,0.027305185601188064,0.030969291400016453,0.03046052652711288,0.020605811106576704,0.014508405821330622,0.009551348165112638,0.008002632935160407,0.011189046348293128,0.020234193071707433,0.028167796332974292,0.005592420571800191,0.03013011891469137,0.02252104491227162,0.030702616982225775,0.030673503197760642,0.03013972517935745,0.03070173578388353,0.030413757284298727,0.030285629230656728,0.031160869409482282,0.030615177446127618,0.0314821823628394,0.02962631087379601,0.03509995214996538,0.03976530634959637,0.004338670971395683,0.014386123797412918,0.024907793856425713,0.03153725768251851,0.024958583316306612,0.06781017482529564
2009-09-30,0.016195064488290944,0.0033757907099211375,0.015307845806586836,0.016181442241284653,0.016576553345887163,-0.010481940668303998,0.0172420579315731,0.0163264217214317,0.01608640643488797,0.016712131851791517,0.01683663110855233,0.007736194910435717,0.014977866072435437,0.015514730176729828,0.01683312338745,0.0177464218957441,0.0185633519569243,0.01633793782612698,0.016404072273607576,0.01590990521810085,0.013918686054992576,0.017687748755899506,0.00027282985270311,0.0037795681685762407,0.004214951787688269,0.006187120767356268,-0.011920324055541855,0.018728975453922055,0.019632353882146743,0.016184985889310992,0.016174950787214846,0.016139535126839716,0.016319583339323075,0.016346233427396176,0.015879598693484966,0.01639497095877244,0.016148225628397832,0.016627500540871233,0.015372064063867211,0.00140222427972265,0.019411679130501357,0.019582452745120688,0.01745784792476835,0.018317601541607935,0.014950521135776634,0.012859338309382334,0.03869169159375564
2009-10-31,-0.03343317729848183,0.0041093749079617265,-0.026414509251714263,-0.030813689361496484,-0.03410785086610961,0.018021631935079642,-0.030919314401479343,-0.030827280827512116,-0.0345202174446628,-0.03261501740325811,-0.032896452934986394,-0.04194540809326362,-0.027493646827066186,-0.02771453677189759,-0.031602621422212325,-0.034252706164335324,-0.03310803916796096,-0.03384317858100622,-0.033705536865601675,-0.02894626559286354,-0.026237246881083805,-0.02132812111052482,0.0029339214643339783,-0.011661806688886058,-0.016611013545142144,-0.030682034229564337,-0.009530713042456528,-0.03745342506303394,-0.022710020812474713,-0.0332626744955135,-0.03332937212831498,-0.03355611035706677,-0.033526119738494654,-0.03349972176959282,-0.033332858376793464,-0.03320977064954171,-0.0333084284300142,-0.0333857343108919,-0.03249028095930833,-0.04684239149862999,-0.04370741972502873,-0.022513049132619898,-0.029171263749921048,-0.031147376973901738,-0.025942350593148537,-0.038675323694528564,-0.01273249680929215
2009-11-30,-0.00887616459684603,-0.0008541749258922614,-0.0034262180348273203,-0.0012510443406712226,-0.008193571041377901,-0.004477699641171633,-0.0025523813193204813,-0.008479728445773218,-0.008861627042573655,-0.008889117820261912,-0.0070752100512179944,-0.00658319954051606,-0.0006177375413763483,-0.000504276816533449,-0.0026415702996769016,-0.00938702075011758,-0.007857955194141753,-0.008887820054250907,-0.007762794155479677,-0.0012111245878294174,-0.001572488077004165,-0.005705445728148601,-0.0009648006760373355,-0.003246206809384648,-0.005117446955803792,-0.00667026889630598,-0.00408486449632178,-0.006491030445812064,-0.004496114452121035,-0.008856366609849706,-0.008836832638041922,-0.009110493303549965,-0.009081744779653744,-0.00891070502351231,-0.009293844493395287,-0.009465761535533298,-0.009099660349724883,-0.008706950290526247,-0.009116049316990203,-0.011014282595479173,-0.006483957865705833,-0.00035759034248640477,-0.008172302389111675,-0.0100633865335609,-0.008804342127211921,-0.002885706187917914,0.004875683089215101
2009-12-31,0.015241257969028853,0.010191402297176574,0.02691615725313511,0.02114154760644088,0.006330227711378963,-2.9683461474041563e-05,0.021510588174784448,0.014823540478991782,0.013202802977337875,0.013667995645936891,0.0160162549074291,0.016962032044942562,0.018831918365246218,0.01968278866708345,0.02564532601289283,0.017065076172627713,0.013328938887185917,0.016134872630290162,0.01792962770926585,0.021944971735847807,0.022123916591538943,0.00390063516877764,-0.002577537761795869,0.0030216548118775647,0.0035815397857474115,0.008998872900679137,0.017337208752566,0.017145700880443537,0.012298959919294175,0.015221544361778097,0.015132857316230753,0.015175934507581023,0.0152926305636078,0.015460896809412343,0.014997522778348088,0.014431299641253214,0.015917228428322088,0.015338726243822402,0.015085122006634935,-0.01100124258293873,0.01889113947743106,0.008699938117875236,0.0172648211889108,0.014009401812880278,-0.003471621696720241,0.021335553215484793,0.027381292793214197
2010-01-31,-0.0029873746367147513,-0.004312442076495219,0.0027703689758225335,-6.696510325636848e-05,-0.0043917524973967415,0.0004306043066143316,0.0015701492084740515,-0.0011095576341907376,-0.003886989929988277,-0.0013274675678217648,-0.0016636037421482088,-0.005193390731536375,-0.003882548024457889,-0.0027227059246033186,-0.00017275601251765882,0.0005672949124404395,-0.000951563335513611,-0.0024944735424223957,0.0011352428771417406,-0.001664706475120652,0.001206921907849054,-0.0011174555423962699,0.013416143351228085,0.018727071026836236,0.017620061580901156,0.01557804977346278,-0.00885868957443306,0.006580991163879045,0.012183027476456148,-0.002105644862537732,-0.0026562032384891496,-0.003908282618473552,-0.003406755682171126,-0.003025475934073421,-0.0033877716467381933,-0.002935641129425051,-0.002934363508171117,-0.0029341218352780894,-0.0036547201548103297,-0.013003201567626906,-0.005939585818591924,-0.0023518017015693627,-0.0038319562228677673,-0.004438547775969655,-0.0140267321193907,-0.014279869941789508,-0.02082957065865624
2010-02-28,0.013801355826097594,0.003458722995037863,0.012448642306756935,0.012319893190185182,0.013627505697213526,0.00215699142701007,0.012105213105145748,0.011184634678737529,0.014418988525634894,0.013682894082561091,0.012629077048713843,0.01060894892894767,0.012263915926709845,0.013108370138755066,0.01455314285851333,0.01232256157134013,0.012690200992825324,0.013559377560731046,0.013093478503494613,0.013612064094768136,0.010353374738649623,0.011414143173643095,-0.006889005255077669,-0.000254282604620371,0.001362141913085961,0.0052206308189274115,0.020733372273819703,0.007937151389440561,0.006059099021510476,0.014212509627327754,0.013832879182397766,0.015012219453887763,0.014373937345203333,0.013594981041636272,0.014187831461428572,0.014299125273448246,0.013720089234629458,0.013716883623247897,0.01485058023141192,0.012849304471689202,0.017742206529141658,0.003095702657617309,0.01077229495792138,0.013240403642459217,0.013999586272723586,0.0029706027390756216,0.017793239175309044
2010-03-31,0.03116760912240051,0.0027229929184682815,0.022824576179863217,0.02301781516662926,0.028675038255090927,-0.0013328821971886904,0.02381680873419149,0.02488121291606387,0.031693730622015644,0.02727407217987626,0.031661554097001166,0.028537453551139215,0.02025863646592866,0.025823000156287065,0.027614641595278988,0.02662008570763112,0.023893540721567297,0.030390696812127374,0.028774157744785187,0.02564753735259721,0.018418811425415144,0.020269651299537443,-0.004716257090419641,0.009604983399422801,0.01181170901688153,0.018548592404699856,-0.0019666557157045073,0.026968032197361012,0.013690036397718913,0.030625251147275927,0.031113405828242287,0.031746398150966935,0.03143699039901786,0.030790362781079886,0.031673716137881266,0.03204905582191303,0.03132314281914213,0.031121514349628617,0.03138157006961239,0.025293927393425193,0.02952508638926857,0.013528017491224967,0.01986207588454022,0.024512810941088457,0.016538028147655873,0.022771310920367705,0.03140741514924682
2010-04-30,0.03553601819295538,0.0012588728075866099,0.02654555018412246,0.028456076512562368,0.0343344278521035,-0.0019846936310520995,0.02944047858806043,0.02587840700318765,0.037140987827084214,0.0324317364323163,0.03683768120661418,0.036830683983968236,0.026148630200027823,0.030938738144818567,0.03450028589816582,0.03543711718860155,0.030379074755098153,0.03523345677580348,0.03369293460492729,0.03172886002368834,0.025523006339272524,0.02101035005735974,-0.011685878678615595,0.01271862220733561,0.016413918063614263,0.025243076998514535,0.011538789359377499,0.03264905255567472,0.01998109954951358,0.03482683234351861,0.035501614578328816,0.03632734047766003,0.03609933931719997,0.035665941044933785,0.03610554510206523,0.03656794287815498,0.035769570668223685,0.03544845205994342,0.03584750300706564,0.032008921186737156,0.0343956181278985,0.026453663615913548,0.02649884257427437,0.024811819078572186,0.017245257103865777,0.02055391384886671,0.03259331650089185
2010-05-31,0.008578477672731913,0.009828380376102857,-0.01592089836724062,0.010066769219461766,0.007995166232591073,0.011771792750001583,0.016169585233002336,0.00754250505886632,0.007753158747634538,0.008069461579775016,0.005960005930310882,0.008681729873252506,0.012926292515536708,0.011007759077633673,0.012131411918611914,0.008749984106239755,0.008325802815447035,0.010754589070232985,0.007477741376829805,0.010610833576649822,0.01642832508481616,0.009834344140488286,0.00605491815919587,0.0042283633290707365,0.006226716495702403,0.007924740184278042,0.0195578665051969,0.005317597128055058,0.021924417129245016,0.008606253510824719,0.008392949785591639,0.00871114419744177,0.008952653133540182,0.008490988972176948,0.008075630710743697,0.008649456108758686,0.008733013291622179,0.00855293933177932,0.008442223816587787,0.0034717796244740314,0.01272315624471754,-0.015458782312535793,0.002614063973759604,0.01034636144919791,0.010332847465120651,0.00825395231853714,0.015366238741475318
2010-06-30,0.003501302791694057,-5.195615277652594e-05,-0.03941920666495204,0.014253753057545851,-0.001039049307271164,0.0064842647023213495,0.020505458915280536,0.0051571955602969476,0.003906482086705927,0.0005337813524737851,0.003282046255301014,0.003611156960944551,0.016941293320778514,0.011986670113393792,0.014328354106856688,-0.00015602984425140134,-0.0005246015317025111,0.0054120514901028925,0.002078488216884779,0.013227025620523912,0.01559294064401809,-0.0028004630029726165,0.007698835508453067,0.0030411320954869077,-0.007642580668495492,-0.007082173190563904,0.030240803383993736,-0.002193541895676324,0.02055312959509619,0.0034626490751166125,0.0032630683718511766,0.0029062254422757465,0.0035811848975164833,0.0044296677956436265,0.0039050719669395505,0.0030984321036440906,0.0025407546840849108,0.0034610574924002664,0.003313930248864915,0.008357608748052884,-0.003410578188857218,-0.03883761907437665,0.005262301876445939,0.0028046604186198337,-0.01011969967181623,0.00945139494999727,0.012008323265696631
2010-07-31,-0.015030176584078986,0.00018605348953487633,0.0068202897185343165,-0.01897895099344203,-0.010024711281041218,-0.006011694016277778,-0.02141361027809903,-0.013572999802231268,-0.01450863836201355,-0.01527294870380042,-0.0152351877644722,-0.014357321136958263,-0.0207929948145361,-0.016892771607428674,-0.01745860539314666,-0.012157366694088916,-0.011301965523701277,-0.014688331072334365,-0.013711197990874778,-0.017452528535871835,-0.015098770065839363,-0.005303546387137822,-0.0006164532675282193,-0.0016494492429935186,-0.0023316160339385836,-0.009297206337585578,-0.022882465768254714,-0.014857779192742171,-0.018647405337440876,-0.014863261422645525,-0.015004307172260468,-0.014916159868301795,-0.015401480500607191,-0.014965437110578374,-0.01558188417576876,-0.015170078943945087,-0.014637523831333347,-0.01501381243621764,-0.014973524681384211,-0.01737694655435977,-0.008866750683291486,0.00585017024605897,-0.009725396694900586,-0.00541187055705055,-0.0035338411786311457,-0.0052551551050979564,0.002891363177875835
2010-08-31,0.0075057563802201415,-0.005854926094252669,-0.00989900723755903,0.02146387880100891,0.0019231586055469502,1.8072383337656376e-05,0.019787062487080072,0.006825853101225549,0.007769330661013285,0.009656137571910525,0.009630603380355804,0.009275454813580887,0.023681137720767638,0.017272502051329266,0.018340513336659488,0.00481542594108417,0.006077223162389837,0.008724371170452935,0.006476901744601052,0.017943755004869433,0.014394801585643257,0.00039298856455802634,-0.0057486707571281805,0.0019677805055594577,0.0009472810191394383,0.0016862382438887658,0.02180787568320037,0.010518233396097965,0.01651049864115815,0.007388282294004185,0.007498183991167485,0.007681148371912762,0.007828293664882267,0.008024235505536844,0.008186350016611709,0.007709293562992958,0.007766930460348029,0.007502435065482161,0.0072178061236415165,0.009817005404575044,-0.0049614029421706195,-0.003554998231520474,0.004337123985918253,-0.0008315674003318877,-0.0059912250284472205,0.003391917984454631,0.0074952202646628345
2010-09-30,-0.006410192384260822,0.006139810693209859,-0.006773021819180078,-0.01725695977995681,-0.0005474346317485241,-0.0032409080770386153,-0.013779889192719587,-0.004918535068711894,-0.004351533896042547,-0.008660742906898498,-0.012477749788846621,-0.006934522626601618,-0.01649504188364725,-0.015853189429289326,-0.016879741588449362,-0.005141995516920901,-0.0021172697176466354,-0.0053094106603086815,-0.006366787923132409,-0.016456398178136895,-0.014369201072710558,0.003910921493921388,-0.011579660948304012,-0.012390784628543169,-0.009769163257338852,-0.008420929865407845,-0.038689654590825344,-0.013944022191468083,-0.009087281759451964,-0.006374712512131829,-0.006281021776812324,-0.006608858387924553,-0.0066295803615043555,-0.006598682338696181,-0.0072578584050652685,-0.006420926426390857,-0.005476313635415066,-0.0063381814716659025,-0.006110508241042033,0.00030636143760155824,0.0051982322398108705,-0.014966918718485581,0.004890514033079581,0.008090097065106263,0.010980653987197239,-0.004850842490171571,0.015217994920939481
2010-10-31,0.007488130901716012,0.004629076811940867,0.0036024318086435234,0.003540995661624014,0.006942754431603092,0.0016588353309788236,0.004148166029194334,0.008325871093234334,0.007642329242343535,0.007325963117345646,0.005712920573861585,0.01007732440351873,0.004721666302082078,0.004215689508459876,0.0034800068417606815,0.006780307344647827,0.006721296647651083,0.007353669979468407,0.007504302406709998,0.0039579441951539535,0.0022151804407482653,0.005466846471214532,0.0025050778701895277,0.0007242544248031678,0.0043717991089940855,0.004326674108339922,0.004779016692856643,0.0019127236062774363,0.0008596445645870487,0.00739780433240872,0.007454864867719149,0.007648226404573988,0.007378690987689842,0.007542961948730729,0.006836777819893864,0.007182372327719042,0.007489094275885688,0.007994104653258538,0.0075367842639314005,0.009109487447923571,0.008993419003219828,0.005142572298125708,0.009845935463754237,0.005475200388451002,0.001138205397638183,0.002578013910318078,0.01597597070634428
2010-11-30,0.01672279985637715,0.002152830376947159,0.013400999196890532,0.013722990046430504,0.014048396258527676,-0.002695863124149255,0.011921964751737636,0.016684602263099684,0.01667994439327138,0.016937742510495592,0.015716999788417983,0.019820967810622443,0.016782899598052008,0.01583872980882182,0.013396975056558158,0.014088235517945124,0.014267510677739067,0.01644093726581116,0.016635992001138893,0.014190495955510545,0.01186196696289319,0.006132897377852187,-0.008770012609074014,0.001749037058655309,0.006124318287940085,0.014974302809133647,0.014596425662922711,0.020700523880705507,-0.001645285864764362,0.01665145344744009,0.016891849051610827,0.016926123913860395,0.016903519231539328,0.01683103178155269,0.016858437354548467,0.017623843797814568,0.016684166836072153,0.016764578050704887,0.016625493568338652,0.019899025435691692,0.007640197700696854,0.018689476880717922,0.023730498596099048,0.011351664529110574,0.005951576353933681,0.0007695974223244939,0.024877813283909304
2010-12-31,-0.02981738684949415,-0.006141525988914275,-0.03218340837792082,-0.037785268310972814,-0.02471694859027578,-0.016810151221754575,-0.04147042451975381,-0.031971174701812786,-0.028427611338438297,-0.02461707636071223,-0.02555748375279073,-0.038318630420974935,-0.03596601347023462,-0.03744184972872434,-0.03693243355503541,-0.029418695432297574,-0.0274192383554013,-0.029636300271504906,-0.02913382218578229,-0.037976031158751235,-0.037194516627694414,-0.018969422365406163,-0.00795066979446167,-0.015717515056751882,-0.027243614047040333,-0.03493275241211562,-0.034846009277354435,-0.03466866582166107,-0.03864085328633151,-0.029848401088034767,-0.02975413565621949,-0.029756277039485808,-0.030156156886235106,-0.02983373175440043,-0.029258857507829226,-0.030138749891561643,-0.029870499066315403,-0.029849879874692266,-0.02956224090074189,-0.026674905298909413,-0.018563639685754467,-0.03064174436829687,-0.03768479227168827,-0.019222740859305757,-0.013891201098428615,-0.013295146810435504,-0.021494406150559368
2011-01-31,0.0036567504217441017,-0.0007115914621020172,-0.004344669168608442,-0.005927658555730157,0.005314138309989598,-0.005103352996806185,-0.004131963006899981,0.0034416226410397114,0.00410238379911374,0.00506834776585735,0.0026116825913925774,0.0009530876766559052,-0.006995058676273538,-0.005480855273810419,-0.006021501244645784,0.0034760911771609805,0.0024834422402680366,0.0034879430741614377,0.003645779495782105,-0.005752050820259121,-0.005569635375720945,0.003428012053970436,-0.0016296941112059682,-0.004674458393835052,-0.005146658068820806,-0.004365965484788485,-0.008755707397968748,0.005778681484327485,-0.008519885639500771,0.00414165421842451,0.003629941025383428,0.003642823781793057,0.0032483041854905205,0.003720706918279818,0.003304610964519556,0.003276447795586822,0.003546674079673356,0.0036933663293265175,0.003652043866896176,0.0069979740212482945,-0.0018398482160254352,-0.0036060879247235334,-0.0010405855727972089,0.0047171600545689975,0.004279284064958641,0.007168914295979445,0.006625036770849267
2011-02-28,0.0006430090196434709,-0.0002500488375832453,0.005417258134085898,0.004046578534977636,-0.00021387963825672716,-0.002591698248670263,0.0025890738004733576,0.00040362795367247973,0.0010601798643322044,0.0001343348700486901,0.0009703427269462838,0.001740023374880703,0.006589947391661341,0.0034418759084179876,0.004227652778487129,8.494698399918321e-05,0.0009700062752622678,0.0005203569669491345,0.0006210362140614663,0.004355532771052822,0.001992773073355594,-0.0023552025948876992,-0.0006671766883046648,0.0026969487482116535,0.0014403432306593128,-0.002165924328265796,0.01424153823659024,0.0032734376011640384,0.0005304926007562202,0.000558753349867503,0.0007067828160631704,0.0006289197279399393,0.0007386861183361768,0.0005935163715599085,0.0007624124652535504,0.001093131330713413,0.0005645096969139181,0.0004312681088135937,0.000678659807944215,-3.32376423177835e-05,0.0015478456827716406,0.009091633712401438,5.734858670573006e-05,-0.00010178622304815864,-0.001817954388643162,0.0019166088487192784,0.015570097538312207
2011-03-31,0.010889123351968743,0.004044503325437101,0.016782013175224427,0.019235341649451156,0.008707325125351753,0.0037160612407828603,0.01827298631456601,0.010559713643735766,0.010726961339739707,0.01006188358557757,0.010544297485211353,0.015113508396826923,0.020678843811495366,0.018148975457761302,0.019804358247425952,0.010340660327477021,0.010956784857457803,0.010880060759740526,0.010782309230641725,0.01962109351378315,0.019152999812591665,0.00659333826376481,0.014623473190519215,0.01535934038219745,0.016696760429485213,0.017339177517096953,0.022758607769461835,0.009000516668064664,0.016399111820234877,0.010643589104420419,0.010954046650860215,0.010967492521352307,0.011062184227132892,0.01079998136656334,0.010748209486308625,0.011451556092116656,0.010889794830290104,0.010769179331908138,0.01086528476559119,0.010019164710033432,0.008305273360237373,0.016870021457207805,0.015552396513105481,0.008710350263460127,0.005345009656531038,0.009462861633201923,0.01626292134733342
2011-04-30,0.0007382974239184167,0.0036521151523468713,0.0003045490822860343,0.0051448199904269515,1.8330710740116347e-05,0.009286093936676218,0.007477095355433929,0.001577880000468916,0.0009676155018756955,0.00011237125501599001,-0.0022295684129910003,0.004155237941405347,0.004406217856364792,0.004620856931811967,0.005496375501096663,0.0012360148927347432,0.0011740742033044846,0.000954471852608028,0.0012635757328178536,0.005299128313297056,0.009018540542135392,0.0017816999503086214,0.007965564843492732,-0.00029886170187087314,0.004952259102872868,0.005736463838474685,-0.003636959683025881,-0.0056729803918052196,0.014030981415484724,0.000380428082719824,0.000719142343068211,0.0007153499064670972,0.0006115043996791749,0.0008521654850418775,0.0003758103206241573,0.0006317284963127156,0.0009058378284989284,0.0005516535739909488,0.000745594504582635,0.001323905195180872,0.004842589344602041,-0.005469881065329508,0.004024667415679589,0.00017000101977981952,0.0008168999644077192,0.002475383905704335,0.008733214703032042
2011-05-31,-0.0012761337376193044,0.0010758166050764766,0.0027717419554154532,0.0030675037256344927,-0.0014988278168247629,0.012930987440936306,0.00544337478279341,-0.002597152871875904,-0.001272498955925749,-0.002801938755233369,-0.0044169802184647455,0.0037672359083513354,0.001665251959940562,0.0029303697001497493,0.003457389941129381,-0.00032573982037571015,-0.0010412490962257376,-0.0009647809233971938,-0.0009130313843008549,0.0028986352839225496,0.008279133156640812,-0.0024081109201841387,0.010270044010421593,-0.001991105668774612,0.0008117498223160369,0.002188085489383026,-0.007673194868792754,-0.01153550087749389,0.017508443690253346,-0.001807555817309297,-0.0013523725565514704,-0.0012378403371252674,-0.0011518892570655406,-0.001127711359890102,-0.0014256315002148573,-0.0011322837206081565,-0.0011515555989317198,-0.0012713222059489372,-0.0012801995738008108,0.002696050982126592,0.0022394457301345193,-0.0045624223308761026,0.0012231237166193806,-0.0024681495762850364,0.0009937668693379533,9.935477018063285e-05,0.009770764196107763
2011-06-30,0.009818190914056647,0.004702775138725445,0.014936298652691232,0.015983792714021623,0.00911013120357378,0.0144065734187045,0.016676884564641198,0.010627930413377588,0.009334246171872746,0.008857542249726754,0.007594642538778089,0.012253733971505195,0.016501174719071,0.016253508414586303,0.016935367142285506,0.009986592957916268,0.00929082205675218,0.009585257138681911,0.009303775939547777,0.016621427194805072,0.018965176619644673,0.005343601374053149,0.016182500343603936,0.014782912402302178,0.01578223543572191,0.017080343764631786,0.011728172289814359,0.009418957094773701,0.0170294148487223,0.009171222847037763,0.009977054639204118,0.009816709195020406,0.00984795139992823,0.00984422442741621,0.010188051983561883,0.010023015445626018,0.009774431480879434,0.009656727982104764,0.009648635594642428,0.01181200632004708,0.012069010413326567,0.014558931704063877,0.013134340088222651,0.007892127195851051,0.009424744590749552,0.006211832731765389,0.019813723799584945
2011-07-31,0.0015163489207677561,-0.006126388876204678,0.009369432095571046,0.008665326477375642,0.00033308098613788265,-0.012170806170798132,0.004458601294325705,-0.000324266364887425,0.0015100380313596974,0.0008240265283429289,0.0052877780773786486,0.0037710973717506,0.0069842044139791426,0.007909752605218397,0.007012885759853044,0.000885006510408751,0.0008882513119654741,0.0014424665078738314,0.0006743734526956981,0.0075017859608692995,0.004135126529067076,-0.0027676702451792956,0.0031241336949799484,0.009133691509174795,0.008867066601001354,0.00323847218041202,0.004476882485216362,0.012703706486777858,0.0007098511947733132,0.0014562489411758049,0.001515540353079173,0.0015218300411866175,0.0015614403213430428,0.0014711737747229241,0.0016146482293093037,0.0018673191705031302,0.0016592949569076269,0.0016138099984040724,0.0012883334059548112,0.00221500359627958,-0.008529544350016868,0.012001074548740614,0.003432134951634529,-0.00010609930394412891,-0.0013374394720986214,0.017975524331837425,-0.0018739622975364927
2011-08-31,0.013884720977437988,0.007198891570551402,0.02313776552800499,0.025693479952793943,0.013397485288134146,0.030611196382125644,0.028787623137228237,0.014074131676503263,0.013723253682577645,0.01363202281170937,0.012229113324370012,0.018875754818433215,0.022631381442959828,0.025575562994122267,0.02566320685430284,0.014869368519449007,0.014096758512390036,0.013260087861105198,0.011639544388209744,0.02430625318664721,0.02982456549931194,0.008425913341334973,-0.020763001489233806,-0.002598891627457292,0.003170750804597405,0.008040649026657614,0.009186654185586878,0.025267439931659138,0.02870499294853561,0.015785972628793617,0.013704053967691667,0.013903647324184792,0.013858527743722284,0.014019105404273298,0.014251132762065336,0.013744944641931022,0.013906524323846477,0.013718229910914445,0.013539707509655857,0.022125781760375655,0.00677487065742745,0.017828969870029642,0.02240657676764474,0.015537025120803976,0.012938277426343287,0.016524684797778917,0.021456505166542173
2011-09-30,0.007007413226739649,0.015802063203839367,0.012987111415734403,0.02123127958273254,0.004474280378567605,0.04435663666570927,0.027827552423465067,0.007569901147526354,0.007032560938745649,0.0061285376250377515,0.005105819441102956,0.012051536447172445,0.021406562863735233,0.02168747920137384,0.02472629621132203,0.007489848995244594,0.005762089939683283,0.005415793257189885,0.007130419009056738,0.022609315659989773,0.02788954808460294,0.002792058582660015,-0.04156629099915776,-0.009704574309565277,-0.0003493329174790983,0.009382701567819285,-0.004312812818464359,0.00898808276687001,0.047380097686951825,0.009119189847395043,0.007017945364064617,0.006957748389693139,0.006915079912236789,0.007143907888980813,0.0073427449868525285,0.0068871246879341685,0.006961278163629665,0.007341793691456834,0.006994628093420371,0.009005396546945588,0.016478558336864083,0.017284168518751565,0.0288304651005432,0.007791966859649294,-0.00512068976076923,0.023521865044139383,0.018451318153228452
2011-10-31,-0.008265986502403242,-0.0032989689343031012,-0.03590505923355023,-0.04029017135378938,-0.0006749203882073328,-0.029220663739791614,-0.04291557941164453,-0.0061838253510649605,-0.006640747465616041,-0.008563937312422604,-0.012274461004703212,-0.014133345960582498,-0.042752801356494,-0.03835384982627809,-0.041485635900014806,-0.006925553858491768,-0.006176628985933893,-0.005493160527985928,-0.011596430632550007,-0.04131431514937929,-0.04009487706289091,0.0039181716766803956,0.049521153706359,-0.02862993270248262,-0.02927890760011295,-0.019470778148224017,-0.024220523371539272,-0.041234011813872894,-0.058121863891052256,-0.009448774337092439,-0.008128323470765558,-0.008257904581518526,-0.00848070348475063,-0.008280357960048832,-0.009450028729275922,-0.00821150085203557,-0.008147277343137858,-0.00901154840653786,-0.008057110720607436,-0.009797490609775476,-0.006037130261376937,-0.03661365962194229,-0.034329101417171624,-0.0016768215916033316,0.012760494732054579,0.006216222248844703,0.015240759461605554
2011-11-30,0.0053520759568522,-0.0006146464742595987,0.007829826420881073,0.014338283044192823,0.004380031325380312,0.013403325918111114,0.012622277979874155,0.005358325495392182,0.005266780318151368,0.005326313561358256,0.004842684399458707,0.005880909908512391,0.014363271484387107,0.01426524703713137,0.015030943393504583,0.004523500739856596,0.004064118345774657,0.005110189592841848,0.00560900414319295,0.014422657418989173,0.015820418401251184,-0.0011507638678890882,0.007780818505080927,0.015122026709775515,0.0165657264195984,0.012105362429186093,0.01209440491282997,0.009303822759710737,0.014140863559463875,0.004770789948544436,0.005383015843283154,0.005457283472859221,0.005764969344799064,0.0053717596994202685,0.005569778704688824,0.005657261715930119,0.00517069529652516,0.006078952204668405,0.005140725766754551,0.01014797013594768,0.004757298404866476,0.008331881400239813,0.005783082134997364,0.003291295294998386,0.001063197653646604,0.0058585138931028565,0.01942292117805481
2011-12-31,-0.008550260465894266,0.0044833941054855195,-0.007892620183765986,-0.0065481455277695754,-0.00658548820289508,0.026462822641531616,-0.007677928611558799,-0.011268261275434456,-0.008751839174460797,-0.008294590798727481,-0.005772934833177374,-0.009644781743793985,-0.006224143729972263,-0.004786892073018272,-0.002354519338913092,-0.008503795250894081,-0.010222880399997957,-0.007885319127445613,-0.008017179798813383,-0.00442357560044455,0.0032413664685246933,-0.005596219054426749,0.0055769080769483845,0.0028254618452705866,-0.000901540275717541,-0.00845004104037009,-0.014412472546866959,-0.008354265700926771,0.008375848845909743,-0.008642280132122362,-0.008466995690268299,-0.008542202144219573,-0.008440463593703684,-0.008585786492441773,-0.00895066124676262,-0.008637555399150993,-0.008178821204889537,-0.00828967210777669,-0.008415037313194016,-0.009421134131228045,-0.0011452910453364545,-0.017637623733079043,-0.010579947492346965,-0.003683614943315946,-0.001283975260178504,-0.003424491184341513,0.011474303904724936
2012-01-31,-0.003682923952284945,0.0033927805355220713,-0.014151242848965573,-0.024610735134350106,-0.0051636221113177646,-0.025010661633377243,-0.020599778639458194,-0.000324674119703526,-0.0029409331496975145,0.0001308770955461674,-0.007214795165232133,-0.006230925129156649,-0.02528386952356437,-0.02218148047649159,-0.02660465118628068,-0.002991029369313568,-0.001877859293716568,-0.002372079361349743,-0.008237336646793353,-0.024762511330808944,-0.028508275582077018,0.0020667911880927724,-0.011738951426326569,-0.03743857061837407,-0.0324389678382297,-0.02361865071874532,-0.032235342926867874,-0.010505551777317068,-0.03204709149806718,-0.0019743713058320155,-0.0036004763954417427,-0.004004468399776631,-0.003996836736208323,-0.004083259558845993,-0.004016436113768398,-0.003996409845058502,-0.00371200996317814,-0.003655070963922372,-0.003596589604032849,-0.008218684404102715,-0.0018922006428826093,0.0021206778254281205,0.0073833499632724175,-0.006352484491939527,-0.009225002373109036,-0.01180415310852475,-0.008989881230263296
2012-02-29,0.0012533342457264676,-0.004997599444063952,-0.004835542982423199,-0.00536100713429402,0.0010004101333377646,-0.01135001321408887,-0.004960375430582174,0.00011643133980818491,0.0004863031484807817,0.0013450206224163235,0.0008753286003933694,0.0007121216294709851,-0.0027157618926420095,-0.004083832705631912,-0.006314465559415836,0.0014756146787589497,0.0005664124035549015,0.0009732016370320679,-2.0270584765381267e-05,-0.005193398381097115,-0.007539558485699977,-0.002473589409369014,-0.0016944766343491811,-0.00748514242345892,-0.0029917220787692633,-0.0014294279108606357,-0.0004424335162374832,-0.0004589486012110943,-0.010020813603269263,0.0011875968580946877,0.0012258088050848492,0.001284964708160362,0.0014153673017982002,0.0013603688226188776,0.0015800537045852733,0.001753898432071402,0.001258543332427798,0.0012022329522963782,0.0012451580635598996,0.003855399944016238,0.0012920888278527122,0.0010897156828629914,0.0022735306138126567,-0.0015891201784123067,0.0007188677035202875,0.003876741397711413,-0.001684568576645372
2012-03-31,-0.005444081464245371,-0.0006256425685521133,-0.003231835019227681,-0.007411557359516016,-0.004070645213255539,0.017212635705105898,-0.0012994418583435166,-0.00827411127872662,-0.004789293851073234,-0.006797613494748738,-0.005895581891706142,-0.0056851338193713175,-0.006599201198641321,-0.008337063901673552,-0.004780661137313234,-0.005766096498886224,-0.005706669342381514,-0.005274254120081295,-0.0052920299670340554,-0.0063389552659128155,-0.0020331295386711566,-0.0018564820527514937,-0.0026412084665341402,-0.007044446226294268,-0.0024557182249721294,0.000955378871350317,0.006721999962487079,-0.01460772313404543,0.010230588852820733,-0.006297958933168752,-0.005392029296281722,-0.005513224201343753,-0.0053856173134850995,-0.005959844707335744,-0.0047239836078986535,-0.00547645987864754,-0.0055061947058060836,-0.005374766452176859,-0.00546056424905117,-0.002992451404694326,0.005883824528754016,-0.014851878594033342,-0.008837893628196848,-0.0021647637139665,-0.0030150912541806424,-8.423839949439163e-05,0.011121463749419613
2012-04-30,0.0020569078370572176,-0.003328064374814732,0.001356558492558531,0.009838551919176533,0.002377991300452308,0.010447301344212047,0.004650964912511721,0.0016374032109654432,0.0009383221363187109,0.0006235218774652757,0.0025247486906170816,0.003565390985904821,0.010072262236846314,0.0068291680828957944,0.011198367953996547,0.0007445676538022311,0.000747294741422566,0.002330514150304834,0.0030175428959268707,0.008909020109695447,0.012238228991692728,0.0004932319246631558,0.0034954768398085603,0.016299291921489312,0.010297178128084242,0.007863977307858334,-0.00253133658849326,-0.0023391829546031096,0.008825342082240928,0.0008045544789215539,0.0020686545423674527,0.0023316718985095775,0.002540407494952334,0.0020794757181498338,0.002730877703951917,0.0022451576089121674,0.002194770297304263,0.002002160193611229,0.0020425989965248393,0.005542563494138473,0.002782853797879677,-0.009299757880995822,-0.004155869508987576,0.002067950333584393,0.0012611201701996997,0.0019292017721787207,0.004093856489021614
2012-05-31,0.012916206342717038,0.005092147791081301,0.011235211609836131,0.01770571054437191,0.014492775530192034,0.03286853308437503,0.014225980704125691,0.013838478550899206,0.012108054858726208,0.009560391455743587,0.016322914591204014,0.013576738331585679,0.018649713008580093,0.015846125707853726,0.021123434782333323,0.011256878563726005,0.009853993499794017,0.013178783297881974,0.012728798813034235,0.019162188533584406,0.02829721008009787,0.00969346475299275,0.03608955348013787,0.038678898043299444,0.021178069257277637,0.012910813003226797,-0.00022124625725807642,0.011579645848186302,0.017357089700132455,0.008901147414101813,0.012910754146685105,0.013089742926586772,0.01296214941737784,0.012849925134960326,0.013318168205723057,0.012911708473926744,0.013003069362472024,0.012979239729517148,0.012973382248008605,0.013670497948124196,0.010158758491278152,-0.011446739926469858,0.0032214118049702766,0.014424435748341995,0.012946631108464382,0.017527726712454995,0.02044062011761987
2012-06-30,-0.005663563273289578,0.004174321624624167,-0.008036744944905121,-0.013364257480716204,-0.0038038335646328855,0.004279524644053015,-0.012359588532270274,-0.010988539336083554,-0.005611552866688024,-0.00574098138917324,-0.0025685525046076864,-0.005475952686586733,-0.013128127484138722,-0.012800258981093873,-0.012247817431340765,-0.005368601961507868,-0.004534132249791703,-0.0053170415692133915,-0.006476481450616183,-0.01276961160518224,-0.010561588495104532,0.0003850947263715291,-0.001093430744284903,-0.0056856605606467785,-0.010929818927482786,-0.016090249016275374,7.955059871581766e-05,-0.007371438889401218,-0.010347701463267965,-0.005429781286472204,-0.005652164159676047,-0.005659502803274721,-0.005743963219159252,-0.005816866745795895,-0.006056980213860696,-0.005699007927357391,-0.005589511227517263,-0.005623644218776699,-0.005600701052883145,-0.007816127422096837,-0.0013667117979442843,-0.009886542950688823,-0.007939343696752038,-0.002577310495944698,-0.0010364221059160335,-0.002326794780890579,0.005627168448918378
2012-07-31,0.0051133119075196945,0.0017313549060757637,0.002230382505522574,0.007141503680865385,0.005046440488517498,0.005708868461360105,0.004749956304446514,0.0063378700691746155,0.004687817857649528,0.0048357777897470615,0.004869225786575883,0.005099719044252193,0.0055281905428568425,0.006352667357451994,0.0072861839526399885,0.004632720817207596,0.0035082888603092223,0.005170264346502334,0.005700443491997128,0.00679757288298517,0.008599891059787647,0.0002667888491130841,0.021760662913247353,0.02715662197601209,0.016852412763126753,0.008418685998269698,-0.003547694051524071,0.007815033512842049,0.009118542261834868,0.004638855884622487,0.005128041361196958,0.0049741320148109875,0.0049644083921844976,0.005454198003629783,0.004669142433879198,0.0049935908120567855,0.005106676075499146,0.004979676817082987,0.00516290481931062,0.007581040297379518,0.0031019841005046067,-0.0028515509518971063,0.001337337970915605,0.004112368915804726,0.0038041035136704877,0.00470557544996084,0.003554470294633111
2012-08-31,-0.0036361810056164054,-0.0027610736160377835,-0.003633678088904196,-0.012380319255404997,-0.0029849468079803233,-0.014996500408212252,-0.010969640005001596,-0.0035891194212475295,-0.003880530951600717,-0.0036114722206511403,-0.002958079883203002,-0.006247906018785049,-0.012940081379678656,-0.009596434049733649,-0.01331151245560028,-0.0029744894824731438,-0.0018365767738688817,-0.0038512231352956653,-0.004600556761192166,-0.012374373635831918,-0.014247450679803774,0.0005480569036617887,-0.018185671952238993,-0.020302663192217945,-0.011127681264741757,-0.008451668760125697,-0.00030010216547121573,0.0029355341617479285,-0.013578930838135118,-0.002462245560864375,-0.0036485436215688153,-0.0035904227188987333,-0.0035748664002044272,-0.0038968654982293564,-0.0035233322771279904,-0.003248513145569196,-0.0036165694320515482,-0.0036514781227325486,-0.003658777507488482,-0.009046171520075136,-0.005863725345935613,0.004081547757735178,-0.002637793099951752,-0.0015832083601340975,0.0008615864932084265,0.0026684123604548415,-0.00402673054628193
2012-09-30,-0.002218705952547234,0.001953222187866389,-0.004838467282139543,-0.009332904463527305,-0.00038500766890244085,-0.0072671916710479656,-0.013120585539252324,-0.003650028766220064,-0.002470499643968046,-0.0015948444331527793,-0.0016251722835339628,-0.0030323044627191113,-0.008414438979816417,-0.008003551483019011,-0.009954545577841785,-0.0018197584129746988,-0.0008005267466155629,-0.002951427923582913,-0.0021149968338504644,-0.009767712156432998,-0.009849878998243418,0.00302106687341112,-0.018186430987825013,-0.014845430827998687,-0.012445266866325114,-0.011070963125944943,-0.0007808630724286296,-0.0030924797954444455,-0.010982694344980615,-0.0016633154554435488,-0.0022509057573014994,-0.002093329300506622,-0.0020715737126425467,-0.002284621076812402,-0.001881877759019583,-0.0021445575414919837,-0.002181015143082606,-0.00243044304480362,-0.0021309314897944693,-0.0062246002687379575,-0.0040841972264833255,0.001809134147570504,-0.003505386674615524,0.00035814964924076005,0.003516995511975897,-0.002248921495807096,-0.004247936572154255
2012-10-31,0.0020947948545432396,-0.0035820399496508375,-0.0029220383936415157,-0.006631218416726288,0.0032650763993317686,0.004343468167829452,-0.016010174992387556,0.0007993478179151429,0.0021784642584206076,0.00419982290044714,0.004447378086174903,-0.0007220953425735497,-0.011134061750070133,-0.004073549397925052,-0.008761380184497385,0.0009582112990941758,0.00044959192225890515,0.0023680822885239873,-0.0015338598038944261,-0.008553865375848343,-0.007367594501204872,-0.00012678256904061983,0.02464049974442858,0.017725078507470415,0.01414486695249325,0.001412704008272011,-0.022973703459988917,0.01801606425328785,-0.01831284286044958,0.002240940551394265,0.002059304830582754,0.0021144902394974047,0.002179599629997019,0.0020533155712962863,0.002350766732965825,0.0020198761762816294,0.0021157032196957425,0.002555571775981662,0.0019012876316904614,0.0021575284402801805,-0.001793847279701958,-0.007517374688991193,-0.008481958115196944,6.943205445641408e-05,0.0014637707365681692,-0.0025857965756400573,0.008099227011130139
2012-11-30,0.011783207584221475,0.010113997272599302,0.014828864102699492,0.011904265776505855,0.010090961770903373,0.012017905572407513,0.016311335533290675,0.012393308017329715,0.011881994987770508,0.011635170780384774,0.010699693779446596,0.013941838768834449,0.013534504083522777,0.012290109278732789,0.013936355896186319,0.01227587879672505,0.012221311969941643,0.01283504758101519,0.011662748706416261,0.014249454405745661,0.015232722873519988,0.007609180357538035,0.0182240709083823,0.019344355582088572,0.016029865047413324,0.016467396434872286,0.018834081560324737,0.007911538206887416,0.014246084216652792,0.011014161983705549,0.011877773446817959,0.011715013257486554,0.011941922292749804,0.011525760725806092,0.011574338693545967,0.011730226934996325,0.011787253962426945,0.011454833904720787,0.011808411425342722,0.010463846714785457,0.016094503482384774,0.011935453108128831,0.015219525496994004,0.009760571643348433,0.004624265542009365,-0.0035557060951893773,0.013291290716926718
2012-12-31,0.0009670718651156239,-0.0001730551146726084,-0.007698016709093902,-0.02227244384588132,0.002914351213884907,-0.007077561403903759,-0.021018008804885118,0.0007876597378502618,0.0012381265713150447,0.0009602362144930212,0.0020303705926567523,-0.0026792774125632543,-0.022887382763654332,-0.01834393010757906,-0.021875719255813206,0.001212611518598967,0.0014631470477326327,-0.0006067536280984157,-0.0009030566280432223,-0.02098328840958,-0.019938088093882672,0.001650080024929529,0.010115141109820735,0.0006155705197545512,-0.001766021898401849,-0.004695846754489875,-0.005697554839500202,0.005375815070918543,-0.02526216282242323,0.000606688778145592,0.0008917351276874804,0.0009414545978877679,0.0008577552098485483,0.0009421240766157137,0.0004712898590930391,0.0009188564227991879,0.0008840764836803717,0.0009927015157939001,0.0009922639102634642,-0.0017355900240925471,-0.000508560845316165,0.0031416335680878407,-0.0006392538755134543,0.003636773392023829,0.005304676904984947,-0.0018786744968461145,0.008110055116646631
2013-01-31,0.0022834560777971534,0.0014121384904965096,-0.0014019309446699473,-0.009385155288018893,0.002621146416142692,-0.0005906169993392139,-0.007463028684657713,0.0026125064269410035,0.0027034950563327694,0.003534173350147426,0.0005063858088950516,0.0016541022347548759,-0.009806011713518536,-0.007338672805957719,-0.00851272941415904,0.00215960051510936,0.002167699237272844,0.0012719851357245225,0.002058358825830893,-0.008072497085309561,-0.006714596309406698,-0.00010191084346622875,0.004362934850815457,0.000893499029816093,0.004059713616578553,0.0017434944684578918,0.007296870260018129,0.002548834485976081,-0.007503524103460546,0.0025869618742994155,0.002320266598596679,0.002249053376214816,0.002252362022687538,0.0022239153978697913,0.0020787983145279564,0.002255387647594847,0.002256199237304719,0.001936768934718368,0.0023199052049392393,0.006200721558490683,0.004550918648482363,0.001645372653756797,0.002457478152552555,0.0027030605118069013,0.0023602825985667027,-0.0014943182852999602,0.006868157554636354
2013-02-28,0.009003160739927612,0.007446987045527066,0.011144519897719907,0.015915157669965704,0.007739383240905053,0.016286952203406868,0.01628090660589145,0.008162800478252715,0.008333690633175166,0.008854237837342556,0.008603070793130501,0.011560895484426998,0.014616522092290028,0.014219317580627519,0.015221787220838494,0.009284976341395775,0.008548284602387764,0.010339768295927863,0.008691670250966673,0.015370265354606097,0.01659784960799587,0.005879976940453327,0.028951986732642807,0.018876550974654058,0.016454838013743884,0.017084009038931938,0.01074231109957156,0.010486956171127375,0.016180406420352275,0.008157709258912802,0.009075644938132293,0.009022759344955309,0.00915319046494575,0.008886166077682577,0.008931732479601731,0.008872513295943494,0.00914108568782017,0.009328888283569406,0.009028001425029783,0.009816806158474764,0.013927787397315601,0.008154492601780439,0.009812894641746043,0.006341251515779474,0.004014155523436236,0.006299117058766775,0.016274499937774925
2013-03-31,0.004985806225022317,0.0035006926087006295,0.003779961495375853,0.0029328805582729,0.005082895217876322,0.004196323131355647,0.0026263323010213236,0.004805503742898605,0.004718568895640791,0.004208710421755805,0.004767609179752279,0.006348198416139441,0.002654496005697822,0.0035511160186097106,0.0030787953160261007,0.004967062022575295,0.004661897044062538,0.004880915503567038,0.0046209470386948375,0.003156793794092066,0.003089914372948298,0.003680438843070724,0.022237022868397384,0.012613168238926269,0.009773341097502764,0.007804983069733673,0.003856654458745264,0.003881399755619127,0.005330580596211138,0.004547023461752926,0.005101402364239809,0.005090368947346859,0.005196675516810993,0.004763641650167713,0.004648260116300823,0.004904734582278887,0.005017246733176654,0.0050555135442969055,0.00501359749105104,0.006603821053811624,0.005916227544034305,0.0055968922736964076,0.006454566454456139,0.004766747016739608,0.00534623522163027,0.003091589140140552,0.007547481342372783
2013-04-30,0.010986027487939148,0.005758714875910647,0.010484110861585943,0.012078772692972839,0.010606336829371529,0.006040176913280163,0.012977152995841835,0.010944434091884269,0.010414600853903265,0.01074309094823923,0.010829297046269894,0.010981006033919284,0.011195569903960432,0.011380367023946136,0.0116307393023227,0.011002101305995512,0.01036704321608364,0.011306253111684686,0.010950544793472197,0.01198555598553387,0.011987908770185502,0.009390394686285037,0.017918599197936754,0.015361439275263683,0.01567990066532613,0.0163486174211294,0.005644822754999354,0.012942512580617984,0.011318913399858771,0.010695977665179195,0.01100773253236718,0.011000749936940845,0.011043252338574288,0.010879054089609234,0.011203806937476787,0.011061451876682171,0.010963043942031894,0.010661537967709373,0.01095039164067541,0.013490714283024919,0.011139718430446333,0.010286607317593234,0.010911375080491104,0.009976893650200862,0.008595709557938772,0.00933504673205874,0.015364682107208342
2013-05-31,0.0037997241169357323,0.008120587100276822,-0.003237183797743719,-0.01851555115371381,0.005041137942003494,-0.006315732104787419,-0.013274362340558872,0.003981713612297659,0.00464010008768759,0.004190132162369894,0.004127163046868309,0.0019638663217985534,-0.017268333272162366,-0.012970928998687343,-0.01567073854340933,0.0038439409761509002,0.004126166709375613,0.0021004110275247264,0.0035843333520627764,-0.015878042569622823,-0.015070974197642422,0.003385594024098891,-0.010562343554234225,3.462275255008366e-05,0.007803950774480853,0.009084290911069624,0.0174404698119653,0.0014008324569603154,-0.012720010159842038,0.005107059445465718,0.0037735215417111045,0.003674832923625536,0.0038893338039997474,0.0032208079377100715,0.0031066585802299114,0.003562457773958002,0.003995429235440887,0.003449931819035541,0.003843356054120382,-0.0006135995228617214,0.007624114597054512,0.003541241042315885,0.007268774767070268,0.005864489652021795,0.006345225262183876,-0.003088597180254266,0.0022455550941560837
2013-06-30,0.0008437887674058603,0.003333867999116473,0.0010697192131452872,0.006395589621683163,0.0008271185699903135,0.009655222444805772,0.005453560155050472,0.0004865974505467005,0.0006495155077115279,0.0018472387400169609,0.000493399334116416,0.0028296005686251993,0.005641305947041487,0.005123018739736404,0.0059232783327593614,0.00107462506598571,0.0013699320595031363,0.0015340543337900338,0.0004217626431379367,0.00618156667483878,0.005384179059247695,0.003443634297768691,-0.008775521571353247,-0.004025358415968763,-0.001236157591093943,-0.0014653949643990312,0.00385097390053804,-0.0016528259463720588,0.006376158778308194,0.0013219515952943369,0.0008544352292085841,0.0008790700385373187,0.0008923884644986811,0.0007724207467400469,0.0006745637171103004,0.000748335219002603,0.0007984255200218914,0.0012920704527074826,0.0009248885756395617,-0.0011397010823330142,0.0027977393756647736,0.0002524869079902416,-0.0015433098975348768,0.00022023708065357006,-0.0003350484465778073,0.0027237606573099643,0.02362516203003622
2013-07-31,0.0007970523877368921,0.002495264524454787,-0.003646743470928942,-0.011227604844330556,0.0013763447621074941,-0.002109952268251693,-0.008149338888256115,0.0003530813287488834,0.000581018157022171,0.00037017748349179095,0.0009422161889600705,0.001622520763738827,-0.00978386544884288,-0.009320823995840888,-0.00992375198186999,0.0006922662909748696,0.000981772116910482,0.00043889380959933255,0.0012786942224047998,-0.010164710896283492,-0.009184633134590881,-0.0017234761266833173,0.0062130451876709555,-0.0008615078413069609,0.005836357156817598,0.006649359072096388,0.010288998900622407,-0.0016020742427606239,-0.0016986563773722257,0.0006586136335981572,0.000881733208483178,0.0007712388193898104,0.0007148729594660707,0.0007034796201811157,0.0004594286458048807,0.0006001525856477027,0.0006743904690406023,0.0009718574239728971,0.000871771279550999,-0.0013862631093032516,0.0038566514278908803,-0.0024134380613863617,0.0012428391733631957,0.0012748986518433907,0.0014110044668383154,-0.006442510349645913,0.006713231133221652
2013-08-31,-0.006622366243451172,-0.007266569897613629,-0.007898678610613146,-0.008250195412532524,-0.005922483135350178,-0.013028094780770931,-0.006261329707476712,-0.0058365270478201526,-0.005939813005561532,-0.006637534541669576,-0.008095235233234938,-0.006680222564905006,-0.006135230793375306,-0.008301679245975926,-0.007734777636841367,-0.006927271147472164,-0.006516724782522187,-0.006072006900189474,-0.00719470238055019,-0.00824292145898542,-0.007737228105182321,-0.006868167807068291,-0.01663079962506567,-0.005958003114049249,-0.009804829768484274,-0.010328132886551523,-0.020836431722439548,-0.006476031177058726,-0.005406752606375938,-0.006787958814001819,-0.006622052120123322,-0.006612675751706985,-0.006649889777946612,-0.006474460425152193,-0.006694768166448037,-0.006565232036497469,-0.006440218290319384,-0.006810628187483949,-0.006638173494357566,-0.009693831620559234,-0.006887745387711879,-0.008772108344142193,-0.007115022981856986,-0.005265312680864201,-0.0022899520375883,-0.008440346803645847,-0.003285792477637269
2013-09-30,0.008971357367135566,6.575756536232349e-05,0.005721040102563208,0.0025094198478070612,0.009121431563424001,-0.0016599782196946953,0.007103930620080571,0.010610114743695939,0.008381630095573155,0.007989474698215602,0.008739851648988032,0.008526254142103083,0.006998685648723223,0.0033400269455962613,0.004151555683369567,0.008322096682955618,0.008172590928276213,0.008797403103707508,0.006855152921929516,0.003931415842353796,0.004111961892152009,0.0006669068815064494,0.004297522078417618,0.009722335695218081,0.013694506853709732,0.010642943825483036,0.00572529407973122,0.019203284577957475,0.011677051753619884,0.008485318694188344,0.00897794802941944,0.008905665850802075,0.008900606467568743,0.009008929093973278,0.009201171264641468,0.008900123795778264,0.009026326217504052,0.009249157690984089,0.009005818218457981,0.010320205420478639,0.009929297155004256,0.0037586252614057723,0.008123203186121895,0.006100382476108316,0.008398218061952418,0.0053467919278456216,0.004453206657977354
2013-10-31,0.0028365032456429792,0.010484049019530579,0.01644339284820928,0.019098730994640618,-0.0002496791247217954,0.01664668908063328,0.01824363698270413,0.002018421419310796,0.002187287637115696,0.0020059350570594365,0.00037189626879515294,0.006295719002065918,0.014694178181978705,0.017987802528357962,0.017104299789243844,0.003536075485442806,0.0038001795394597285,0.002647604994681163,0.003624524441803444,0.017203153401676365,0.018430648889574675,0.004527658587144881,0.04819357732488257,0.021266063801149104,0.011518822258608358,0.013405539509306032,0.02015644588005358,0.0012943134285988294,0.011785897970022462,0.002481589963917657,0.002870575997327344,0.0029121307798555276,0.002973167615690275,0.0025576006520864796,0.0026307415873602687,0.0028788833844344375,0.002733086017894943,0.003060382319672577,0.0027234962876969415,-0.005218933445245009,0.008994518849299858,0.01628239304366925,0.008976088610775047,0.0002007299575231037,-0.004868169586499375,-0.002387999229722083,0.016317655829699105
2013-11-30,0.009857981077074104,0.006932146796628112,0.00774144525746188,0.0044943389361952624,0.009184127305788277,0.007736027357914614,0.005614906031533795,0.013474754297758225,0.009314034873644484,0.009309461851128905,0.010554285818074615,0.01230855460817254,0.0036116202825234394,0.005344528458130413,0.004846047918060883,0.009871962652035828,0.009556051105152643,0.009550738218759246,0.010385398953279576,0.005328704137333405,0.0066777173412539866,0.005783816717579101,0.030977367821511156,0.022746211151123116,0.012281821484330723,0.014601634716524878,0.01846964108576154,0.010663406579131977,0.004777149857010346,0.009388355329657419,0.009932595270691734,0.009873682183377355,0.009829585819813563,0.009286251810712695,0.009562898052362765,0.009829118616625502,0.010024354741952925,0.010019538753546463,0.009831440284794317,0.009555638604475147,0.011845420456747498,0.008357669599766051,0.011361827846991959,0.00843560244425343,0.005761883697297449,0.003715400442182098,0.0057851451847484555
2013-12-31,0.003552872509893101,0.0010815215890352297,-0.0017539742320816858,-0.005824884626832657,0.003620968253071464,-0.004277409068136551,-0.004208697346860862,0.0030547961067900046,0.0038979857044771265,0.004464964134132725,0.003937286667752619,0.0015441995588907004,-0.0042715661185865235,-0.00531615254173492,-0.005363832666625027,0.00345684390178866,0.0038561240810264944,0.00351841103272934,0.003825883847093509,-0.005256483128807986,-0.004933226578143943,0.0031807696028385945,-0.0076396459940402985,0.0005787676684852013,0.00280150635045367,0.0028393165360559697,0.0032596646477111406,0.006254798817799198,-0.0019344300480889469,0.0036209227713652706,0.003574170174711195,0.003555916096226234,0.003488715453056627,0.0034328867286328108,0.003766707514534631,0.0033980586299677045,0.0035450332779045214,0.0033207353238328503,0.00361700751148135,0.005909732310963557,0.0043196628110589675,-0.003305226795212727,0.002662876571570542,0.0035182969446394636,-0.0005296720326417395,-0.0009886859968008862,0.0011477743888320146
2014-01-31,-0.005803319743083417,-0.008354879568260972,-0.02194781616236838,-0.025311316457841314,-0.0033827724152257154,-0.01379089654032265,-0.02358386566377346,-0.007913656894350606,-0.005471339596983695,-0.0052448696728251715,-0.0029729180319266087,-0.01057294571195709,-0.02032512117002391,-0.024590616511168357,-0.02422471869421781,-0.006323770477386225,-0.005341354080052093,-0.005762010042335614,-0.005155172316513784,-0.024453852499950315,-0.02569248813114938,-0.004197130164217034,-0.03550436048810634,-0.018616844108719326,-0.007479193963124314,-0.011151411430878425,-0.013409650304369448,-0.006083338406488048,-0.009731329495422845,-0.005739642193833366,-0.005682209705773481,-0.005878249850360653,-0.005991818307589593,-0.005229392228327368,-0.005945981944641728,-0.0062602852067454124,-0.0058141360493331766,-0.00604026736225855,-0.005849557680863873,-0.0038568335559112325,-0.006237610935112163,-0.02635743064483242,-0.013332043408136506,-0.0037654603650873397,-0.0010747378333466067,0.003876658618672755,-0.012356262706404959
2014-02-28,0.012417878057829434,0.0042869911066399586,0.00838944311520149,0.008298764421796827,0.012031221740594275,-0.007985971521508902,0.008181090067134291,0.013957216290164255,0.012219351253155134,0.012263586685881686,0.01297243928323343,0.011252763082312406,0.010093873769759157,0.011179629209441726,0.008703786382258239,0.011654193942009158,0.011510158564232972,0.01214358098049039,0.011151629994841757,0.009650732403124607,0.010042931133088002,0.0075681618030289406,-0.006340125750264214,0.00671363125346561,0.009010198997479471,0.0074729828376358136,0.004794200591643253,0.010819597634201839,0.007412941978887858,0.01250037480428973,0.012509352078986817,0.012376889461461964,0.012488965052435064,0.012577350758273565,0.012268916290336732,0.012487072310715896,0.012424765853202334,0.012536168773092372,0.012396520163635677,0.015463839442527768,0.009462157298866139,0.010937858486927517,0.011969807266865081,0.009500158119624813,0.006469498110936811,0.005415490630901515,-0.0024571399854193287
2014-03-31,0.004829476047658619,0.018290039850131175,0.012989117886905318,0.003964227140921837,0.004306617416912057,0.02957361145584769,0.0017064539290416617,0.006280557949751094,0.004615465564735784,0.005908383038654952,0.004073617845410613,0.007356720702798098,0.000177257049715786,0.0021663204968285594,0.0036211116158204842,0.00697734451095286,0.007148311937237765,0.005606037459748269,0.006467172841352169,0.002473161214996885,0.0041709156674177884,0.011533205598928791,0.04498279396690227,0.020443389374911965,-0.0038501064849076863,0.00935537573670624,0.0122422925793304,-0.0010579496204600712,-0.004614091779973163,0.005191425128371555,0.00486168314793553,0.004893336448805091,0.004878174265971958,0.004888849137429071,0.00413692012307976,0.0037238417106713667,0.004873524216098492,0.004690119252695178,0.005144477377425977,-0.019160202022474922,0.0062748852658253374,0.005250106467487515,0.009912221340056166,0.00828429391994442,0.004795346466363818,0.00561806017663384,0.01573376512902837
2014-04-30,0.004509747250025541,0.008946429629969556,0.015694238924931554,0.017790077931142005,0.0025219035537141165,0.016490591505477308,0.01793380335756468,0.005224372404699615,0.0037772786389484673,0.004886096421794523,0.0024615774399770404,0.009455120137405053,0.011800476020764996,0.01517344819044432,0.018344544252576322,0.005524081141821672,0.005870369155438031,0.005032298656549906,0.0037754624625783795,0.016702282844822686,0.017524538137208664,0.00142546313843229,0.02367607089406703,0.023357798096243776,0.010776916841138235,0.006923235017416242,0.0068045406421741485,0.006626567638981977,0.0002534524142570472,0.005095135467036828,0.004435946729969538,0.0045389737889215175,0.004506065781996907,0.004810757458548711,0.004274483227114807,0.004201355007128013,0.004573165988271287,0.0036346589647255484,0.0045672781085868515,0.0024931438319570755,0.0003533718450516022,0.016229343320387182,0.011551675953327603,0.0022025803317468795,0.0004964064832775463,0.0032354890717260377,0.013860714930273637
2014-05-31,0.008445831108401908,0.006133317723656154,0.012517520486894055,0.014486468010949985,0.007203296084549123,0.0020496000367613734,0.0174847751669159,0.009563547571495844,0.008721791829021362,0.008301305210664944,0.006913837586551673,0.008898635877666147,0.014709693672536784,0.0138940574307033,0.013808167199217337,0.008033371853931366,0.008632226654213402,0.008803261956749795,0.008284205706601148,0.013992923364850758,0.013205264979525465,0.007427050679693651,0.011256334427028808,0.016418922694055278,0.015407815669633685,0.012090118785981287,0.00397541735275536,0.010650438625836716,0.015778239294820584,0.008389219620056405,0.008418843456537305,0.008428550314550204,0.008562362027028907,0.00829541329124057,0.008124475001530067,0.008306425351429834,0.008424673331690512,0.008368721959941053,0.008438693193705582,0.008346974266135768,0.009907993196927672,0.00828661846522322,0.010478823587682056,0.0074001977650053905,0.0038300450324231404,0.0050321734977181376,0.007815366735391424
2014-06-30,-0.011760112320822365,-0.0074026703419288195,-0.027504782107176655,-0.03876247219877308,-0.009165738280931653,-0.021634893028602383,-0.04315462783203521,-0.015196523016124633,-0.01105356498455181,-0.011684467865691956,-0.009207222186185644,-0.01673045366129966,-0.0345845011665615,-0.03569749929569373,-0.03869150125250323,-0.01146861727025814,-0.011378162442353509,-0.012101443646993606,-0.011411087995462331,-0.037644214504250886,-0.03727713203706005,-0.005089297250869914,-0.03282778208636741,-0.029925856524510443,-0.021679430950065227,-0.019348159572913103,-0.008751131784312685,-0.01591987401191382,-0.027706581372802123,-0.011738110862886706,-0.011503483821763298,-0.011736145917895102,-0.011876936597196372,-0.011457736460887253,-0.011377901376793708,-0.011948665570295301,-0.01167287967383148,-0.012297850084751686,-0.011786188351359334,-0.008707924674375393,-0.013256366429547533,-0.02397359913707218,-0.021341075092765976,-0.009028139326117025,-0.007294213974424742,-0.005142963275633183,-0.009984066094906865
2014-07-31,0.006102897712071866,0.009513377037491992,0.011612703014335526,0.017788792145068944,0.005459384908043544,0.013755393759662539,0.021972982055861585,0.0059249780556273205,0.006596172143140425,0.006170893014332825,0.006439290244435791,0.006871264219152115,0.015418657124579212,0.016267347301413538,0.017776626176752842,0.006673407828167303,0.006156527726248704,0.006112158824858069,0.006089675527457847,0.016966490034332225,0.017629812466661433,0.004263276635189446,0.021814227597664788,0.01975711974225376,0.01650183613770391,0.013163113121612363,0.015413583844282252,0.0069259675395613035,0.014985630858254486,0.005736376508736059,0.006053824434113535,0.006101416654882859,0.00611630026100602,0.00589067476839881,0.006113645336513798,0.006005183326832689,0.006076874709175669,0.005906434248031738,0.006050421553325492,0.0030760539965526013,0.010679451445925147,0.00938915168078599,0.00958182908837774,0.005585490106468476,0.006409908309010496,0.008587737380347439,0.010756672813113403
2014-08-31,-0.0004533526310396455,-0.0013727303595931538,0.0003907831364518879,0.0014067438828906196,-0.0006772359376758061,-0.0064316027348312495,0.0020879564743478676,-4.3358992452163325e-05,-0.00024451058289495027,-0.0009578628429220068,-0.0005343654678727186,-0.0008005205107220654,0.002215569463688056,0.0014723669481171643,0.00143880924042304,-0.0007456221664621273,-0.00031257564140777416,-0.0002660012513504867,-0.0005389343133264148,0.0019298263174277728,-0.00022911777059587632,-0.00040312154150987193,-0.013827381811384156,-0.00409385330172177,-0.0014087923658548265,-0.0018520749514852513,-0.007356417697011687,-0.0008661469761987486,-0.0005493769255516044,-0.0003808504194628634,-0.0005166107816064131,-0.00040950429062569017,-0.0004111073609993121,-0.0004527202302699773,-0.0004018448025342932,-8.811537249535774e-05,-0.00045069988621984245,-0.0005572572617499618,-0.0005511448789423188,-0.0010051512502234929,-0.0004362250194834131,0.0008044559178048812,0.0002954715435341802,-0.0006408221720370341,0.0006545442298253645,-0.002017436641900402,0.008705709700165863
2014-09-30,0.004915206820584028,0.006770159682659006,0.014491104840494304,0.023826761361607,0.0035138914311507448,0.016023241346244582,0.025362634551675724,0.006057390887086025,0.0048164191374121985,0.004836633133824257,0.004701659444477842,0.006888455819892864,0.021757493231447694,0.020499030528702448,0.022402468366620795,0.004997928185077195,0.005370943030398466,0.00512803268356571,0.00446840014678882,0.021691034006324435,0.02267753957668104,0.0037324807746161297,0.014003478400864985,0.018354938167310313,0.01593370367183265,0.01547678392604872,0.018787469976804493,0.003429006689661512,0.022002341034033812,0.004229026592913604,0.004787674086990908,0.0049100479931041205,0.004991099209464715,0.0046035568374197975,0.005269768696051939,0.00483717953078355,0.004887216411517794,0.004381885848642362,0.0047942158676786565,-0.0002236707109377543,0.013027411634376184,0.005460268254719557,0.009067390569765013,0.005020297393293993,0.00044622178236912593,-0.0015214014915196433,0.009682950209472733
2014-10-31,0.0034270002551867297,0.0030402950681788915,0.009191320432648331,0.019847706780305733,0.0029531858637577495,0.010843693169741573,0.018391840072085264,0.0054561043368345635,0.0031678222863187728,0.0026077114213749874,0.00303468344474158,0.01091566974757823,0.017169276300029953,0.017621866901097953,0.019367232463960573,0.0033911715207829247,0.0035829177240589323,0.003130556897071483,0.004203132911214059,0.018867710241137543,0.0185005203958301,0.0018414100558374789,0.018487152352226126,0.01882041658877705,0.009176340186325967,0.009687583038189774,0.016324359520660532,-0.0034284679802007705,0.005254612356410354,0.0030024041080312916,0.003181869998921819,0.003442415396858373,0.003394027341999802,0.0029570970746136023,0.003606664678290221,0.0030093558920938433,0.003349281069158364,0.0020470533835496023,0.0033079190900794945,0.0005165357071589805,0.006748019909613733,0.005379204459372242,0.006415553954434884,0.0037456118337211033,0.0026347468208676346,0.01055757660972101,0.01494975624379087
2014-11-30,0.02617882335287788,0.022241585210135938,0.043139733277215604,0.05801323042801422,0.021432632960053214,0.029151713408044632,0.055812172453267056,0.027676806962374133,0.026418511398212587,0.025361637733635096,0.026631178142020265,0.031366067970099575,0.05811157501259482,0.055323711250452226,0.05771096194864584,0.02548122062951456,0.025285152460485658,0.02486994332482394,0.02562333389513675,0.057341292920935094,0.05572659107180506,0.014867706373113583,0.02780198770056949,0.02029336664685907,0.030034803687963515,0.029771759367959887,0.04178970506595048,0.03039903286809571,0.042073290474238995,0.025780017149952827,0.02624851906189232,0.026112297163742495,0.02630658900318877,0.025982684695600253,0.026916934798403583,0.025637652150574085,0.02614738004251269,0.027797142369561045,0.026586348002878502,0.021929435655620035,0.029162742798312734,0.037018512147046295,0.035605156989395745,0.01724830881519252,0.009691991247917304,0.012779851466156593,0.02138012640484372
2014-12-31,-0.0038966279312989275,0.0007342569737470418,-0.0015965511717536134,0.002724688978383835,-0.004567946257872039,0.006984068003734708,-0.00032051071874267636,-0.00481867819939027,-0.0038657565528548263,-0.0033130752357725447,-0.003207484281815411,0.0012789515479335826,0.0018078529857633275,0.0018057951416308048,0.003002014355247469,-0.0037706380322660832,-0.003924412924010152,-0.0038722326542402993,-0.003970956915058139,0.0027740085195961726,0.0018217121721321086,-0.001885730168207386,-0.005407610394938941,0.0034148025742608526,0.005171921309643259,0.0006661277711465214,0.010280000456907797,-0.006189847526602351,0.002502971483945811,-0.0035624062061840687,-0.0040734696279354716,-0.003906157793404528,-0.003967965019262054,-0.0037874696093982236,-0.004361749730669427,-0.004059301173409999,-0.0038413837469445577,-0.004216220330733222,-0.003869396292724843,-0.004205569814273376,0.0005878439162172944,-0.001954467199333003,-0.003428963193031358,-0.004085310850772373,-0.004903306131449343,-0.0029862231096625795,0.0064607785505901415
2015-01-31,0.0019844908386596255,0.005105387564535954,0.012732736931524437,0.020436144350060064,-0.00011958248902732766,0.0033859861141945996,0.018759749138715788,0.001860998864463578,0.00218192897097218,0.0014963243784815495,0.0007504276257205988,0.0063776662295588005,0.022795227833316306,0.022133120421089357,0.020604868510859194,0.0008529514574732225,0.0027476875312159583,0.0016523833769176055,0.0006382391552041787,0.02118528893357567,0.019640987907994827,-0.0013189642789620374,-0.0026308192877616404,0.012779397380984062,0.018085599571880318,0.011537733552817911,0.00793781297997605,0.002903207472661622,0.02849746048553733,0.0015060752537062148,0.002418648398305616,0.001915683777492613,0.002031556877890013,0.0023123028865383918,0.002747770232563911,0.0018484933255720323,0.0016819765706527806,0.0003515954784505418,0.0019187280081906853,0.004573482808820894,0.00632526332357196,0.009721539741793093,0.007652526498854093,-4.7844147516121264e-05,0.001566472077735661,0.008221627063599272,0.017695201167772557
2015-02-28,0.0025613132602529606,-0.0005373858134573178,-0.007181829565208341,-0.01153958434810346,0.003561402260301912,-0.0169068324067031,-0.010451111117999595,0.00560383335559422,0.0024506627218121415,0.0033311953526854185,0.001922783625122161,-0.0006042107554033947,-0.012924564491862685,-0.010274009596250628,-0.011074405031308628,0.0023448126153057247,0.0026317100528139457,0.0031670450156733427,0.0024942317190039666,-0.010487946526804457,-0.011297201829659303,0.004141332092212608,0.0005969134115315503,-0.005742011398681104,-0.009870822958232993,-0.007695581119054506,-0.018902379052021776,-0.0030714957206788894,-0.017756191939687308,0.0031743483040650913,0.002283798687102736,0.0025732654710143464,0.002582117628790368,0.0022986331763045933,0.0025007457679032193,0.0022437628863300114,0.003144350808272604,0.0027395266420486277,0.0026080805573383916,0.004998226886240292,-0.0020139950062050484,-1.1926526433753896e-05,-0.003451499655485684,0.0032049024021770264,0.0022456221431764777,-0.0001384290938032674,-0.006149664508443516
2015-03-31,-0.0013021630811272222,-0.005750323563680675,0.000482513078816437,0.009924360134958815,-0.0007757960672343854,-0.0028714302679914098,0.008788536724922634,0.0013972358711317463,-0.001380710752387198,-0.00011014864847827961,-0.0032923162695936425,0.00040400841791403007,0.009558076407245972,0.009147194924197279,0.009838918232024492,-0.0019654486966871475,-0.000938774932403724,-0.0016742679488496316,-0.001852989055449032,0.0100558498901977,0.007971120680812316,-0.0021398900445818406,-0.01667078815388022,-0.0006075256426625042,-0.002550088914964305,-0.0006322241558623031,-0.01840461919843041,0.0016178389457158142,0.006543249943305546,-0.0009030401001541433,-0.0011546066082452227,-0.0014225882488299022,-0.0013253006386294839,-0.0015974093499862428,-0.0011661015844756971,-0.000713368823127786,-0.0011876104488744298,-0.0011189045938581111,-0.0013647928859743146,-0.0017912277138010379,0.003453978253230567,0.0017342215083983928,-0.0006831001635089415,-0.0001669880507439802,0.0036934356470923503,-0.0057357067955868925,0.0017211201891672166
2015-04-30,-0.013098441947233187,-0.002672360688079709,-0.024252869905515673,-0.03973131281327315,-0.01092640078383865,-0.005892475738383698,-0.037253628935043616,-0.016559195250366813,-0.012118537260572751,-0.013366554450648582,-0.015987923517686034,-0.012527498644235194,-0.03791306967456306,-0.0403106688657482,-0.04020504464843091,-0.012530078522301561,-0.011779844714822105,-0.01206116707234327,-0.009110799669418088,-0.04071903114473856,-0.03955052310529161,-0.006046489356247776,0.0003675559662029079,-0.01876825330006491,-0.020195890924724024,-0.01592148424562286,0.00046135975546448453,-0.03484006949687675,-0.03756645690852483,-0.013174232225235363,-0.0134575349810165,-0.012950761373202275,-0.012959015646205193,-0.012853165081559228,-0.013337282691037379,-0.013027857838583758,-0.013172064414230035,-0.014163935598387576,-0.01290249105577581,-0.009692354437452295,-0.017280677476574913,-0.03316293563758735,-0.021331337473667077,-0.01023959633870253,-0.003802632342176861,-0.0029387793540142366,-0.006840193185924794
2015-05-31,-0.001071649093622526,-0.0022347433720782905,0.0038182117779722038,0.018174493280446503,-0.0025688357415620255,0.002810608416823376,0.014008561503611745,7.773648404383898e-05,-0.0014195364151849792,-0.0014960109081942974,0.00029949912743205753,-0.0015034390822132677,0.016451296019059595,0.01742048069207659,0.017432430978918133,-0.0008772874063385972,-0.0007063152165854789,-0.0012326923504621399,-0.002909125009561456,0.0182132660676513,0.014888025216754676,-0.0026087032814083463,0.01096535950264882,0.0005690844962404143,-0.005091079505238577,-0.003260594417119467,-0.014082944413590136,0.014114787621682954,0.014804176730271639,-0.001625457274030983,-0.0007999843880950205,-0.0010651815554026892,-0.0010949908254610386,-0.0013571362805466372,-0.0007294402649291168,-0.0013858953866947347,-0.000900772262387969,-8.207271833419582e-06,-0.0011267875082314176,-0.0011937402571967268,0.009581611283026857,0.010790633229702234,0.0028369261314114998,-0.004145296907057196,-0.0025955843359823524,0.006178493069054683,-1.7086978251927847e-05
2015-06-30,-0.004803754751682888,-0.008030626491538817,-0.0018682540144432987,0.010307851608356317,-0.0037208554184456327,-0.002148318606264313,0.009993024517066242,-0.0029565914596033594,-0.005696008976083753,-0.004861034964746934,-0.005260888819338614,-0.004135413889271177,0.008699718529126335,0.009498399313378113,0.01014032197508111,-0.004842429827272349,-0.005269296713220794,-0.005246541169387465,-0.005211420385848335,0.010226434203129377,0.007839759582313628,-0.003822647097790876,0.004255778637090413,-0.007509538392589103,-0.017806556997165202,-0.011503421298086645,-0.012100829184006977,-0.005924646411137792,0.004354502960767658,-0.005615997084165384,-0.00462865476346715,-0.004784077919033026,-0.004789257270410039,-0.0050876509772280025,-0.004736903769370768,-0.0044719599826709144,-0.004802760065356408,-0.0037130177653921423,-0.004829364436890381,-0.002687048410804517,-0.001264369081003282,0.0035607084319775936,-0.0024607257245265256,-0.003765970688452454,0.001061396041366681,-0.0014064659659221495,0.0016894161037594745
2015-07-31,0.020713171681388403,0.007811234521162193,0.049021130792503864,0.06051480613610009,0.016447133323197777,0.019172684233036644,0.05654730493658798,0.022597634507297154,0.019069701166288266,0.01998227666704499,0.022049136787551032,0.02693922323670046,0.059159687636152085,0.06019527713389676,0.06036952060141023,0.019526455230218842,0.020835603081183842,0.020680646988165692,0.020521288528154366,0.0602811713317217,0.062093426689430097,0.01216666227942319,0.07639814507213105,0.056122741943690116,0.03926472594318942,0.030898586203884536,0.031160654131196598,0.02337723165651358,0.05934153224713468,0.018201032196286198,0.02091951289373962,0.020751795075053668,0.020655214886836845,0.020151854230210566,0.02098740152294869,0.020687621506295967,0.020515652878681352,0.020495633203701975,0.02080214784355706,0.0160465473204589,0.03257773305303168,0.04947394743985888,0.03455530968688448,0.019577569645004463,0.009635964676399973,0.020401801689600145,0.017299963565385188
2015-08-31,2.700146096047489e-06,0.0015642337555615861,0.005092497801548405,0.00019977333147932016,-0.0002680145518649072,0.010944753485470585,0.000825527938677111,0.0003188075646201975,-0.00041740630825934464,0.0002100579179356113,-0.0002581468128090575,0.0014064717596583129,0.0018933586589707815,-0.00044217771557033387,0.00022476015740302742,-0.0005786120222760027,0.0008612033117981288,0.00018262905540586532,0.0015618822630185413,-0.00039222026986438245,0.0001814457555079287,0.0021157309592094507,-0.0007910691832222847,0.0033787567447827165,0.007862170451941038,0.004772651316563558,0.009537559039151119,0.00021483235184092402,0.005378625536135872,-3.099411495226901e-05,3.815589983354644e-05,-5.1698389632129057e-05,-2.2754787511090565e-06,-4.9716370591239875e-05,-0.00014284286166396182,0.00017148292032440797,0.00012403505868230992,-0.00014690006300005617,3.905093862395222e-05,-0.0059336437672056095,0.0015340155314858875,-0.0007163663785438008,-0.0018893498309120195,-0.0013790043668187584,0.0007475556241467438,-0.0007929484817045982,0.009487554432792134
2015-09-30,0.024650566131324155,0.015126680411617265,0.06107533032755222,0.06307541590170002,0.017631476104143878,0.04702195919570588,0.06232483713656157,0.024514372022929977,0.026277498612459177,0.022513531946487704,0.023681355225114775,0.03356022418885628,0.06472844037652613,0.06318055627037203,0.06309589490658007,0.022200978170016178,0.022090821629809534,0.024144292849937406,0.026429143094328585,0.0628412001039798,0.06563555140399174,0.012928182829131399,0.066114549890624,0.057427125690778666,0.04298714775934002,0.04267036417903974,0.04817019775485244,0.027811595323572073,0.05278089255140962,0.0238957237926984,0.024885651550829703,0.02471557092537184,0.024614687734745632,0.02411167568307373,0.02442706011990136,0.02423141222166447,0.02456199569231889,0.02374027458037373,0.024803719669124754,0.010022707716185162,0.04364257493122327,0.05990295704737513,0.04351610863418942,0.01392188950999741,0.0049628361673016794,0.008821515627713692,0.033787550144958274
2015-10-31,0.00994802613438675,0.010536433762456013,0.009550267519173468,-0.005791924277586706,0.007596955650273979,0.004530164383952312,-0.004820244767381649,0.007033726400523659,0.009347882834923125,0.008859822542992366,0.013587544684980045,0.008879765187197936,-0.007628630322934338,-0.004833552167568376,-0.005250245158867924,0.008051147791289534,0.010159629615964656,0.010202215839328203,0.008802524771126108,-0.005357143215589337,-0.0040556501504929185,0.008419561087755812,0.020028516400678008,0.018219191341161324,0.016740242459572847,0.01305272579616388,0.023793131125617956,0.01617786015184073,-0.007133481133752415,0.009662871851798205,0.009844821573725656,0.00987520496914179,0.009979062007715254,0.00983105306583454,0.010283697646018691,0.009522260209697687,0.009974408148647956,0.010892237574534036,0.009796753598149103,0.0009195747022980965,0.00675698506204309,0.0010455243719969581,0.00796510618404808,0.004982936110558008,0.0006296939199997503,-0.005268623508130343,0.018009482507044056
2015-11-30,-0.000600719295148012,-0.00019220798159090392,-0.002502356344281468,-0.0002825852361126715,-0.00032754608529309356,-0.0022188597970502965,-0.002794856204586598,0.0007500756305571562,0.00021292510561781895,0.00026319748526575245,-0.0002854496525726322,-0.000558595229892172,-0.0010336148446592345,-0.00014243597965761512,-0.00026928536838901327,0.001372076144173821,-0.00031197504276486026,-0.00039125131656734727,-0.0010039084161101754,-0.000104248218243341,-0.0011605991240390386,0.002739946391242029,0.013236851554924808,0.003619691408866748,-0.0055054153459184515,-0.0024169220294994707,0.0012034241087392722,-0.00014633689768895524,-0.005729372049213561,-0.0008621378267726434,-0.00045503381490068337,-0.000559182499431245,-0.0006226499296167521,-0.0006976409794032321,-0.0007860718194379699,-0.0012844432075293556,-0.0006133888117046484,-0.00042430814643051255,-0.0006420092066207262,-0.0007992327587124016,0.00094947826901075,0.002409594430707322,0.0009346766226417991,0.002165414218107972,-8.148215606387336e-05,0.002118410473060806,0.0033838993261903942
2015-12-31,0.0066851749296368435,0.004115011919634929,0.022785130680004595,0.03593744571278417,0.003318960963029132,0.009497926191161559,0.035473879995951946,0.007915302528409815,0.006447600838571084,0.007746644899716577,0.0038607708890116485,0.011966023573714549,0.03512425314781903,0.03638609560669007,0.03587585928916556,0.007260726107591913,0.004232511819450064,0.007184269587536165,0.007124492907457964,0.036149777182630675,0.035731627744018404,0.0008932604852726522,0.0018785061940117167,0.0077915048685979465,0.004620739156462016,0.01207560259490398,0.0030648129296570693,0.011850011912205534,0.04155177947168497,0.008166054907574029,0.006348775768501792,0.006601855171048308,0.006686407982300925,0.006752938869445808,0.00672659156239529,0.006493330629410873,0.006364490358720191,0.006664641600147434,0.006838720063438458,2.7133434061571973e-05,0.010532259775574525,0.02804360066750044,0.01828567091698583,0.004459762457363426,-0.00030332326313866123,0.010124522441191663,0.007962867644871018
2016-01-31,0.005721175863151995,0.005428667771884794,0.045052518229091953,0.052598705751131576,0.00039868230305963373,0.044218381239689956,0.054813575832150026,0.004163858217609483,0.00778650437812148,0.006555498840969934,0.0036412926647562253,0.012456622108492216,0.0533382817868344,0.05143340478526718,0.05162871657983102,0.001310536987337157,0.004022911851072495,0.0056208586564279375,0.008424476135422507,0.050960322162910125,0.054574175973078225,-0.004858352616424761,-0.007743806885332747,0.007603817356163925,0.0009966064396191281,0.009305671729924083,0.02798296397401718,0.00927407260629684,0.06942685630426734,0.008143362875449145,0.0054115409382455145,0.005473481205694658,0.005808006108384718,0.0053119188491683525,0.00608631837476098,0.006630058375343515,0.004544741722886826,0.005944411646478264,0.005706530192243386,-0.006489739634337744,0.01023597596841088,0.03991218808932529,0.019819655238053027,-0.0016716954034672318,-0.0037373379156104116,-0.0025874627897650463,0.024243161513412215
2016-02-29,0.009523801216538836,0.010109197075308243,0.020990908022233502,0.014455407413949801,0.0071137289214920196,0.017530744727304825,0.015095864774863943,0.009685575687459001,0.009363985640881705,0.008977377556369851,0.005806202622129667,0.01694181739181894,0.012634784129828618,0.016669275170832647,0.01417305957071742,0.008278450567445137,0.010605515012236971,0.009816081670804114,0.007994604054653015,0.01501393965076167,0.018224858008517926,0.004606992047061444,0.017597299670324976,0.015740068561831445,0.02256004337292184,0.017693491441850062,0.0388228564457932,0.012003688602447578,0.02358115824107563,0.010187061157052715,0.00911017426178905,0.00953311496803728,0.00949931692533729,0.008958494586371598,0.009500145836739861,0.009411619736246522,0.009552356034429235,0.008602400448864815,0.009647019469060077,0.0009855898192438826,0.006339916170092676,0.019761366038806825,0.015925691990141034,0.009174897150158082,0.0029097878748753983,0.002531782238160405,0.008722187861117711
2016-03-31,-0.001473668177679071,-0.0006786405590216996,-0.016840541804602406,-0.030476538412806453,0.0022482960765448645,-0.007744325708129736,-0.030702075964465895,-0.002751855189836155,-0.0011549906702832437,-0.0006983101785380087,0.0010831978015330697,-0.00960367562570003,-0.029565865880716063,-0.029889021276784344,-0.03003270928033053,-0.0021039353488353954,-0.0003237728705101653,-0.0004924895759044653,-0.0020053329024712343,-0.029781665525888925,-0.02975789289131284,0.005247405319312314,-0.013180600024704977,-0.010048737643708835,-0.00010476248811443949,-0.011648621864696366,0.017020973134911153,0.004181822626266112,-0.03226910333529885,-0.0006815688056100129,-0.0011575796295619349,-0.001382580140991459,-0.0014458047216354475,-0.00048326636985963065,-0.001488365307939,-0.0014765173974918607,-0.0018929880831974407,-0.0022178313193311336,-0.0014468652216057282,0.0027472941531424804,-0.014617676376518588,-0.0173050316687553,-0.009033185239127921,-0.0013718683867893651,0.005011798217409126,0.003631408736752232,0.0009176149853546631
2016-04-30,-0.020471164096712492,-0.014192674955497215,-0.05192817997083539,-0.07764556508602381,-0.015465646082963781,-0.03640830559494318,-0.08088035524109957,-0.0248101437233108,-0.021132487269672106,-0.020610326783920482,-0.015856098409090667,-0.02964420479158026,-0.07639776325528036,-0.08181763233680475,-0.07619009171081785,-0.02044527065742931,-0.01844857128888626,-0.01943549407699314,-0.02209929918128311,-0.0777411218783945,-0.07837287317206702,-0.0016731461763471113,-0.03701602906888673,-0.029281063748013186,-0.028965983068398808,-0.0385601671130252,-0.0076948712081517335,-0.015379524359708258,-0.08156413362114952,-0.0198660032895769,-0.020716719924997462,-0.0204775238520458,-0.020486417811822033,-0.020068564773725428,-0.019760787188945795,-0.020141693628333852,-0.02088299139402143,-0.02136629135259707,-0.020609368532774446,-0.0046870115655652115,-0.038923377122359624,-0.0539700692928323,-0.04206824582733095,-0.01768256087224633,-0.011510305493316506,-0.012498518947614825,-0.02526769522641757
2016-05-31,-0.001108753860229436,-0.0015829144701689595,0.002179168644438719,0.010919789206789455,-0.0006446544672671522,0.002699630374266915,0.007713096057910215,0.000794776725555101,-0.0017414564607739597,-0.002282000778663745,-0.00036723498783856754,-0.0026361008568873668,0.012224244780828519,0.0072824169413817095,0.010513022177657799,-0.0005723942896880009,-0.0008538381928381976,-0.0023943999434654015,0.00025351518175351296,0.00891828798103569,0.005938748162277059,-0.001355602572111256,4.581069707968594e-06,0.0007344103641753899,-0.0019436207222320572,0.0008227187456284403,-0.01850953317510741,-0.008847370014457644,0.0035202722195958524,-0.0014659715979527372,-0.0009486882604954874,-0.0012315673256120705,-0.0010855182341370185,-0.0010166325723302858,-0.0008433148997394453,-0.002001738999931687,-0.0010605566679090168,-0.0005406604274360862,-0.0012086309022742265,-0.0037945265408997246,0.000283840428193465,0.0014380913680082945,0.006232888957795841,0.003376538786622023,0.0011677695768319966,-0.00308595555702652,0.00167709249626237
2016-06-30,-0.013714048122719346,-0.0035481001771073,-0.010690993103974034,0.007132116355847633,-0.012448622170018325,0.01873777015677721,0.002670206192230047,-0.016110729115518793,-0.009549004365667274,-0.013963130583737274,-0.01454204280444424,-0.015186018774899486,0.007869153097106922,0.0012601765526206745,0.0076619044097163335,-0.011979860655512995,-0.015460166003324234,-0.01469679719829938,-0.011350351922636151,0.005282889653529779,0.004084366423016864,-0.013331257249802745,-0.062209359710307506,-0.04088099355432127,-0.02666516192872356,-0.026901866285504724,-0.012364610466635494,-0.022141595099266033,0.01336525800053301,-0.013695151999606168,-0.01337073053764183,-0.014021130584164687,-0.013766966064714586,-0.013294800323761237,-0.013528593546982631,-0.01249889927901592,-0.013518222739910534,-0.015966789970759173,-0.013853580296027686,-0.011001754672657335,-0.007574800273827526,-0.014873872493616064,-0.010444542797434044,-0.010349067220739827,-0.010482944867458452,-0.0020355885253122564,0.008523393155278076
2016-07-31,0.0017440507003576103,0.007588384045647162,0.012753884114985126,-0.015090470226888404,-0.0001699111183408978,-0.007004370622011036,-0.015342473359649679,0.0012980266411268793,0.0031724036229911212,0.003673343069745329,-0.0007723173752688391,0.005700074102804081,-0.015476803558466095,-0.011328901720146346,-0.016293991314875408,0.0034186063618112383,0.008069458541551451,0.0039030670167881135,-0.00033075143163495386,-0.014753027135280976,-0.01140326607736601,0.011176831214241095,0.023030480236420015,0.03553028118307143,0.025512104018692958,0.018244855360890454,0.02139520335347238,0.006128308581475832,-0.006747495087544117,0.0023227604013517835,0.0020501947762586806,0.0018619598931140617,0.0015747929974856158,0.0017704665601572668,0.001746397910150856,0.0004860284694790662,0.0014970753557240265,-8.77258316176726e-05,0.0019040052023108957,3.89001205418015e-05,0.011258257416179203,0.014424064202462113,0.0023891767768830273,-0.0007587250940514711,-0.0017666985379941086,0.007200946461508633,0.005683533090626866
2016-08-31,-0.0019882581086684663,0.002848878309893978,0.004436912139699913,-0.008631938627724487,-0.003244338056579775,-0.007376609994760747,-0.008239299170720391,-0.0037076573692143527,-0.0019291300829414593,-0.001955290557564513,-0.0013827727463461162,0.00019287189439218762,-0.008541981053465167,-0.005325006634938612,-0.009012184549550566,-0.0019738038407117273,-0.00020284084761858145,-0.00034952092226349607,-0.002630505999866417,-0.0070364958688635204,-0.003176623605287133,-0.0003048168302449754,0.024027923046013623,0.012963792671234466,0.003350890102790381,0.003141230291554805,0.021828261995028343,0.00962390594936883,-0.016096073930644682,-0.0015676233160284996,-0.001993091174206297,-0.0016567561611556302,-0.0018657670548883792,-0.001834955435323271,-0.0020722785453291355,-0.002406997426436952,-0.0022815568658571764,-0.0027653320589468215,-0.0019414191962916223,-0.003759209482548503,0.00032670887591010664,0.004607765614163214,0.0007326735852621253,-0.0013291529676999945,-0.0038097085021098907,-0.0032017321111557683,0.006745841518132508
2016-09-30,0.005587272275272073,0.006335581392437742,0.002506482260326634,-0.022915474523614022,0.0060432199553696764,-0.010342150855739453,-0.02640192626669118,0.0029755618586671147,0.00601998550356386,0.006730976882928155,0.0058454434861186155,0.006806885562458707,-0.019999032211332476,-0.01841170683461036,-0.02299508424195626,0.005675324734141524,0.007848042966712604,0.005923298375772702,0.0033988621650222345,-0.020532807215075385,-0.01726640879429259,0.008556666860768128,0.022316104062751092,0.024394196513011862,0.020570135281078556,0.019485427824769006,0.01409600414531189,0.014449457371785508,-0.02249176474549207,0.005867655931400638,0.00565027948275683,0.005549061293372448,0.00554501324785957,0.00558423149192847,0.005695198448429061,0.0034502645830761895,0.004874149258016359,0.0070725648500987075,0.005596621436504953,0.015737624607794133,0.0029995814343152117,0.0009169657541556706,-0.0011719852490573368,0.005257680600439893,0.006577815915206962,-0.0013472349956289223,0.0019736586864016856
2016-10-31,0.007052966592978704,0.0018137143072334135,0.001831810602823269,0.01108407844492075,0.008054520869671528,0.020399509433347347,0.013411545850025842,0.0071266680578232116,0.007184917962071411,0.0064140810557639,0.008542253071559524,0.0030504231145380045,0.012523187594621635,0.010092637398069542,0.012452194680350104,0.0063169416917059976,0.003084521661632145,0.008045050647050776,0.007972434871748632,0.011347976694077723,0.015190388365515615,0.003795443610164865,0.0038000999511267463,-0.002531568257150809,-0.0041965894748763515,-0.004371647214181504,0.009422107869804554,-0.0007524153083212769,-0.008089020473103774,0.00625311261560394,0.006985420933235229,0.007119400099834107,0.00728537929716428,0.007132733921148534,0.006775259889826733,0.0076068452043020355,0.007056147703284213,0.0071150127406850614,0.00712903444484338,-0.0005330688736407286,0.014806663259728339,-0.004861772698383254,0.008183994741721917,0.009611304515645314,0.009975870824399451,-0.00112091057077879,0.014940387781832104
2016-11-30,-0.01100192204473663,-0.002678084986824053,-0.002322583887271089,-0.032509242360620104,-0.011947359423291086,0.0004914282912896156,-0.0273010470148991,-0.015169494029038938,-0.010935282357864812,-0.008046065143615826,-0.01169420566402523,-0.006711023364888356,-0.03450767435507244,-0.027139679134749843,-0.03156426804478546,-0.012034023081935016,-0.010281460543300593,-0.009524163075596406,-0.013195672683150295,-0.030223175402325178,-0.025705164563160444,-0.0059001172367787475,0.03012961711301472,0.008963473544928068,0.005350408455649874,0.004994114318036338,0.03312667154954642,0.008105760601355136,-0.05003414637533965,-0.009222279853925054,-0.011312578083740246,-0.010897662112135258,-0.011048356258048874,-0.011019595246811037,-0.011849324629522222,-0.011381070826251156,-0.01112418566478826,-0.009496405936259215,-0.010711143175220462,0.002907843471125977,0.003255514702357269,0.0011118325758792112,-0.015189201917060358,-0.012205209462500689,-0.00811155854920857,-0.00686901934248879,0.008844653170860244
2016-12-31,0.007080865806517265,-0.0015111900221716165,-0.004775520502590628,0.0014249144538440697,0.007236184622637932,0.008437419582046503,0.0021811319053873296,0.01165177741986926,0.007327408287911,0.008524201818685235,0.0073102640775422265,0.005312553339861718,-0.0006891404224520885,0.002128735486305019,0.0035129563872607532,0.0059527401596645504,0.0038048735632355826,0.006372494217528731,0.007837486534073155,0.0034584771384099885,0.0007370923868623214,0.004534682579497789,0.02119797744161915,0.012710743060299765,0.004750641417593723,0.003985604048518011,-0.014750086559014847,-0.0003020947657929782,-0.010572098547317322,0.0070471134522622275,0.00691261258036041,0.006962961978417766,0.006853420278877437,0.006958935802939999,0.006474753040674519,0.006777501341416734,0.007375394645499001,0.006903801751194274,0.007302088911868484,0.004979889175837025,0.006590937541769748,-0.006203185016030574,0.0024786162030567393,0.006445364651659907,0.0025032111392834697,-0.0002439536488215279,0.006143042319276518
2017-01-31,-0.0045435185892665556,0.003816641441310371,0.003926138585229736,-0.010988421624918223,-0.0034171574303784448,-0.01022907088913455,-0.01541982665769504,-0.005624765485670252,-0.003794434446318908,-0.0045592009967243535,-0.005226585692390889,-0.005394104728468777,-0.009623314455659185,-0.011413323987946224,-0.01309375731368504,-0.002756765739257496,-0.00019146071411581798,-0.003233793271398092,-0.004573342385732892,-0.013024581017921604,-0.010285147148488641,0.0013899315629669633,-0.00802958878608116,-0.001923400368103654,-0.003626131741700612,-0.001421203549833495,-0.01003684354784225,0.0025442242958601717,-0.0018726818541187438,-0.004517833710545468,-0.004409606511992439,-0.004482717676725106,-0.00435257582969436,-0.004806478761339352,-0.004751005855249012,-0.005025870845590474,-0.0039106667296044065,-0.0034595157105843364,-0.004523517526209279,-0.00035748425547189747,-0.00331012889715989,0.0034466749428485694,-0.0029537716398028084,0.0005185773796832675,0.0005200475608943524,-0.005503563363335427,0.011484325159398094
2017-02-28,0.011655517844678588,0.0016815580924131456,0.00223340768768457,0.020233950724119945,0.01075630890090305,0.0024375992348987475,0.01891714543837034,0.013392713807218142,0.012779836913654438,0.012011731006183147,0.0095845874202172,0.012520261018333803,0.019496047751197808,0.01972511263054021,0.02121759545863647,0.010065435322014978,0.007728230748788175,0.009860432419853384,0.011305753444389765,0.020523775317650043,0.01874088256199908,0.007545935743369813,0.031099021718641588,0.0238015823173486,0.014984521587932354,0.019553215062696735,-0.00292665709702498,0.014217198074500524,0.01647865133231658,0.01166051011623437,0.011925777436309985,0.011559529091021632,0.011668891867284684,0.011513210070453375,0.011498713600584883,0.010039895069878546,0.011641006514108343,0.012726527732078606,0.011400045594642923,0.00663853017885482,0.005684459342860215,0.005890509490058792,0.007542043223726193,0.007332800597975701,0.003677542316472425,0.00040482229227118273,-0.005223289602314228
2017-03-31,0.005060328996354694,0.0030567434449151375,0.005608626528742137,0.014454924415684857,0.0037832971377411194,0.004480856818368991,0.013499859423684629,0.004893202133718398,0.005576639307897128,0.004811756861369449,0.0026092150059120124,0.007159076251529552,0.015520515863116825,0.014197751370326897,0.014169421015823282,0.004912871131618708,0.005631787961511277,0.004705668162723937,0.003986783404771252,0.014449265126337254,0.015985590587525626,0.0008094254829341182,0.00838786272735776,0.005087063167347561,0.0031102640789641605,0.005150679599195317,0.0017770657725884919,0.004705032686384474,0.025669259500505213,0.005041801589016624,0.005122203801882626,0.005075508311681078,0.005142445512972254,0.005367886403109303,0.0052551555346484514,0.005020959262416189,0.005022692237087535,0.004935375285339656,0.005216107149280861,-0.0017774596556039215,0.002471887806684346,0.007731910113095382,0.008235920935264793,0.0031362675959385996,0.002925056437648116,0.006008228564123749,0.0021971167972568333
2017-04-30,0.014297853904383862,0.002756098684250887,0.012388419302510917,0.0279252061996536,0.012920290975790887,0.00853210900601088,0.02714202938082447,0.015347564853726469,0.014881309264027413,0.013517680741515952,0.012814368993561231,0.016069005267424906,0.028383354229152148,0.028998320804293688,0.028497393025457573,0.013553672293411484,0.011965004429756664,0.012785425673181916,0.013586482056952951,0.02864146266149634,0.02743776442601364,0.009436060330659723,0.009602185682911567,0.011112519677024521,0.007557708414945634,0.012799973293652104,-0.0006627248562078173,0.010260092613207405,0.032141789181297835,0.014290112544080509,0.014418931049505847,0.014246714135963182,0.01428879768413599,0.014496197274747467,0.014318997171266182,0.014320335239294612,0.014085679380262653,0.01494365588389363,0.014298976631543326,0.0077356691987030485,0.009315107425772514,0.017594035892037826,0.018712743372402075,0.008935293029896433,0.00902605198334895,0.011511438173812269,0.014756945382534742
2017-05-31,0.01688118897288454,0.00281241081248137,0.028860393455604188,0.039590151794702114,0.013545025666795153,0.005226512671538293,0.03780583255407806,0.01853071166978294,0.016513725950334953,0.016147759706742305,0.016131419673298904,0.020903629703816116,0.039837149100719664,0.04070892109221274,0.03995948020830199,0.01585294493545881,0.014678616585640774,0.01664120075315144,0.016361038925646477,0.04009665922181565,0.03955327001276733,0.0075494484472593045,0.010895763303430974,0.02240383082081709,0.01914969595706517,0.019702275632011566,-0.01825058266249735,0.028150080686624265,0.0419973183290999,0.016251372376929647,0.016960145582018187,0.016586829651315554,0.016714690805499425,0.01750319209646716,0.017212250722525323,0.015839223949412944,0.01714340287047996,0.01820408872220046,0.016745922071634566,0.007215015352349292,0.010078203482583144,0.033142565324834,0.030150430332784948,0.012673535888910795,0.009477362965854245,0.015525433360051313,0.011042551818730076
2017-06-30,-0.011365824492150662,-0.006852237137381737,-0.01711980897412114,-0.01945791066794935,-0.008657163529790528,-0.009681973704135706,-0.01993541090607319,-0.010364373166275273,-0.011270645423257798,-0.011815651049573711,-0.01079834163933371,-0.01598800653820311,-0.02038810546461424,-0.02036025421504883,-0.01955779058651963,-0.011314622619425802,-0.010283656193540614,-0.010767661183291538,-0.010844628252614199,-0.019839267932970372,-0.020797820410234764,-0.005558052996638166,-0.0022655873915071803,-0.00896310126903017,-0.016908211760257162,-0.015188744412290272,-0.025253024225761457,-0.015185013272798505,-0.03073452060642071,-0.011012353268392614,-0.011363609860178649,-0.011220993386294025,-0.011100225521209137,-0.011764028612038353,-0.011555873800990601,-0.011880864967206696,-0.011245075480205875,-0.009884410626257273,-0.011290353519671168,0.002872677447619684,-0.008323929337122251,-0.021302608371474963,-0.01732754808817851,-0.00752997609787281,-0.00388993441826432,-0.003824380741067985,-0.006507377246006387
2017-07-31,0.007779945498262635,0.005081841668171004,0.005186838518298586,-0.0021156536396883404,0.007341270817564745,0.002593053717724599,-0.004186198798729195,0.00704753656022932,0.008130476988847245,0.007524034391967183,0.008482472488807319,0.00667801030292691,-0.0010267800013954748,-0.0020484931110204938,-0.0022200142920024697,0.007923049877841051,0.008099562999876547,0.007958485981142899,0.007217920099855903,-0.0021387878091614068,-0.002324839587947634,0.0074692835710455955,0.02477077702607617,0.022425773152226335,0.016578040877965192,0.008533748120453188,0.006374175250425812,0.011872145350732409,-0.007257978914590557,0.007491526532943903,0.007992358470236887,0.007734203491220942,0.00780900397848815,0.0076541521587415355,0.007835723566268991,0.006916855497758731,0.007541624230407532,0.008402667829146235,0.0077020304259395895,0.012000807016457673,0.007993559307315344,0.0017671619598188535,0.00446337467863113,0.007152200424873629,0.004190153551051077,0.003235250015726834,0.016139606838389543
2017-08-31,0.017897299773037112,0.00697831514369418,0.020847994112631236,0.022337148863169416,0.015816802014262474,0.005970403527122593,0.018785525848600482,0.018970223996582887,0.018260814851905085,0.018378831089478426,0.01954351050692244,0.018383107817227923,0.023124290841731617,0.023606372862245095,0.022755762533208893,0.016400243610087135,0.016901960290795326,0.017303115016946098,0.016438049417560354,0.022880197993035645,0.022313667309482733,0.010240430550010464,0.0023208319413352734,0.02778366501042065,0.029764685272363315,0.020054828732714976,0.0011983390548172077,0.029889028256947697,0.021900662159042,0.018929271225556422,0.018077042312653835,0.018158162701858504,0.017865928466651217,0.018276486002989093,0.017937329855876063,0.01663714951226624,0.017714895008769965,0.017913653537536874,0.0178814885574122,0.015062501493354464,0.016416986549144124,0.021104508054477535,0.02375358273768137,0.015857802785527283,0.010443518986016332,0.013869634815985625,0.012888143871309803
2017-09-30,-0.003194379696306493,-0.0011816319478795516,-0.01387321979654462,-0.021745668544916896,-0.0025349910729265423,-0.002781684160092189,-0.01897831480931137,-0.0026653178802893804,-0.003494563229527153,-0.0035251837232548756,-0.0044674314718573215,-0.006266057841756334,-0.021861987120018647,-0.020971985684048525,-0.021516402918235634,-0.0032499074865780637,-0.004205947720426169,-0.00298707628586996,-0.003784070563982424,-0.021367748897729286,-0.02038893545651793,-0.00231026651674937,0.022758786267896687,-0.016176075039525437,-0.014520374671310617,-0.007674003287412483,0.00466303633754873,-0.012876809325473972,-0.0256814146076185,-0.0042538808635064675,-0.0029863330758186923,-0.0029384437406121894,-0.0031681141734571944,-0.003092961925262973,-0.0031372276272284513,-0.003464017651257879,-0.0036312739312607343,-0.002149542858383827,-0.0031780741985578537,-0.006674643765555671,-0.006260814639756284,-0.014421981225445281,-0.01208179758364698,-0.002169853909877922,-0.0027198200296530226,-0.0029448760775705064,-0.002280237542804279
2017-10-31,0.016386160439023904,0.007066015939171596,0.023705385702424912,0.02740857320629166,0.013933536666597095,0.009564371472371196,0.02585093241772966,0.018987977513606032,0.016129682353547177,0.015888032755800634,0.01721133721599328,0.016918458729276036,0.028894242232055486,0.028753873999742004,0.027986552718820255,0.015306684331591767,0.015440676635503477,0.015593233425898967,0.01528250745646843,0.028200543732190574,0.02802339569078285,0.009873483362996014,0.011660331863280051,0.02782187348319727,0.021626731371053958,0.016778071683862368,0.00561706156408269,0.01817970262004386,0.02697737109277388,0.016209064565735305,0.016493484178162852,0.016472230894235468,0.016381946708373354,0.01645627590234709,0.016565994575048322,0.01634677154436503,0.016295197989919248,0.016248157661635627,0.016373111555148454,0.011736308293147457,0.022578944920710393,0.024226794093128716,0.023207958805127656,0.01472286526107091,0.009481660825521812,0.022316108697131177,0.016554217623822424
2017-11-30,-0.00043842264020234816,0.0013809369280465532,0.010459287985313566,0.011810512101983257,-0.0014615629914510827,0.010067288551666604,0.015900113960175374,9.723005091979113e-05,-0.0004477940504233695,-0.0008641569047712554,-0.003301578249266084,0.004399783829258264,0.00925117746891738,0.012282284354612752,0.011847332875495687,-0.00022972486344548823,-0.00023056923926467407,-0.0007359901193751083,0.00033215407941669976,0.011796165644262974,0.013438386657853237,-0.0016592572494977156,-0.01244623823095518,-0.011747515535621415,-0.0015521923725783423,0.005292904119313789,0.01818191410300211,-0.0016555934648957988,0.013599807680972263,-0.0007795541673174869,-0.0003869278838360768,-0.0003044486301185265,-0.00041202736337992113,-0.0005666999275735175,-0.0007814455232747815,0.0008443093715842617,-0.00012032340669711544,-0.0008960876877890166,-0.00031039183895249366,-0.006482490507309754,0.0036050550657034,0.011782889961338068,0.007402028022323861,-0.0012345305379801467,0.00012188718072981118,0.003138415561535471,-0.005558614508137751
2017-12-31,-0.0024593254140507365,0.0008446858333046199,-0.009501101965288989,-0.012225052422602536,-0.0009013615934095091,-0.004463898043471783,-0.009536413428585187,-0.0034554167856013407,-0.0027762814656836937,-0.0009004819234069742,-0.005378986573560131,-5.5276755389740956e-05,-0.013036742784019983,-0.011967422959097685,-0.01192610965905986,-0.002965890203611897,-0.0028509150072029187,-0.0023115129563911203,-0.001610810757463581,-0.012272928892005089,-0.01178230896078295,0.0009833590233906556,-0.008845316462772508,-0.011627324752059224,-0.005856565749040352,-0.0038905999195930057,0.017334325885048456,-0.01161397887632683,-0.014523243227726301,-0.0008389032179387224,-0.002475792457067144,-0.0024685604867388305,-0.0024484363473116673,-0.0031047759585736997,-0.002670118792542992,-0.0020732047341894227,-0.003090036410125402,-0.002700938592211693,-0.002406868608054456,-0.0022263225102007343,-0.0051692893070912575,-0.012143704113359067,-0.008056098784959847,-0.0011048655682413342,0.0022316496946809647,-0.0012861010803614705,-0.005070292601967563
2018-01-31,0.021260495408324743,0.014882677913115696,0.029945425974526887,0.023843823161684184,0.016236076342209103,0.003523466705283948,0.021654352029662045,0.02036078318049953,0.022026953985552492,0.020261659233767795,0.019816852935215675,0.02778342769212974,0.025572831515494318,0.02601333240080242,0.02531629573180508,0.020911591653118847,0.01942963872912929,0.02118319280749434,0.01917121540571655,0.025922784369101476,0.03049982924732792,0.011080412810490237,0.0501528786426797,0.03797705186232088,0.0348544841023417,0.030804392844778757,0.0466605623837688,0.01935496658217395,0.02007308811922862,0.02088966106379957,0.02127997609229733,0.021266586177324322,0.021215513386172224,0.020918420694391125,0.021417829705445323,0.02116592076398412,0.020326740976166085,0.020606448971480187,0.021170498080737774,0.016660298614265132,0.024092790354750225,0.025459763740401688,0.02694959604413938,0.01461283085581365,0.007331554662886714,0.019486683804817245,0.010813273939737576
2018-02-28,0.00957396032021745,0.009710690366010038,0.019214048678087296,0.016813957544877196,0.006835115435829339,-0.0016292387409732778,0.013390064738708967,0.008785799507833914,0.008860050353712278,0.009298804884439982,0.008109601287964605,0.014828085523497302,0.016386398214322855,0.018177990800663416,0.017485038035911567,0.009759402732729109,0.009733170302658897,0.009993467628214266,0.007699386112678377,0.018109680627007747,0.020687202504486326,0.005470211985688609,0.03481908082226587,0.02119097226889713,0.018036176785793816,0.019567993611697407,0.016114123583857567,0.011214950316539685,0.01360979298991682,0.009335356094283022,0.009493256558443235,0.009700700103948549,0.00957438683495126,0.009263767196633023,0.009626139708589962,0.009158182483413475,0.009559593782467573,0.010063419335166971,0.009605816217003856,0.008076206330311994,0.010140327733425662,0.017302188654006123,0.015254832348349127,0.005648747248352482,0.00415697968305907,0.00639207593394016,0.012669868917842896
2018-03-31,-0.0055137654447594345,-0.004476379178649407,-0.009425344511230201,-0.01042046396511209,-0.0035679457194605956,-0.0015711426422923929,-0.009873319143604438,-0.006573272207676469,-0.0053397135495893465,-0.005898469335016816,-0.006102833731194831,-0.007210699065433519,-0.009439034957099319,-0.011131854552230865,-0.010647284472294277,-0.005133407537302477,-0.00473033309707502,-0.005249816966362396,-0.005036092997149378,-0.010946466245446838,-0.012271681236715704,-0.0018939329992591497,-0.01899380504445589,-0.013540568011712002,-0.01224191470716675,-0.009485682581859653,-0.017810335096401158,-0.011878682043266425,-0.005116591728788617,-0.005601424285122876,-0.005508309725465828,-0.005570223200060321,-0.005501573558692028,-0.005209152286675805,-0.00540095730911493,-0.005348124860174529,-0.005229802115016776,-0.004989628128222943,-0.005542705267423777,-0.003293025133471739,-0.008322190817061533,-0.011258301525705122,-0.008755255942129878,-0.0030333295735096165,0.0007829772376334012,-0.002685056153252036,0.0028997764497207153
2018-04-30,-0.008103002710533732,-0.006063629662889313,-0.023368646627931738,-0.025623108633160176,-0.003747052265893526,-0.0011712835875670844,-0.023288165953384392,-0.013020437156348047,-0.007498259751564742,-0.00771257830124984,-0.005936064929932037,-0.012353945786164522,-0.025798729336098575,-0.027102251364165796,-0.026348826343496726,-0.008386361826047083,-0.0075022944156973815,-0.0077304010638577095,-0.006746022278939069,-0.026878013812857746,-0.028669573634139064,-0.001951157327330941,-0.033134067794457905,-0.024766981772182978,-0.015818897725548772,-0.016559458005960852,-0.015182442390406252,-0.014496197944211694,-0.02367955656467786,-0.00785083054532598,-0.008018787015249895,-0.008182782685093076,-0.008077712235129918,-0.008196585815775412,-0.008218166710423788,-0.007648140487545562,-0.0074360287393127585,-0.007948921361603273,-0.00803411004175242,-0.001402746945279641,-0.011640619505629335,-0.025085206847284686,-0.019641517102872954,-0.0030541084772777254,0.002704444611016141,0.0027997307498905484,-0.002084988861937046
2018-05-31,0.009186627055750577,0.0032846884730618696,0.007627993819973045,-0.0034636828341955478,0.007315549269017053,-0.007317169691401292,-0.005522547289566884,0.008402529860711518,0.009639690874282491,0.009273359151974218,0.008057751013949259,0.011432299784453611,-0.0004158421749345296,-0.0005027658448495971,-0.0019644439191678197,0.008963268795181596,0.007927006032302937,0.00839099975126115,0.007215275039650804,-0.0007753039574919222,0.00021047748813519598,0.003923414165809644,0.011075776565424732,0.006727814702232061,0.010693133963928386,0.0188089415728016,0.008625248041024701,0.007851320599685331,0.0027743446018523073,0.009069933647178004,0.009329955120305324,0.009318002053510221,0.009165585869298404,0.00931804786332278,0.009107332261079426,0.00924334306473561,0.009278206311399534,0.009276609470193176,0.009150797962914297,0.009370864185567379,0.008691418256169694,0.006725239090553686,0.012223132314958977,0.005983788901528385,0.003228402629586692,0.007935876084666806,0.009973412571490326
2018-06-30,-0.004693610989627227,-0.006226393828592784,-0.00655776304042551,-0.005737121779605306,-0.0032789242672250593,-0.001365288745947083,-0.0032071417784855292,-0.00539529356386749,-0.004675585705368489,-0.004167462697202065,-0.005821330659050841,-0.007639974475442873,-0.00613087250191733,-0.005990656959779626,-0.005717313790363218,-0.004900818276771,-0.0037954153245627767,-0.004304111643168806,-0.004410108588521719,-0.006096619220078225,-0.006333276324292298,-0.0028804780291086705,-0.0473887540242368,-0.02782070011983226,-0.014286799710543469,-0.009807540773216288,-0.012782006727919619,-0.0066024076040320685,0.011195662232000716,-0.0035737483212117107,-0.004709379066185598,-0.004702909097810711,-0.004729656367811913,-0.004445800274796355,-0.0044430295423982845,-0.004016108605234559,-0.004385283841982186,-0.0053555065883223165,-0.00465127402509024,-0.0035639624572465687,-0.009293815574569726,-0.008108386141392173,-0.007317432251889713,-0.003112309681438144,-0.00179622726886517,0.003049150139620313,-0.00030407519263474036
2018-07-31,0.006483717663838413,0.007168160650555009,0.01720142518294255,0.02553058098034868,0.004686964264713417,0.014112438699485754,0.02522815989653799,0.009083110917527153,0.00609110221417222,0.005269968079500819,0.005722440364640867,0.007458257643064828,0.023557573182090782,0.024064043357062123,0.02520340123561504,0.007051933781080305,0.007154307845372015,0.006568478090751327,0.006185420123889646,0.024361533282951812,0.025206863710903266,0.005050231692502389,0.012836501433605664,0.009796208390741155,0.0087622412328116,0.00843939724045353,0.00846489941453734,0.007131163760227487,0.022268297621617226,0.006375618220917029,0.006463855987620377,0.006448723680620342,0.006484940810865373,0.006797106557289295,0.006705859587023257,0.006342481119517593,0.0068327926212432555,0.006054080542205688,0.006441166080328986,0.006478833886402746,0.007789186419484715,0.019656906666720746,0.012548785677279047,0.004699798894723499,0.0018636707280288072,0.011007205145095098,0.008462713353692575
2018-08-31,0.017071442329829163,0.008884341532053414,0.01779735171371887,0.013827694801198644,0.015428591192225588,-0.007336865541034642,0.010162049187053978,0.014771410486217936,0.018331572527003518,0.0171921350675961,0.016390041572892176,0.019018699870117554,0.01813198293854017,0.018003511541663027,0.01578379068291524,0.01711840745074266,0.014945489386818268,0.016974701093490932,0.014931267391274292,0.018145000599978076,0.015391876115024843,0.013250025099709784,-0.019005722388105207,0.0040799862866497255,0.008997309159480178,0.017142369556268553,-0.003414803722472076,0.004819619091857594,0.014164492585913109,0.01744827658156495,0.017282270021496734,0.01717608984905964,0.017064424101427608,0.017553392365961797,0.017170243934195327,0.01770414901200527,0.01697496511021561,0.016353202383593005,0.0171170996020944,0.017249307665791094,0.01773844120255127,0.016403688482793815,0.01974726079265842,0.013680823301577197,0.011592825089400724,0.029596072432803867,0.011137244867822419
2018-09-30,0.0008480497211363462,-0.0009906010049084704,0.0014261723133775933,0.0042456402597915,0.0011534122821929061,0.00038574016146756445,0.006046117112443096,3.194895233345598e-05,0.0009000441957787812,0.0018928883915749612,2.275599894636712e-05,0.0010489404452390667,0.003739182603995768,0.003992258441428332,0.004192830647281315,0.0010543948005299916,0.0008142362692205084,0.00079743158051983,-0.00029610867194794504,0.003909359844600562,0.0029821997689848207,0.001435168303060369,-0.019736228505264283,-0.012574135567423527,-0.010675744346314462,-0.004125214944283156,-0.009086304763259456,-0.0009677413071068993,0.012126819833072299,0.0009430850626897026,0.0008716310653027323,0.0006919058921080393,0.0007771474913841978,0.0010860800893353912,0.0009171028356013562,0.0013744938344973402,0.0007835055698762561,0.001527610696070027,0.0008134063594649879,-0.0010635067997580763,0.0019410753257988376,0.0010233996060467366,0.000793805474205721,0.0008796352743836249,0.002160150257525357,0.005361978974783923,-0.0007214616054904492
2018-10-31,0.006614436524826436,0.004216205272556914,0.010518087980599812,0.014157660657235312,0.0067784913989129515,0.027271896995184067,0.017716305715376766,0.006818340882622333,0.006791631807068764,0.006343744814502209,0.009293855476121113,0.0006634912564525083,0.014576213879452017,0.012624084677566672,0.011411648063954897,0.007334004408877323,0.008059268335989606,0.006487715545563835,0.0056272379665278476,0.009999561654341389,0.010164700999094493,0.006829367947157929,-0.01334170337117607,-0.002094860751746799,0.00220338022075021,0.0027818482954022634,0.01686298699019185,0.013977723573605355,0.011019146016078384,0.006232803029833969,0.0066430768862464195,0.00661081052877272,0.006702538612940705,0.006523037919275383,0.006916637284130561,0.006883757490339233,0.006801848388840186,0.006456383270714261,0.0066877369768679265,0.004854811602020837,0.006281587550462516,0.005832298168042679,0.006201489907945568,0.004794296565703329,0.005110083316457484,0.00509192995100187,0.0061310179684592875
2018-11-30,0.0011577609110645232,0.004030961774839302,0.009878782849588359,0.02063385510236918,-4.235482267625964e-05,0.001648150630742787,0.015441353393727974,0.00262946010618556,0.0007852452729403019,0.0020899169804019734,0.0007273689122080363,0.0030653308347661614,0.01855879885326097,0.019083382448720543,0.01967517615191954,0.0011579592566398668,0.0017167696317732643,0.001659198140199011,0.0012593977457694178,0.01895066275168252,0.018600877365843007,0.0002473598378336308,0.01199924899165079,0.01386903796680479,0.0035936045210570736,0.003996551544944542,0.0034587381801870418,0.006789399878595501,0.019351866600004708,0.0013351448597691813,0.0008574419268029765,0.0013746648943860297,0.0011753144374387204,0.0010336739513959385,0.0014670973165008384,0.0006856956880041461,0.0011259279414486264,0.000813409051012856,0.0010662906611234413,0.0023782959428104975,-0.002357823491974108,0.009614928898854787,0.007533369133610726,0.001853482611334234,-0.0024907575160697006,0.0062427775824078335,0.005979891007466141
2018-12-31,0.012883236469380843,0.006667647501816087,0.026349577173147842,0.038548357546929014,0.010266770797324139,0.01776913527772751,0.03697919880314717,0.012536047520362826,0.012532608771256379,0.012834734984879137,0.014297624488499524,0.014627410765820142,0.03780979774731724,0.03735990306753009,0.03748521115766307,0.012692852020607687,0.01233913130145338,0.01298657482533158,0.012517330304069317,0.03719886799963776,0.03444386479902232,0.008592146871710846,0.009862024849946261,0.009551413319585695,0.013265041945410545,0.011051616545623246,0.01772878977257508,0.020071935008792896,0.03522191060570225,0.01283828201277807,0.012444225607136877,0.012798872933899494,0.012894023029637632,0.012893912365780287,0.013097464690944818,0.012739345450050989,0.013022162451413202,0.014205180755690059,0.012855761756049747,0.015469555559695838,0.02068036820832874,0.02333715964417423,0.022576951493116167,0.010956817545075565,0.007437797879068842,0.006771836018205623,0.021696987882269737
2019-01-31,-0.008448627763948616,-0.0009669615982769335,-0.025986075216870762,-0.048640443020578926,-0.005746788011171531,-0.03800471524372888,-0.053817026780151996,-0.006103892339509697,-0.00817988338484705,-0.007767440251029303,-0.01025164582599558,-0.0105429467718078,-0.047135576864605344,-0.04720052843650857,-0.04754927563841933,-0.009921525707983719,-0.008120137481190462,-0.007258519514581451,-0.01002799380060523,-0.04684866258665371,-0.042032965651519635,-0.006495751662762603,0.016433471654839577,0.008664214640847871,0.0010331336083356743,-0.007508054450231175,-0.00907757313369593,-0.022097930262365742,-0.028380425445584827,-0.008381173924402184,-0.008914765350882202,-0.008123133852532724,-0.008361206008964145,-0.008448822673566645,-0.00837892966421216,-0.008875665879486508,-0.008842733784524553,-0.010504660587424327,-0.00840509336715813,-0.007164589285015462,-0.016304243208740125,-0.02503237893892354,-0.022325171788847874,-0.00869523109464091,-0.0018932878821111476,-0.013799935120506588,0.001351458234597233
2019-02-28,0.008586909003457712,0.008710163543717725,0.01149976557558449,0.014080567096877489,0.007078271246638589,-0.007377935811391163,0.01036053009664634,0.006449349478412554,0.008874989419601919,0.008604501384127652,0.007984517941586451,0.011470641389178967,0.014448359267971951,0.014737564746932481,0.015158288132743081,0.007358402149404995,0.007454811452814975,0.008308852460703394,0.008852488784503372,0.015582147975960315,0.01489677624699416,0.006506880578446968,0.022976325233233254,0.011575835718578967,0.012988256681113558,0.01315069395239149,0.013348572396411651,0.010906546226227228,0.01013946253619918,0.008667755284068285,0.008609969217652884,0.008477117306203404,0.008533861212981934,0.008859734260243644,0.008723309658491949,0.008244685442225907,0.00864835014702353,0.008401329736059412,0.008587682570065534,0.00959317251325608,0.004035314120437042,0.01636370265527296,0.013505652257625058,0.007275321339327575,0.005645901340622031,0.009335737813343868,0.0068166313520568655
2019-03-31,0.0008086641664292659,-0.004034937783158444,0.005908606372934715,0.014767472890657244,-0.00035656254369791427,0.0037825783512693786,0.017110114017436555,0.003957884578670349,0.001616250421392551,-0.0007664889274152115,0.002011114530187595,0.00047368683231783305,0.014328116091270209,0.014480589496148282,0.014133654726387552,0.0004213918630437151,-0.0003263528771927648,0.0006197741616582207,0.0010284516529162379,0.014450428753491135,0.009751351324150838,-0.0005455604212295183,-0.013747489536132734,-0.00702207469793165,-0.0025823697842328884,-0.002474676614292244,-0.017295925538915492,-0.0004088619617639106,0.02694222400973581,0.0007025728696887806,0.0011059403759234203,0.0007436383151462693,0.0007406124523964661,0.001315740082772134,0.0009811783450111064,0.0012220743397040152,0.000435377355440777,0.002221914462609447,0.0007081664509097357,0.002260331365111866,0.003084033116841335,0.00729441545612035,0.00455702271231981,-0.0010572019105619054,-0.0037649536985183293,0.010595058227870343,0.0025569838007522775
2019-04-30,0.0021006002591461436,0.004260634573596781,0.004318274986459394,0.0067081468689556955,0.002045850283874582,0.001497327015023452,0.006050937762563708,0.0018289573756762535,0.0020680665129703137,0.0020058262454390506,0.00240660343177196,0.0021482891648149415,0.006962045604847219,0.0055614584896411835,0.0058816233724729005,0.0023344200931289163,0.0026417434030848374,0.00256006009915414,0.0020364528220674135,0.005314667345464567,0.007630856086105911,0.00101391583177853,0.01056368254162809,0.021214490389673338,0.005703804219663073,0.003852743914835134,0.015489381297905771,-0.008560164459882344,0.003228668450521453,0.0021530847738303327,0.0017219220605945635,0.0021944659632072267,0.002210540489761967,0.0018779814351111005,0.0022461841979686736,0.0025627445592068224,0.0017097117035722916,0.001149170709196521,0.0020904584746795057,-0.0006487646155587278,0.0020882232633094755,0.005127239526510048,0.005349682553591961,0.001981056118223476,0.0006212334821125988,0.006074393394152396,0.0087207840898724
2019-05-31,0.012051037222798867,0.002517432259507506,0.0027278961632424097,0.027191028834777146,0.013026692061799195,0.005586440869709957,0.022899766054737824,0.013394305435198215,0.013155151146698308,0.011358467456185515,0.018104319849278887,0.0016159310833549936,0.02360064147338248,0.022724051626225893,0.026178849422506593,0.009990333593858558,0.009780451907823336,0.01302349201624785,0.011039576357907623,0.024395482423381954,0.01423098889591927,0.013894345267960408,-0.03874336139277232,0.013768006575694191,0.007877148729705814,0.0028158678810935485,-0.038290593933533804,0.013776516469613405,0.029595026349225048,0.011769109643159388,0.012763428018300138,0.01203202952570778,0.012062627382886992,0.012669740828051328,0.011868913751894937,0.012675713521779902,0.012468214481314063,0.00880745101800747,0.011916974196733394,0.008094140471059538,0.005583979968466252,0.0010886353453794337,0.009356610565326795,0.013364412399004271,0.01005158774687383,0.009578998687614696,0.02078855346709088
2019-06-30,0.0027136098103342195,0.0011647056758682863,0.004477050791106583,-0.007045469083643898,0.0023992657097813667,-0.006243630257278961,-0.004231936602771768,0.005243047406403165,0.0033928884549111055,0.0019656344257754665,0.001539554901452436,0.0005912968039351333,-0.006350892752397477,-0.004490352399903574,-0.006571887896077875,0.003143113155673541,0.003158652044816123,0.0027292939550272954,0.0014399451091020707,-0.005359373909791143,-0.0018462178616740778,0.0021299695559876884,0.004241033635793107,0.015626813340986152,0.010666996254484046,0.005619070552197163,0.001533218936995802,0.00721652776846669,0.010513709363742236,0.003000100684256242,0.0026647223949576764,0.0026131321864534675,0.0026672214287525556,0.002816084280688266,0.0027149434101940337,0.002388184733322867,0.0023660406056000894,0.004466726651940809,0.0025906112202276166,0.005222943391697769,0.002597461603540286,0.004305940438533469,0.0028906053257377316,0.0018849194680006633,0.003187802316509352,-0.005823169198822715,0.00019798430091178963
2019-07-31,0.008491526490343383,0.007942711115182957,0.012263885351370418,0.02125680901841428,0.007072853923226349,0.004372657207437898,0.02127030117375766,0.008554362874924051,0.008616763691123346,0.008965046024881372,0.008925221295633903,0.00910708430046445,0.01943648404052009,0.02038895022224794,0.021099039412622485,0.00811668932982028,0.00783978974723169,0.008157838423203945,0.008746641245832071,0.020774493859411405,0.019485362862030262,0.005172311395247992,0.014523403956239862,0.014913943170817383,0.012581618089261875,0.010284152018776502,0.006870621805127932,0.011656367401927568,0.01836857570712466,0.008463195209907926,0.008600270675709724,0.008583728535732187,0.008541683262248766,0.008112860744084356,0.008485826083233875,0.00851854999652783,0.008518176494056277,0.009547696395243109,0.008324916570810225,0.0077195947254946945,0.010807440876935177,0.0166167252492163,0.012982510573284586,0.006676555158109861,0.004392896076458771,0.0008426725135974388,0.012011161539587305
2019-08-31,0.012095141873201293,0.008368079425418246,0.018063753122689104,0.055231291580607106,0.009582329283895288,0.02334626348905444,0.0537476102047523,0.01586517822090294,0.013024099810301223,0.012399898762886571,0.010033672844007854,0.014017732902138213,0.051700554742134384,0.04931358959459623,0.054099399726316846,0.012682394663960702,0.011116487974845162,0.011805554205615186,0.010629325890903315,0.05142442574080882,0.041291348592462564,0.008171769482078036,0.02318092848834642,0.012466929014884338,0.0023810134523830516,0.006905194868633983,-0.013584322834851864,0.00798903739037305,0.05107934300709595,0.011395818948379554,0.012404113464213693,0.012032873518456548,0.012038384329536963,0.012407672027867354,0.012119148563837102,0.011511936054803499,0.012325294950430835,0.01063301526830646,0.012163586033862382,-0.0010453831108560437,0.02384534408808426,0.02873306418331189,0.02219914654691248,0.009924741570720591,0.0028463171740401296,0.007418006278473749,0.01223277486037341
2019-09-30,0.012666153933799896,0.004844270979046335,0.015083907417461507,-0.010204544202841205,0.011168499893331591,0.027921183392042623,0.001122409549052213,0.015004449102869223,0.0126117203709352,0.013324197447328724,0.01167063050279199,0.007498473610867102,-0.0006716022055973144,-0.006520012847920602,-0.009542816260245416,0.010801893556086765,0.011931748172106937,0.01260263999335255,0.009909511442587981,-0.00907983958496771,-0.0028045892969724255,0.004085618876144028,-0.025816874056518405,0.01470207259485872,0.005724155751000677,0.007863329512503708,0.009151063856241412,0.012895917359804231,0.0070098108422593265,0.012824612900248038,0.012796566186964821,0.012693322758983053,0.012747750065865681,0.011640989189776171,0.01259876508289219,0.011653086019476514,0.013914060793724594,0.013023228725296567,0.012868782054570942,0.003208305046748569,0.011822154534240589,0.0031681935304434835,0.019052567610471777,0.014604168728051894,0.013943626237261468,0.0012659509617966096,0.0004546976889024326
2019-10-31,0.004208493648249803,0.004721653892844242,0.0054759413330947495,0.00837067594690179,0.0037893452018476622,-0.003949456086152317,0.005915329693644342,0.004456282152400356,0.0038000468436185523,0.003628938024866959,0.004578375079630835,0.005623921060456384,0.008142025430905413,0.009237370260960274,0.007797083079890739,0.004593709242480033,0.0044130696229770245,0.0038673697753611766,0.004311997319203826,0.007843848232581845,0.009423031811690664,0.0031349502342751727,0.015986607399704443,0.012964379888355814,0.0037863994504577078,0.00547262333302656,-0.0028686534296155164,0.0021949118801832933,0.0036182501690528637,0.003946503861129204,0.004018696179031308,0.004296707122797798,0.004198515213674362,0.004314136957091583,0.0041535083739823115,0.0034042734111159323,0.004448188404797579,0.0041913786476657725,0.004095187728099223,0.006476059363992793,0.0064244751425782546,0.00949803385479617,0.005225999188744725,0.0026607613108158698,0.0011953659414947455,0.001974573624178018,0.010192925141557277
2019-11-30,-0.0022702237809709867,-0.003000835596112272,-0.007219120945639026,-0.017044607604200786,-0.0004703404429490648,-0.024674330387391086,-0.022611277707612516,-0.0017233188205890105,-0.0033680263576689666,-0.0019462880037749198,-0.0025019310450188313,-0.0009341300927654821,-0.018606181181956324,-0.014458782280814547,-0.01740785250692559,-0.001505134385001386,-0.0017302038060197228,-0.0026762282733621664,-0.001980798014652448,-0.01669231973476888,-0.013140410683972084,0.0005624947970360094,0.008251536074063955,0.0036435460305374616,0.0028871120309466414,4.3659479134294235e-05,0.001507480699244175,-0.005426410338994891,-0.027321080956043742,-0.0023607096488861496,-0.0026620364537839297,-0.0022351384742461842,-0.002294811690300659,-0.0024501601580899273,-0.0023023775611459288,-0.0018328423297006232,-0.0016021390252078257,-0.0028881876122848443,-0.002415075891911818,0.0038598703805379844,-0.008506838778387564,-0.006700359693282229,-0.008806948134979217,-0.003686567115246683,-0.0005251361128327443,-0.004453089298300267,0.0019004286401695888
2019-12-31,-0.012898512029157372,-0.006838435714865677,-0.014578975200725054,-0.03629999586630024,-0.011594591253575289,-0.008278033882448101,-0.037590600434718464,-0.01239002950904513,-0.01262006027851582,-0.012190676481294505,-0.011330917505081712,-0.015271987577570591,-0.03460541493392447,-0.033518381116018764,-0.03593569726776592,-0.012430991529974397,-0.011601066226276338,-0.012620175426417201,-0.010972036291229555,-0.034959274431795556,-0.029632124296528527,-0.008303102891455102,-0.015759781254473273,-0.022251548881845544,-0.01810152269573416,-0.016857839705102393,-0.017292147405438385,-0.020238975960295287,-0.031038483762744182,-0.013282526636672044,-0.012938868157256596,-0.012983919755898897,-0.012849113979355195,-0.012689824242159937,-0.012835267393106975,-0.013089039852607365,-0.01317569224711427,-0.012991845790592494,-0.0124088784103873,-0.014676012840332386,-0.012709552698150575,-0.023249486556566425,-0.01913046384462268,-0.010280684268449474,-0.008650183988556154,-0.003389613699659196,-0.00908181840359517
2020-01-31,0.011435238584347066,0.007792136471151699,0.013208619680766847,0.034432195776996535,0.007878296219589121,-0.009445211606175272,0.02901648132078272,0.012088371548320384,0.011156760077210816,0.009648218370825747,0.012164242799052108,0.010676407853014313,0.03120928955698096,0.030905664145069203,0.0342298747962444,0.013018802908055379,0.010391676812565727,0.011230791712490074,0.009677727474241853,0.0328203358019197,0.021047967264776674,0.008121314076412315,0.012137179155347684,0.02228082221850041,0.005311368794834838,0.01661451800358876,-0.03198997151738475,0.03041890821603253,0.0522134485145778,0.01114412932689454,0.011593423966386015,0.011370326879746005,0.011393492374525383,0.011513268898907211,0.011575134811703273,0.011652833738231935,0.012076994642137719,0.014220266061359352,0.01142798107917824,0.014331995411097854,0.007626565687442613,0.015254101054731056,0.01332299913592801,0.00875193010364993,-0.0003990937071022271,0.010466929714437315,0.007911769562290356
2020-02-29,0.002150958835397206,0.0004104736466311172,0.0009214272064659144,0.010058876678164486,0.0019996443106115253,-0.015552532729324066,0.0014441975136357441,0.002809163839553466,0.00184419069387334,0.0027774033296695012,0.002258349350351298,0.0052325670607832955,0.005275563333017997,0.009099184450068618,0.010298687711199125,0.0023336764055991435,0.002009495280740355,0.002295100901976755,0.0018413450369550275,0.008995385153882289,0.008463261587365826,-0.0007859811803348778,0.026947760583294126,0.004725059966715863,0.0029564428453063276,0.004198760499761353,0.0008003168831520486,0.004124266161100456,-0.005103650570117509,0.002149246306050961,0.001872001772202956,0.0021105761993799083,0.002172056437581092,0.002054342480395154,0.0020384659014541524,0.0016925482485685448,0.002341461779150011,0.0019277560464616467,0.002203748098850197,0.006730658371773293,-0.0013268339559432837,0.0017073262411604277,0.0023731259657587185,0.0029879659195818763,0.0012295294319655124,0.005376597375530466,-0.009021831353116029
2020-03-31,0.013525218249704827,0.005292597206840466,0.04481321287891639,0.15279418968253183,0.004082415040139142,0.027330042603164104,0.14511996894209306,0.015019745221598688,0.01089650206017717,0.016230751597602715,0.014044327903253127,0.04128496277737469,0.12778831373515853,0.14067917658270476,0.15260365829019312,0.012308773496235319,0.009825888937327632,0.01104456662938957,0.009485449820122067,0.14470277694681585,0.12881513755021173,-0.005262755673957877,0.14495633473463532,0.09715587531778744,0.047093183546740296,0.04268628801732162,0.048981350332379686,0.05759138267084536,0.11737527098781785,0.015484336229594197,0.01314283871750273,0.0131441645616458,0.013185803843295513,0.013288356549184324,0.012930674738779149,0.012857429779172015,0.012358468203209655,0.014957011010732222,0.013283316867083731,0.025198259392186912,0.029631305216950912,0.09138680180895373,0.058886751698694444,0.007686418776926007,-0.007785010999299257,0.03391607944039406,0.03719376284148814
2020-04-30,0.02216447818451846,0.003422490962398656,0.003872128627241148,-0.06986704175270685,0.02382819405765664,-0.03512869586218442,-0.0667066520204007,0.023999259892678898,0.02355493372606074,0.019100976442408407,0.018335853506277595,0.01196045722023865,-0.07482162075400532,-0.06304184336543983,-0.06918494496696835,0.022559289847255023,0.021855605394858417,0.02191441903229065,0.022012288758975866,-0.06849906857665476,-0.05447403753127193,0.013037206304191258,-0.03316789617316659,0.041498603612336225,0.03165591601353508,0.024463978559335343,-0.003376216498178456,0.01140412805946655,-0.00605132151911508,0.022338018976698043,0.023184132902577217,0.022321157280974283,0.022090956643231907,0.02133230891830837,0.022026003509307772,0.022680966256963662,0.023176561231301008,0.023327427800997873,0.022142119589533413,0.03255872513765471,0.014147390085521992,-0.05175684151935177,0.01820948362289767,0.03376642833592982,0.031103088601058537,0.018932357698399585,-0.00722063550167601
2020-05-31,-3.238899232627069e-05,-0.005386692876607561,-0.002948705044109961,0.04432919383196401,-0.0015299193959982713,-0.037829274918076854,0.047953369812943306,-0.0007509827193378369,-0.00038576023844674387,-0.0002838632511016583,0.0004904321759428211,0.003207409300618712,0.02972374451928816,0.044593954035806155,0.04754542871185804,-0.0015169228560383207,0.0002468738037392714,-0.0005143390605242697,0.005709626747195704,0.03937744483884502,0.038813618998486635,-0.003007061938028961,0.05715516035104548,-0.0008089368123887324,0.00846665838150705,0.008781857047149953,0.03369826808712896,0.007141019316402065,0.034433639136267596,0.00022469466294578995,-0.0005282736992122256,4.807205581631915e-05,1.6585035439963414e-05,-0.00030237128677159525,-0.0001904838725384642,0.0005318289643319468,0.0005429288743339501,-0.001711896494420921,0.00012339627554102273,-0.0027216510334196016,-0.012496856787200796,0.02391172902782555,0.01337752447485184,0.002920583629410357,0.0001322360569807674,0.0072966136911204555,-0.006826294392471402
2020-06-30,0.004194989182847013,-0.0010767081814462487,-0.0007364425672995059,-1.0410935069702038e-05,0.0019988899188018807,-0.028294075514981483,0.0014444784942797978,0.0036870905021321554,0.004048212133935997,0.005946482162145813,0.003933226621154674,0.013393281958441423,0.00011221968534062604,0.009357889239743934,0.0026544151365068373,0.0016987672855130077,-0.0007748613894508431,0.00212303125973308,0.006248679908089491,0.00026374685306424997,0.01908929314625702,-0.011135666125559754,0.016994771084858067,0.008324808133265995,0.014409892344238397,0.016861974231652484,0.018463854537436965,0.012233980182368804,-0.0031076786612422055,0.004325883164898676,0.004707289571378073,0.004410290493722829,0.004213378990973744,0.004248615030221551,0.004169440779371185,0.004193800760895839,0.0033092834397248977,0.005420983073393663,0.004482654849763364,0.011113292998330951,0.008670469074249317,0.0013537970574247892,0.015500329750427401,0.001597009501783592,-0.005152406454632358,0.007427232171262209,-0.01504104701010604
2020-07-31,0.005136170369018534,-0.004486253088381978,0.016911334722269213,0.051869839021499935,0.0033881900677628714,0.002531806843868539,0.059018556214048945,0.005979552852176978,0.004743556113319194,0.004351550016567874,0.0024339292382582673,0.012129348215553752,0.04058301671494343,0.04666836918390369,0.050538218038527837,0.005166770843764071,0.004678954225682061,0.004923310675420875,0.0042987240235563265,0.048828167144418635,0.033215228521228,0.00392555340637785,0.03288557574995916,0.018861710015982372,0.009898347005758323,0.007686189012709642,0.004577157786961536,0.0012796764298159497,0.05634297066173505,0.0051440186483247404,0.00522600857427972,0.005007900069487244,0.004952946724251608,0.004647329535698618,0.004955096649735182,0.005574069063567383,0.004593213070126672,0.006716164690430364,0.00537770165839777,0.004003432775379317,0.004978268500187758,0.03201326097592158,0.0015294634557962237,-0.00752700522443142,0.0004023278851184038,0.005918231410030574,0.01520492739760427
2020-08-31,0.0008041608775691131,-0.0033981509833517394,-0.0003533358818219935,-0.006198721779255984,-0.00019351105041333854,-0.0177100814771518,0.002553375546489362,-0.0021637697385277943,0.0015591660670981377,-0.000479903226045848,-0.0007893855146763914,0.0009154807078325638,-0.0030204346728751976,-0.0012171611494717724,-0.0051278751629106195,0.001338778853947851,0.00048144518155077755,0.00027685570598585366,-0.001816561695218707,-0.00615890365411788,0.0010393354433793668,-0.0006237655229238029,-0.012029005950096204,-0.01310887205106105,-0.005429499967096733,0.004698789757188569,0.02130381264156948,0.0022320923060931684,0.016903907341324645,0.00041579512597868294,0.0007730976961053716,0.0007573329286745515,0.0007464016244610646,0.000708205036324912,0.0009411798745021854,0.0012489442266313648,0.0005793257360874748,0.0010111203553760085,0.0007937264821407965,0.00014717942871755963,-9.453145093249335e-05,0.0019371258041676871,0.011912508366866859,0.0026864814477172384,-0.0004928506439393441,0.03272172134252661,-0.02341154265853737
2020-09-30,0.010508867727257497,-0.0046446031280471655,0.011463275834524207,0.029563172479169786,0.008143503519776434,-0.0163836417529171,0.030690811065585553,0.010651322003536646,0.01029012879512024,0.010877651574259588,0.014856172273198428,0.013852490765494599,0.0261074521635182,0.02897189558804333,0.029624585978626227,0.009849339161874183,0.008903452442412467,0.01007807982533161,0.007619531777311386,0.02767264206153438,0.02438440659280303,0.0016347240801484963,0.020461415676672458,0.010400547563697009,0.01879966605906657,0.014686142782574846,0.014744119570493848,0.016070316058115906,0.026676426218404062,0.010532168840780592,0.010410324616077818,0.01064734444206839,0.010686433718878069,0.01034048907297957,0.010322814871543885,0.01006813892157727,0.00987013896879565,0.009867260480397997,0.010423421880138931,0.01273318281451551,0.006068492282397981,0.0158959170633051,0.016282961577567142,0.004845954203367363,0.002693063592312656,-0.005988286325168699,0.0030122930502306253
2020-10-31,-0.01767195478336572,-0.0014896762730095621,-0.021346785483521428,-0.031876264042351596,-0.01581970918268551,-0.001338991308657052,-0.036504081011723234,-0.019875994623801255,-0.017633632448195127,-0.01712328222158728,-0.01613199005675936,-0.02023056277895606,-0.030481259214211288,-0.032069167908577695,-0.03161605124948646,-0.017429809382839945,-0.01634978933512003,-0.017384927059570655,-0.014770710021466227,-0.03138777322505479,-0.026890630976643747,-0.013533121986555973,-0.029172603927248165,-0.030799295408551676,-0.029270133666063784,-0.020025429755693845,-0.01010362268829813,-0.028768372155564197,-0.045408401257179494,-0.01763981269093822,-0.017983227077271857,-0.017659648595606325,-0.017413815550821117,-0.017418129158918494,-0.017523476060687375,-0.01723100337658945,-0.017811312829612992,-0.018334029936756847,-0.017516159792819154,-0.0165520428514728,-0.020461297998656997,-0.03114359037271905,-0.0236039438064818,-0.012692686607736368,-0.01391011219370006,-0.008585650331030873,-0.0008748050181523119
2020-11-30,0.030683506641307156,0.017979960412196044,-0.013571534647668382,-0.07435970096055411,0.030283159442900727,-0.07055433285547091,-0.06370655975722336,0.03464739035714108,0.028821753556950002,0.02811042075920186,0.0356371074242997,0.02649095900126092,-0.07665071926628861,-0.05646691095490724,-0.06961367779129832,0.028589164745656932,0.025098658191272806,0.029772887872334824,0.02112229475909343,-0.07173027502246591,-0.02392320682232004,0.014860409422646347,0.02662248370726119,0.08078292324046978,0.048210328351786166,0.04383814652392741,0.03088745915797574,0.04950812910157828,-0.042139086849841044,0.03083959323801497,0.030346486170662497,0.030341739417535138,0.030744324795823674,0.02946595730136158,0.030113563818356535,0.030957770418058132,0.03115651818046114,0.02937543385951294,0.030169029984416198,0.045183862678846866,-5.306421862274276e-05,-0.056792028270978366,0.020732520934928347,0.03387232551412499,0.03113122904372112,0.05030534643307569,-0.04162830804939862
2020-12-31,0.019251361686331774,0.005942367689761028,0.02515441238622141,0.04133749372569798,0.015813949117927793,-0.0234141397973849,0.04153186296441074,0.021844319711923847,0.01886232583259044,0.020455382143783788,0.021249300620969098,0.023583299391127802,0.041695351702295845,0.04268301427830133,0.039000348349340574,0.017963024999027487,0.015848499462682256,0.02015694310867771,0.017202838957377974,0.03801942635188746,0.04369940522681407,0.003380842559369597,0.05209101059157094,0.04621557183885843,0.02639850967199737,0.023166834751325638,0.015662154043784588,0.02128173442211888,0.02590665859247883,0.019014112943903823,0.01917414165371248,0.01914545640996091,0.019250509277910846,0.019080107494549695,0.019164269439701245,0.019265313141993853,0.019031716804574838,0.01855944884757722,0.019266942809367565,0.016602455809400354,0.028634841161779265,0.0028214159836263985,0.03450698918769328,0.016260361799221953,0.008599241925532124,0.0011092322025200469,0.0012313631634286847
2021-01-31,0.051923614159508705,-0.003359476490651045,0.026690148750033393,0.07164425283981926,0.041609980496225614,-0.02348445003208131,0.07917673657392368,0.06067261080803642,0.055521105893342027,0.05118980079282377,0.050296366251524185,0.04160081121568018,0.07938646954344267,0.07292767616634242,0.06886989974957282,0.0479756478668076,0.033141592917300886,0.043428029671300813,0.041443800954366505,0.06699699874241918,0.07000456694703894,0.0062943595124208464,0.0254546274642082,0.03817761893821703,0.05934379135541811,0.04482271177735425,-0.00935125440831449,0.059696481716309174,0.04377685908994858,0.05231235104188278,0.05366293785867349,0.05233093953671897,0.05169291330164625,0.05183409717228899,0.05165017387634,0.05164880721938794,0.05242920349688581,0.05258144252554308,0.05103521505362924,0.04567722698317281,0.06657812356535475,0.036374227759191594,0.06085448648992145,0.02736497221008715,0.020085652405137867,0.03489555052766054,0.12576782726708244
2021-02-28,0.03654055852266835,0.02796557014128136,0.024524929382737422,0.011070286956140893,0.035419587435678496,-0.0037687558352764656,0.01800129867929229,0.05349991164689341,0.03173441488779548,0.030013521483423136,0.03356989347136723,0.026392909880609185,0.02591164541012741,0.01348305906770149,0.008652586292385748,0.03655055451866378,0.02939012933708365,0.03294160707167987,0.03612422847219435,0.009387004090368533,0.013341510927701633,0.012770379979036703,0.011886760700990056,0.04601500145398619,0.053917530741443634,0.03996940266353253,-0.010558284026170284,0.034886224451925706,0.02292930785631352,0.0349430716317078,0.037584112979534526,0.036927256159102036,0.03679448114801895,0.03730392859009309,0.03687630097344405,0.03650215059038328,0.03550080511106459,0.03550626001398063,0.03620429146950531,0.03707957154474181,0.047973511797298585,0.00653931703353423,-0.010605444982310126,0.0173936569751761,0.034820538624167056,0.05278686300816214,0.042006840799454145
2021-03-31,-0.06874332863918771,0.0009761711206738004,-0.1027938651456808,-0.09707517791655566,-0.05814231706175967,0.07894230818107013,-0.08387312334453753,-0.0736505708775858,-0.06569745857643056,-0.06708230188684634,-0.06959538914632421,-0.0848335238902712,-0.09220086636089715,-0.09289931098335931,-0.10189745223677944,-0.06506812119716679,-0.05660688778951806,-0.06601927412846786,-0.05786133232510879,-0.09830399826618472,-0.10791957413163253,-0.0030134086804042373,-0.07969866511384173,-0.10389137805681024,-0.07126746115739997,-0.07253285475485628,-0.03021616547120734,-0.08089100765731433,-0.0532578165395051,-0.06872917203825019,-0.06812470402174163,-0.06875940200998994,-0.06842914598213787,-0.06811049793546314,-0.06843108959563073,-0.07088910193803052,-0.07009774645852754,-0.06920639027602757,-0.06971270000388675,-0.08029408263160007,-0.026970453017058447,-0.011328192555353883,-0.08370134755156919,-0.04623603000198477,-0.03529810952351319,-0.02512042523146804,-0.027434840318259844
2021-04-30,0.01729375899656573,0.0041999996062214336,0.0018550139346460142,0.008404038887861717,0.01666217431348355,0.013277165378922434,0.015198304310292086,0.01985596600802338,0.017663893446672515,0.01523742144287767,0.016419849875229115,0.0088687587715157,0.01015270740809459,0.007496800126524569,0.006160730543148439,0.016520364191439593,0.013163262174108618,0.0170486429822179,0.0139641746489321,0.006038222028419906,-0.025096658471385813,0.016970083709503567,-0.02324164409889581,-0.00291675215229387,4.722502239473057e-05,0.004561692933398133,0.0009309090367858371,0.012021001190680272,-0.0036726152588069457,0.017778573123633002,0.017489533620342845,0.01757209314296994,0.01767391312368122,0.01704451805201962,0.017567992901346984,0.018498777361924432,0.017505768588993994,0.017004170311520045,0.01750320131955295,0.01876185133391538,-0.0035191774781458203,0.03655612404263152,0.030997779660807183,0.020542026822506273,0.009294960546996042,0.011867294809935605,0.028636708141841903
2021-05-31,0.02684761359811513,0.0037733448982627676,0.02119388641513959,0.04858003223168663,0.023003390835563346,0.034838145174453536,0.05402720845534661,0.02870036253472448,0.026829709682884176,0.026842255039325615,0.027421548091836636,0.03531939735420473,0.02929902302805788,0.04408460823898892,0.03273791096167416,0.02620997354676317,0.022990821946126998,0.024446807048210024,0.02636524011424607,0.0460422510096892,0.013727004798589645,0.015002317835513378,0.03930500296276416,0.017331903994915448,0.04324140163649203,0.035555094004373115,0.013248383948096975,0.03210514855171518,0.0012241235771825064,0.02695748424292939,0.027027403364074803,0.02688736222859921,0.02658505861881087,0.025950771951396154,0.025987519605594953,0.025899570067580743,0.026824840310020512,0.028157276667182374,0.027703146496943314,0.0228061437136759,0.04298642082664677,0.021225788828279156,0.05202570487857594,0.042225867100633474,0.021519673239125042,-0.00037001526289183397,0.04502468868764195
2021-06-30,-0.07495654849580467,0.009362318732293517,-0.04555059196700408,-0.09794853418290665,-0.06548660270884817,-0.046068386752114346,-0.09858277745774195,-0.08149720928105972,-0.07499331229696553,-0.07497969884412858,-0.07621987002405939,-0.0786723902326614,-0.06370296849010684,-0.08071348103398823,-0.0754154310452705,-0.0720934174342493,-0.05750331316943369,-0.06464117407498539,-0.06545120648027163,-0.08523699024647627,-0.011648121175316248,-0.02381192162898264,-0.05297060130397406,-0.03025486021453753,-0.0791156630631114,-0.07388779367230341,-0.005394292555433729,-0.0700579877859158,-0.0037451810638457726,-0.07480718025320117,-0.07544726439338267,-0.0748038671723185,-0.07415976347291547,-0.07458862943016656,-0.07369832293978414,-0.07357566917292326,-0.0756524139016989,-0.07522818669527004,-0.07491255998031485,-0.07648008076214839,-0.058485310333436784,-0.0749096965295454,-0.09406943029135614,-0.06104637883588387,-0.03781711161578866,-0.04328196929381354,-0.03803257042661676
2021-07-31,0.013831508861058373,0.0038686502755862695,-0.014365022136786622,-0.0035009210347975305,0.016893778507617162,0.04353264522509383,-0.0012074448965905013,0.015205387567066523,0.013281731921610983,0.015171176041054146,0.0063892422702758744,0.0052016473699881705,-0.005097668454420249,-0.014895817567876979,-0.015272840424435332,0.01317023587954988,0.011949812281014847,0.010342271858505286,0.02351687021664323,-0.021578910519238718,-0.0656152892870606,0.02422177587915366,-0.013201474974431478,0.016472829571194524,-0.0076009669414071135,0.011120708570438004,0.007975337318665392,-0.0035481850433166017,-0.008204703709937883,0.01360319368121421,0.013595118796434647,0.013670907864888058,0.013554130575512418,0.0132398910253103,0.013523855197530004,0.014169869156737548,0.013419221135552063,0.01415442893738949,0.014448245095851681,0.02892674703640235,-0.012847646027305263,0.015490932953866976,-0.04418233475965151,-0.0003804990377251295,0.008518891939518982,0.04241525632609137,-0.04086223356044541
2021-08-31,0.001017786164745985,-0.0019603649431145227,-0.00011466115468025036,-0.007502844615702622,0.0017185189202417205,-0.00475813810973113,-0.00869096931883114,0.00037243787256123164,0.0004903350058545035,0.002148180211709583,0.0031874045575467874,0.00017589476051984554,-0.005769387039258113,-0.004118156728688849,-0.003932287289819944,0.0008640250045279664,0.00033289193598779544,0.00043782808806277373,0.0003992754651996957,-0.0061689186623687525,-0.005966511779028234,0.0029448666862325703,-0.0007033563839811269,0.0022725596730674095,0.005544170453576722,0.002404695767235136,0.004711176199044775,0.0013543521856616138,-0.02654318214300993,0.0010641251872824749,0.0014270209335331835,0.001135892452363673,0.0010774960638456543,0.0009920638419392868,0.0010306068261066738,0.0011029371094353484,0.0009139751345025399,0.0010290807713253052,0.000993996461228341,0.003197645370924812,-0.005652323275716044,-0.0021788251817243167,-0.007298222921179894,-0.0024049492320042934,0.0030392205593809656,0.01016986997839975,-0.0018304831514866543
2021-09-30,-0.013495161901054384,0.0006562946847183649,-0.012576520044331121,-0.031703827001677204,-0.009606047347090257,-0.0011087391998035384,-0.034141049590779494,-0.01188600412857816,-0.012820785856343029,-0.011251686405632514,-0.01415310341476152,-0.025137530191184622,-0.03441455531651596,-0.031297726021163694,-0.033813942277394524,-0.012615659045976672,-0.009729008611646574,-0.010474293114316083,-0.0102555896951859,-0.02489632959808968,-0.007045190697046964,0.002892472073735393,-0.01677044624352848,-0.02245885204119765,-0.025013971387009764,-0.022079748134644823,-0.023364314740399964,-0.012480560894140305,-0.051469298587207626,-0.013169538575055236,-0.01357566606344867,-0.013464144918340259,-0.013422149292677862,-0.013571278151497737,-0.013242539981171988,-0.013437083826316509,-0.012379153163040403,-0.013368127011504846,-0.013411647353778384,-0.01468968053467552,-0.01390641449030465,-0.03835581730706427,-0.018775849585915702,-0.003650195646155589,-0.00428775543987324,-0.02880727352551741,-0.005965648199656155
2021-10-31,0.007564859077772254,0.002163061376745113,0.007563241401180773,0.015467041865779215,0.008338144034790806,-0.0004903831419571276,0.020137423167727136,0.00960576398252928,0.004772388708789807,0.006711672243106639,0.00951871155485321,0.00712867382863651,0.020046911543281757,0.014410222245271805,0.016240558023322145,0.007380639359638335,0.005917899046277157,0.007435211598110357,0.008312274412536139,0.009523405779334828,-0.0032394070326364544,0.007179690558675243,-0.032421805343794824,-0.0165967113846403,-0.0035557517326436847,0.0024329454840081866,0.003828923080807763,-0.0007614461909940105,0.012618904337423152,0.007626078032350182,0.007587748047761639,0.007589429968170349,0.007648574328919046,0.007804557865057447,0.007547219723569989,0.009083388692462058,0.007430598386322055,0.007586424139026686,0.007581664361560255,0.010987006428927262,0.0014106163707442853,-0.012423184037231312,-0.0006318052947926187,0.004448948631900051,0.006520235327459601,0.020429177769951908,-0.004107729881395632
2021-11-30,0.014599099239496302,0.004366645880590168,0.014027842428668384,0.0620408635774161,0.010339023836969302,0.05079506639744806,0.06952392406338581,0.018054795920023823,0.012784698771065703,0.012657050235209834,0.01711944920191766,0.024056226590477306,0.055108816531777745,0.04424939788386011,0.0462690831731767,0.014446948590237242,0.014435134875687438,0.014663729421106246,0.017540137082546602,0.047350470274407384,0.02263520239845041,0.015466225081585652,0.021395311877262783,0.053031610991597276,0.03334952153567724,0.028838751607188226,0.019605456563172384,0.030031866251892466,0.033511009728859,0.014498775737340687,0.014543096783636217,0.014615592190889893,0.014539962898715916,0.014536704856825771,0.014661116893687437,0.0138744283047659,0.014632275911701438,0.014447117645431256,0.014577918010448542,0.01298607322969194,0.028791858711546162,0.03359923072696869,0.0284278502505263,0.010156096706865722,-0.00505583220508542,0.010162385334885457,0.035156368998979504
2021-12-31,-0.00581230285055467,0.010227703975820186,-0.012659577980315672,-0.0011421436100192226,-0.00566394704048396,0.06442778827436088,0.018056725523616902,-0.006949034277188428,-0.004179928452205024,-0.005903028220388491,-0.003573010187310199,-0.0010728403676641435,0.01323167004647087,-0.01240203922041851,-0.01968339639267929,-0.004576953987761638,0.0036001843447026156,-0.0028046111213083976,-0.00694835084395301,-0.020243754544562422,0.016659880689639646,0.01036887436170718,0.02729487277888731,0.03450176661629793,0.018837318075105813,0.008443454229508695,0.01782716534281533,0.030811167638096246,-0.008821731735530866,-0.005590238365745212,-0.005667969658949555,-0.005988751098953363,-0.005888035350736777,-0.005410149437111356,-0.005601866072283866,-0.00901593866479461,-0.00526946912746479,-0.006476962860324066,-0.005838021643719788,-0.0018542091670529267,0.019700824325031258,0.054619572488296034,0.000807327274903039,-0.01533310214873265,-0.012990721935072709,-0.008467116816867244,0.027934048618806866
2022-01-31,0.0730991952680279,0.01929193516739329,0.04575261638200775,0.06073248032632894,0.06179844125445229,0.06981984788799517,0.08002036039686126,0.07540537935129539,0.0748330630805367,0.07580134750958799,0.07459884415542913,0.0913851582740854,0.05975437987193374,0.04629134941421282,0.03472881116932763,0.07313384590360773,0.06540441254399922,0.06295507224692139,0.0668136923926059,0.04243643172307738,0.07805521167456518,0.038904037127596255,0.10093051978046064,0.04481821708398664,0.1073140450280759,0.08873431329194814,0.0711421178513853,0.08657310679007164,-0.04957315038859427,0.07257235798545153,0.07335981925015143,0.07361663609183922,0.07259192070104754,0.07258639100519906,0.07252973066469924,0.07244360309098805,0.07253064754758032,0.0757133366533407,0.07309471116442874,0.05262280982076269,0.06163438006477477,0.09568225969216289,0.107928860987733,0.07409542918774646,0.04096047474878798,0.03995337090796752,0.04781582606450202
2022-02-28,0.0029747538190425965,-0.004380241218803802,0.00643449952323648,0.007997683953802912,0.0027335125926748476,0.008708838604343221,0.004937288055117346,0.004529072973993653,0.0011906757062273834,0.0031170630144059263,0.001676409532860902,0.007180017666820422,-0.0011568167398843575,0.004041386247297857,0.0030757787005490345,0.0032026336238559863,0.0018515933619959915,0.002047711919588691,-0.0002602516480728804,0.004320419929299325,0.0016977001200183415,0.0059701763096722945,0.018297450670783495,-0.0005522272464346823,0.0030973195577021096,0.006850098940956777,0.018883981198373635,-0.0025097000506771033,-0.007960342370097837,0.003056770964073405,0.002726679669302085,0.003033143729898992,0.002971028024768315,0.0027487530861802726,0.002795502925374141,0.0035185201566320544,0.00316431535284035,0.0026858921524374572,0.002943792833444632,-0.011311409386129428,0.008040174063105936,0.036852040883790224,0.008908059475100911,-0.016222722487498595,0.012328252684530729,0.008318829782110139,0.007250423310205697
2022-03-31,0.017857052725810462,0.003731040201365933,0.015593021038801119,0.013668379903886222,0.017598853135301917,0.011549286484191793,0.009977221188611591,0.017482614547854318,0.016359034270159122,0.019092678491206758,0.017003505817232402,0.027000090189455803,0.014840128778883584,0.013209489912912964,0.013202096267413243,0.01757247464332017,0.01844689052696162,0.016413891972126605,0.017094632667294024,0.013473355634573522,0.009922463042915504,0.011010442147852805,-0.014916169810024684,-0.001359458187525836,0.012874876303868544,0.0187566354420793,-0.0052568301009722936,0.01602452623536811,-0.003058412409517902,0.017791055241137946,0.01843208207814921,0.018049926414219427,0.01816657940966948,0.017915758719301424,0.018136485600447935,0.01712914297742804,0.019318963923296757,0.019753320406628125,0.01779426943929929,0.017289294452593338,0.01305354189552576,0.01922375896526422,0.01709731706515209,0.017446441607169093,0.014807227079985726,-0.02049230962609117,0.009090042155307445
2022-04-30,0.0304719632014139,0.013604832787096842,0.05132261463402294,0.10864632889769067,0.01961734422668873,0.07998093382537835,0.10984813207112665,0.031797139198573576,0.02662343679760207,0.028537781963353565,0.03455252557685646,0.050529008412270766,0.10473765473786345,0.1117936385390713,0.10899620978119055,0.02717454377837039,0.028556553213697225,0.025619107733101377,0.02684759537357675,0.11284877918216091,0.11419403923026893,-0.0034856136465279443,0.029526391280702197,0.09827584356254809,0.06732251040476943,0.058795432602298754,0.09700924468680797,0.04866045399616572,0.11160552806378306,0.03015069779186733,0.030130798647627566,0.030765781928216565,0.030710275439171306,0.03069269218290628,0.03036023266706891,0.03064567404180922,0.030272871717038623,0.028869397348531615,0.030743479288735078,0.05445991281065824,0.056570165606927125,0.08193886814666353,0.10044718101394545,0.021076056078282532,-0.0011513657294533396,0.04028376852887859,0.009450057130136766
2022-05-31,0.03654701070292291,-0.0037472446969104467,0.05144510791941683,0.0699412664245477,0.027378853926224,0.05470425071122509,0.06825422146827627,0.04283691093112887,0.03616840866720949,0.038280963556516175,0.03893577178126291,0.053481109401014144,0.059375948459132306,0.0702019175252574,0.06851582561686814,0.036160948541339305,0.03446832097028317,0.03287546138624768,0.029270602815422386,0.0689791610401627,0.06912311748152532,0.0047056500082650575,0.0770466026999131,0.10757180987489945,0.08938442909989187,0.07436964443254601,0.07011087825194076,0.06114554892987538,0.06276856969919078,0.0362453613592786,0.03664508423484623,0.0370150592779342,0.036520535732730626,0.03674523695496829,0.03547160217733743,0.03625896886606569,0.03616958104013134,0.03777074656299749,0.03665037200232395,0.05929042139994545,0.06149849510450995,0.0701084822268114,0.05676947882187098,0.027188530102846345,0.02246395162022247,0.015593271089016557,0.027527426738301292
2022-06-30,-0.019370081983999865,-0.000619852365439899,-0.037083210199732826,0.004658014289661138,-0.018197445519955037,0.012674376483157827,0.00533442739352399,-0.020536208822283776,-0.021442984216551338,-0.020259264062924803,-0.01839414904948269,-0.02270427177047732,0.017881643269088598,0.004430725168590556,0.006509049472592248,-0.02033238225871018,-0.020328404232168733,-0.019852923732118694,-0.01699505739296457,0.005609422463072461,0.002569397260083841,-0.011025357676597996,-0.021867232995971563,-0.015915491187984653,-0.01657016264356192,-0.022195989700724606,-0.01636206810669924,-0.02404601017999994,0.016389828530150117,-0.019572092008169433,-0.019380726140145407,-0.0197270776572677,-0.019307968507222405,-0.019184699376943195,-0.018529783277067845,-0.020184670977190435,-0.020253500863369498,-0.020242941621820044,-0.019096820950636507,-0.023740598945216785,-0.0038203605903919255,-0.02045407542503593,-0.03843267703666137,-0.041852588817897184,-0.01079311284436225,-1.1845107128931722e-05,-0.01648974078675323
2022-07-31,-0.07378701358130764,-0.006610314734322958,-0.06289355083594245,-0.05052534423076888,-0.06657538704728289,-0.04115252043102169,-0.04857049897062621,-0.07376943497825486,-0.07295710869450574,-0.07492369694636666,-0.07568043840563682,-0.07283745298744697,-0.05029138942194007,-0.05110694035947527,-0.04992633749552098,-0.07144571667168056,-0.06584655197557185,-0.06784576710249804,-0.06471282099869259,-0.05037088937976571,-0.042885458647003646,-0.059022597074811785,-0.027696737981373502,-0.041620035481635495,-0.05658622915870247,-0.0567637895495168,-0.04498396219212643,-0.07164491133005359,-0.046101595243051595,-0.07363031446908995,-0.07379402196331475,-0.07482722242334904,-0.07369315603882012,-0.07375842742492394,-0.07374570334652951,-0.07227156979872837,-0.07533397913789795,-0.07418026973487236,-0.07371449843837416,-0.05693931626108148,-0.06260057226319916,-0.05818728270177023,-0.08545724756800799,-0.06256413702572862,-0.05612026448926427,-0.08605924384951408,-0.05373602107516579
2022-08-31,-0.0009344182807058963,0.006876534596846627,-0.017388757749104866,-0.024581816461394363,0.004062791767671265,-0.0157619297683351,-0.027312593474216336,-0.00018575116522480476,-0.0054215589378560445,-0.0010844194767839857,0.006816557497300932,-0.01407401982657827,-0.026134130575980935,-0.024879968989625984,-0.026300671513550793,0.0024282352037285288,0.0032576034881808295,-0.00026871767473247423,-0.0006206678022494458,-0.02649299171515727,-0.032231612333831934,0.002203578153996868,-0.00934226896776768,0.002644565811196469,0.006951463724963734,-0.010227307335812006,-0.025852592816378743,-0.0015752884200935038,-0.045320611618520516,-0.0014619458963337035,-0.0016857369981618,-0.0007310392440268779,-0.0009191808206204851,-0.0009739876807481984,-0.000798472755898778,-0.0017088354303579334,-0.003261874929021063,-0.0005534569690165079,-0.0008148848086347205,-0.022866735202884875,-0.011671413280055111,-0.003278123782565405,-0.0021399442845388586,0.007622932677125782,0.01364793825347856,-0.0023959085340562046,0.0025901053510813954
2022-09-30,0.008893154881405557,0.005921908683569075,0.0015263192226592252,0.016577817393974157,0.00902617950427825,0.02133958006216683,0.01842574606508307,0.00652150109436124,0.003814784418975616,0.008995799644526252,0.010703975354559218,0.012625702182725016,0.024324648574945117,0.01807521409966985,0.019890355648499163,0.008362853389714856,0.008381332532845353,0.008115406939761344,0.006361068121495295,0.019593708029311263,0.021215791834672915,0.005481751506081028,0.02100483923262316,0.03201029093815485,0.021652419695909857,0.01797015312170801,0.026201876700780797,0.008251257092336005,0.014734960575737786,0.008240191411616048,0.008033934589526143,0.008900785347575041,0.008824513602077996,0.008964320932491427,0.008880658431876838,0.009369668550675518,0.008639741376422323,0.009094457540929433,0.008872002885999495,0.015188733102557393,0.012108076267198222,-0.011257085172761276,-0.007137905461179012,0.004691789212045124,0.006625992262309668,0.014136145790716316,0.02193872376872152
2022-10-31,0.0061397301769866765,0.004242532827298763,0.026757807597430978,0.045725321696006536,0.0018707451835935393,0.043672572601305346,0.04375462021866092,0.005338424879596544,0.0038246347511850898,0.004883847235230665,0.007409519915426924,0.01707148267867501,0.036606042602962734,0.04577727501435408,0.04381421381026744,0.006654303860191012,0.006161616201258099,0.005429157918892296,0.003298000018033157,0.04519052480493831,0.04677244508746584,0.010024720888229277,0.07415464292851065,0.035408371759562185,0.020549147445746655,0.021971689947035643,0.08152499768494845,0.011077405526803025,0.04155459195497145,0.0036421766466517265,0.004666835575648878,0.005908568147139065,0.006166859371114936,0.006491169718991516,0.006491420003411592,0.006505906244563066,0.004368342200662428,0.0056871460240306365,0.006055629335374799,0.003304629872855969,0.014450421553829302,0.04795213870832387,0.02141030502017036,-0.005021116305045832,-0.0004666965125213043,0.04804172159844365,0.026135726552409918
2022-11-30,-0.005111671212110891,0.001845341319964331,0.022186878138869503,0.04377705322622849,-0.007579882904770438,0.03134420515676012,0.0449523884235311,-0.006428082118996363,-0.003263800103375891,-0.003622058103948447,-0.006726086595567412,0.0033495818753243953,0.04069429075061083,0.04441438165704415,0.04472868179256471,-0.006857807524981267,-0.007234416808616201,-0.00486328605569012,-0.0037169216782143915,0.04581491351401137,0.051605729571735114,0.0004972328570686867,0.034328430642956966,0.01650545443718661,0.0023861896000265475,0.0061181754341080785,0.03766477283910533,-0.00014713645426651142,0.058782973962165884,-0.005596729000824315,-0.0051818444026627344,-0.005207903664676395,-0.0050202888585572725,-0.0048836910649885,-0.004992455919095057,-0.004730853006830355,-0.00517495094828625,-0.0050030245981466746,-0.005434422609959778,-0.0025381089118140794,0.004761073143728138,0.025369967039338148,-0.002242548008021957,-0.0127046023770577,-0.005125955529392586,-0.03542983072354228,0.03469522069506479
2022-12-31,0.018956703113836588,0.001300737331056386,0.020982247542380338,0.029027075618449912,0.01621069584529285,0.0273418717393263,0.028012776341155243,0.018199571547353206,0.017895875060085494,0.016494330254719972,0.0199783383292382,0.02634606397354655,0.031210833247178167,0.02946047830789882,0.029503164941525505,0.01795419034088537,0.01463484256590125,0.017427018973761397,0.013393511261936802,0.029506163709614033,0.027576059936930422,0.015040218078047701,0.024611164974934964,0.03644603361902322,0.03100979693710245,0.02545914998421915,0.0322993360073993,0.017148560370132973,0.03384748685807566,0.01620686432728684,0.017988423149202605,0.01893753930076064,0.0189772417291983,0.018941954306647253,0.018961584547301426,0.018687863345971185,0.018960128867540418,0.019442757127362865,0.01886202575611323,0.02027749105146694,0.0198825430788979,0.02844667127887725,0.031874218941491755,0.014999033821552389,0.013435361892718748,0.05453823177570444,0.04287889702559029
2023-01-31,-0.07295695181771705,-0.003614591519051227,-0.07664114730102504,-0.07504847538224026,-0.0681930551574069,-0.06560816049100643,-0.07412308585628938,-0.08439748962103348,-0.06432546386270464,-0.06495391505083038,-0.07433471908355516,-0.07929271753236097,-0.08724695873014418,-0.07673602862402426,-0.07855452220976658,-0.06922201900206625,-0.0679744262745972,-0.06934396670982643,-0.06396716032010148,-0.07776470964421825,-0.07655442042795674,-0.05641941434650406,-0.07105761042105631,-0.13138522018953414,-0.1177552147225193,-0.09969223027719355,-0.07538406158765967,-0.08827685770533182,-0.08288637176287433,-0.06704129490251333,-0.07014191310609781,-0.07250490032296368,-0.07281007755859152,-0.07267810245447091,-0.07308993322031081,-0.07299014221452904,-0.07253065718548088,-0.07279773176604076,-0.0721315479125807,-0.10010267459533588,-0.06779026962736615,-0.07091589086660355,-0.08149194089480655,-0.061784328603701415,-0.06055281131295124,-0.11886204569210856,-0.08096516057158053
2023-02-28,0.00012011309914889006,0.00532455255596656,0.0010571957163990277,0.007249010658331223,0.0003119263189748338,0.0012280762228000866,0.007210870485932028,0.0008608413660903787,-0.0010376077787387578,0.00034070804064201916,0.00032416616799331053,-0.0016333261191658472,0.009503053477217227,0.004132103953715426,0.00969314402871886,0.0008832260943679876,0.0011144412483267358,0.0004520011950460192,-4.5797736847877814e-05,0.00934211717181071,0.006543912941821817,-0.0007224634402794923,-0.006595216979760371,0.000416101003267875,-0.0037162998021822357,-0.0002690958919733197,0.00329580167826499,-2.8274046537060725e-05,0.007421671427338586,1.04393935405722e-05,8.881813636838566e-05,0.00012069833607525026,0.00018648473318624332,-5.925203542832524e-05,0.00021217758335420747,0.0006419804575974414,0.0005235934681152053,-9.680910729805225e-05,0.0003497017223623572,0.004237552092797826,-0.0023173976463823596,-0.010203580410392404,-0.011576644069284317,0.0015749782610881774,0.0024671219055704945,-0.012545249306476254,0.008585897905416362
2023-03-31,0.0019744169068963476,0.005614725766723085,0.013212063164267313,0.02953944151482779,0.0006280334244269003,0.0042038469477336145,0.027950906736022768,-0.00015175469653121686,0.0041796559976368655,0.0030385412068347165,-0.00028872355531841425,0.008781483658268485,0.0391957446222953,0.01627452902154376,0.039445934574273284,0.0013852994644969875,0.0015027519971225296,0.003056726887942725,-0.00029828717139760363,0.03755188482508659,0.026376689547124917,-0.007980247612627755,-0.07008028548588842,-0.015170654570477303,-0.01768735530024681,0.00681107088445333,0.03297283288690586,0.014317014128242085,0.0982164063810918,0.00197074349386646,0.0016684027227184648,0.001723657806923404,0.0015440666454756067,0.0020129843413509364,0.0019424706214844502,0.0025111626970644777,0.0037024605989878037,0.00285296778684106,0.0017412891111349786,0.03694072420421694,0.0001541559375222875,-0.00830424558198895,-0.025571773249069125,0.0012540172205607065,-0.006717212499897972,-0.011161059131696509,0.020784972688700692
2023-04-30,-0.017230266796177687,-0.0033365311310166942,-0.015230749856948906,0.017068117421067983,-0.015593244032328589,0.019760647690046304,0.017845801695874422,-0.017984151876685048,-0.018036011462263957,-0.017786702436323357,-0.016114366174072456,-0.01843185130216707,0.01519145471429998,0.01949688797528153,0.01235887789918862,-0.01554214866809891,-0.015534720663121896,-0.016531062104343505,-0.01747305690923442,0.0118978452486067,-0.002039889465459029,-0.007318857848797305,-0.04181180454952674,-0.025543975180288767,-0.034695279769187834,-0.02145866652305447,0.0025323702382997453,-0.013473122546838532,-0.0027012983195926783,-0.016991649139332092,-0.017313410171132193,-0.017130751412096416,-0.017074953969708352,-0.01716275453732801,-0.017020759272532784,-0.01641761334936627,-0.017125892868205338,-0.017669352257213982,-0.017423412813179617,-0.019215616927665213,-0.009719582986430511,-0.02455967038544805,-0.019656942390078685,-0.015277886093444343,-0.007870166687987974,0.00045308869037437565,0.015952146660014682
2023-05-31,0.040327706208146415,0.024817343219255848,0.040149109387366724,0.006650370628546641,0.0327677777955201,-0.03384417146740828,-0.006215558047477589,0.04153076716028002,0.041566246507740344,0.039043016682944215,0.04581888437673141,0.046208310970490704,0.0028293162544060545,-0.0028157874937261686,0.012071188341373596,0.038448830240761955,0.035531238302723485,0.04214838311921057,0.03968478591281498,0.017773284122631294,0.024665269838637628,0.03430936552696542,0.08615317765328027,0.07788583152037233,0.09481113878748136,0.053343761721534336,0.0089341535695962,0.048232799335259216,0.02216022655871487,0.03992727457414237,0.040311024246057876,0.04035787038161755,0.04007137343383472,0.04000352988978014,0.039950006426122106,0.03935001685076358,0.040120680637505644,0.0380572757215704,0.040390222320678563,0.016146070930522456,0.027109994498924546,0.07059436532121013,0.037103669591173866,0.02894528896089918,0.01970193911811891,0.045976611956842564,0.0010086515116269382
2023-06-30,-0.004869355495966164,0.0006850423790257236,0.008395632467036559,-0.006228797474128423,-0.004396507421530296,-0.003903992406123082,0.002872493432230374,-0.0025311504217305214,-0.004274932864742519,-0.006092803674808143,-0.006854597462743556,-0.009559191634437254,0.0010451967852188077,-0.0034396503958250614,-0.006211316559828649,-0.004466937449434602,-0.003997403749739543,-0.004508193021373068,-0.007734737480212961,-0.0035737213585636525,0.013474384582021482,-0.004353513947923124,-0.03196310168759581,-0.016454992547397677,-0.01804972683711472,-0.01706595700151511,-0.003452981500946405,-0.015901130455987934,0.013045369060503773,-0.004874829901798628,-0.004676518968573589,-0.004798547634662895,-0.004875621288509993,-0.004647369707364959,-0.0046753321298817424,-0.0037866127359837197,-0.0047145055317634466,-0.004538127134449284,-0.004870201351872077,0.010324108090766702,-0.00011712174104774951,-0.004457107171375026,0.004578053785905348,0.00028168365776685495,0.0017410612850326987,-0.010091500307423295,0.0006224050932817392
2023-07-31,-0.008598471235286976,-0.003405926945479268,-0.007222786883373901,-0.03849420756586177,-0.0084060899324256,-0.01618285184787021,-0.03962275094910518,-0.012642978158194842,-0.007380292388061803,-0.0064510919904055735,-0.006818485444869989,-0.007424211799813984,-0.03149246758226665,-0.0326487473044518,-0.035999546197078354,-0.008690419792330619,-0.00910653214205861,-0.012122390337392945,-0.0060763398138315656,-0.032083328150365076,-0.021786108351653993,-0.008789159311752273,0.01700687855321558,0.009919041992681357,-0.0024603907964257077,-0.011162961695510199,-0.012329215497964572,-0.02349275004133991,-0.026618014644499248,-0.008273185482125894,-0.008564038044027666,-0.008754585038345822,-0.008790433571451697,-0.008858473862978403,-0.008878714536708694,-0.009128479798822932,-0.008959421281388932,-0.008551447802661701,-0.008557830127344828,-0.016195218334366674,-0.0036836346862027867,-0.016532056513483988,-0.00474937914302288,-0.016317050891068573,-0.007531684147799061,-0.0009609994266380254,-0.004472889722014044
2023-08-31,0.0023675952412652284,0.0078409120000372,0.016338122341633808,0.037710942765945825,0.0017090001829350215,0.04084600680778352,0.03848304659277911,0.006107807733205397,0.0017605483076061053,0.0016157978776594822,-0.0002818575848013917,0.005245813669596007,0.0343604115964581,0.03594032430491445,0.033943224445771955,0.0032368199199731724,0.00571971291209027,0.006394785740193715,0.0013382467515219887,0.02525755877942608,0.026992408141477426,0.008541132116008371,-0.015895866410551147,0.01785872637645283,0.005900862821928658,0.013261518530568703,0.03589063165261026,0.011002439846462648,0.04154241704652817,0.0026208075788236194,0.0025014573147520316,0.0023186088575843783,0.0022791918155675253,0.0019040295044084614,0.0022896336576223235,0.0025531691365128675,0.0018878072302075553,0.0017338116104958965,0.0025326237013971933,-0.004812130318241607,0.00913107487280956,0.0328733104471097,0.00614495164800011,0.010593333810136584,0.0029884375465868518,0.004699470355852439,0.04049015455734619
2023-09-30,0.0026207397290758535,0.005962098297530593,0.0053694546012065586,0.016361405555773794,0.0033293373489358623,0.027909489717691725,0.015297150330175062,0.0019647652068492394,0.002800023379216118,0.0031395761909838236,0.0025826087536312404,0.00922106168980791,0.01653252063912993,0.014971307087714093,0.015034527578372122,0.003009637168857728,0.004391479881914574,0.003222119838645464,0.000845214543696561,0.01140481746743546,0.012613845651694296,0.0027154532563217707,0.027751991816586517,0.02624844694226626,0.01948860901207007,0.011008202190455884,0.037955648767593705,0.002795942680664397,-0.019506799535315127,0.002505151607047571,0.002674624947644125,0.0024576950476741985,0.0024862319886275507,0.002003706896027468,0.0025012791319120957,0.002237834174597043,0.0030014968791311257,0.002580610489329442,0.002629478302460302,-0.0007929343191135651,0.009077595338922391,0.0045076668899548195,-0.0032022874397312695,0.00398309068688109,0.001484952036042593,0.002201025456176453,0.019463339004627284
2023-10-31,0.0011508501444326656,0.0032029320930591736,-0.005173211273710333,0.023916856408445306,0.0032090699278093174,0.027491700375778097,0.025831065691415456,-0.0019359698483696062,0.001808906229998763,0.002476884759164259,0.0013534990375924,0.001528963939889876,0.02224253377724206,0.022471655949694778,0.02314613004252928,0.0017882581450801012,0.002554877161321637,0.001676582367928656,-0.0007352915147354356,0.01605039222379877,0.007450851467824699,0.005049276593876697,-0.0026462675515731013,0.010480775617140208,0.008030154832121201,0.005222076570361474,0.01901380594439363,0.008408378133475449,-0.013624460485985534,0.0007486751393465823,0.001211944121968431,0.00113208729918358,0.0012380223859320705,0.0009156835196150643,0.001182903864049981,0.0019689289035094855,0.0012289365818835478,0.0013664160545011335,0.0011607885074201517,0.007475328986211421,0.002924278741166988,0.00953918561105105,-0.005264616948413618,0.005433156087730566,0.004624820742070928,0.0161182799114047,0.02528448225464893
2023-11-30,0.010620350758458786,0.016419142995276255,0.02186998180501666,-0.002350522396009355,0.008133353438617173,-0.019276436983337357,-0.009201703772016567,0.010394724094563938,0.009696481356983984,0.009887734018138482,0.010940241758243286,0.008588077985401215,-0.002270108830706597,0.0003228937554710695,-0.004366953219954446,0.009975665734145997,0.010488958490475549,0.012435897204669977,0.01432598982117031,0.0015002425355338945,0.007427649770252088,0.009677894136822678,-0.010439535309355322,-0.011070142923109413,0.010373878434326536,0.012841460280443544,0.010533500613639321,0.006438860109702548,0.0023341161363893267,0.011719719503182065,0.011144767611230734,0.0105962133843812,0.010866446916469815,0.010524731003145032,0.010932657056465548,0.010483450707955875,0.011536100677414441,0.009792798088255918,0.010578695190315473,-0.0014021816113722351,0.010136821617076098,0.013353942075150102,0.01557850005476054,0.00795686406864723,0.00319906432600908,-0.004610738364973538,0.028091225643258753
2023-12-31,-0.008636187726721322,-0.00640914746473968,-0.009496669079001627,-0.04886455360321372,-0.0077671952586608976,-0.04797587630153674,-0.057160782922097614,-0.008226031249207977,-0.006783790654089383,-0.009257602987025486,-0.008901688139616469,-0.006647025025132785,-0.047264555575298385,-0.04319253447376633,-0.04876129302362435,-0.008477794564026763,-0.010368505070439137,-0.011476759285482214,-0.00414190001330338,-0.03994868741633141,-0.027095143528802303,-0.005875384119305094,0.0481222508783017,-0.011885808655656024,-0.01962678296361158,-0.009864672528779256,-0.02248622561931169,-0.02699771413097325,-0.03109332371976281,-0.008514594798064467,-0.008438549899307365,-0.008718642366069309,-0.008658631430126466,-0.008600220805971505,-0.008734974639441912,-0.009687091281749868,-0.00890559216573251,-0.0091690446573103,-0.008599417008475203,-0.01287213274928747,-0.008670968008309472,-0.029597590676122124,-0.007936311959523046,-0.011283583428712067,-0.004049022045239743,-0.0006847709352700887,0.015280565020814827
2024-01-31,0.016204076947065264,0.013502848997564494,0.024017699608766055,0.034048348801667384,0.014990444379314858,0.036588863565002086,0.03226047662917148,0.01616705568968999,0.01585164023547999,0.016842695795957683,0.016521355296995093,0.015687235240341837,0.03143546023636741,0.03377962558967883,0.03696306470661356,0.01557517838360044,0.017218235090783404,0.01667301204720458,0.016696931713046415,0.026011395922635107,0.022800766277336997,0.01548493711266905,-0.0015960070005061595,0.013952518803344895,0.02447592954499478,0.022116967001089633,0.04718744790425705,0.010524130252102306,0.023236748820122912,0.016120814599498646,0.016150344016202918,0.016103422951152038,0.016435083093247635,0.015693776499258155,0.016310292703431668,0.01656708410175457,0.015823043932181577,0.016013267265052443,0.01623430521589654,0.008438626467627008,0.01674720162700631,0.020088738497112204,0.019288404680589063,0.01517675939080505,0.01039893186051198,0.011864964347490905,0.03371834025452181
2024-02-29,0.009374871444846057,0.0015775143027218852,0.01680282774520516,0.03818255047661423,0.004902208636245992,-0.006109854311087785,0.04597864745403202,0.011792410272332262,0.009565751240574268,0.010602346775754674,0.006322091387923564,0.008198198834972355,0.03243678488263353,0.03662023082508941,0.03537444367340965,0.00861391264620686,0.005505200599538376,0.006978125301156343,0.006498999040631831,0.03592225078040309,0.021737639179084448,-0.004489665388910931,-0.01942981956382211,-0.04342721548710318,-0.027825192649448716,-0.005568654445645662,0.013812371607837725,0.011081863904801844,0.047436740879360825,0.010321481837628484,0.009188692290120478,0.009750395709958122,0.009584765456835431,0.009387338584318302,0.009566657137831655,0.009838629579185252,0.009740843748532145,0.008660632649551664,0.009316134855865148,0.03126420223223984,0.014881509838413066,0.039166151371860934,0.03008704066612438,0.004048013214269416,-0.004003388601666344,0.03263863477986161,0.0072210198002754765
2024-03-31,-0.005319596867429319,0.005727658505417791,-0.00021711379018877762,-0.024737049069828102,-0.0025616325639299825,0.011072776525049503,-0.020999853378795307,-0.0034491745768175917,-0.005084446535507927,-0.003887221553046358,-0.004461403598172716,-0.012251478997386423,-0.015687962565816924,-0.022992651582904457,-0.020891361251038614,-0.004244160699005743,-0.003658419093120215,-0.005055872513088484,-0.0051630289529297395,-0.020592044060222702,-0.0019261603011425643,0.005398666660793844,-0.03563811701511562,0.017264137137967723,-0.0025816065932056575,-0.009168683461989223,0.0012151575822440114,-0.007008831955608254,-0.03044362211523838,-0.005084959368521265,-0.005380245756730404,-0.005544238167716125,-0.005237986529823262,-0.005626464953549439,-0.0052313061600294105,-0.005077351504037376,-0.0058170418311752885,-0.006340387965693069,-0.005339242847136494,0.00014039565475079972,0.00044464393589382456,-0.028791180255946916,-0.017693401565971982,0.0007241337976565023,0.00046909537770795936,0.003741189319591722,0.005100489765783685
2024-04-30,-0.01162057303791309,-0.00259950820182972,-0.011853865952331535,-0.005400900540703867,-0.010203412248053588,0.007579739558925937,-0.008313329228492978,-0.012312848237017863,-0.01083461744205064,-0.011196704194787313,-0.011327165745196566,-0.010931943010808774,-0.006904966050548506,-0.009111667073191275,-0.004683287183470627,-0.011688127409468445,-0.009812947898502799,-0.00894318690582772,-0.011777154975452146,-0.010279542202342598,-0.011330812866884244,-0.0039115783442138195,-0.023892057093122115,0.0005612171482867641,-0.007172944788693653,-0.012925382884043261,-0.005080644399552443,-0.007730275294919275,-0.015985405082639643,-0.011730775534433921,-0.011553223911575013,-0.01153382659920011,-0.01159684898072242,-0.011291838235715496,-0.011578801017683807,-0.01135237182701422,-0.011680549463259249,-0.012541908833878105,-0.011654402605285864,-0.010452549603154645,-0.00852689863370211,-0.008948527983667347,-0.012409150444983577,-0.00722042410310781,-0.0035174763330677182,-0.008224613695027222,-0.0071100970808644325
2024-05-31,-0.005839650574606263,-0.004154552676774445,-0.011047483692920523,-0.022270721815989204,-0.0028794773880849293,-0.003412220676417934,-0.024606935418037348,-0.005611588229285445,-0.005906404409289216,-0.004483806142506631,-0.005623224710605501,-0.006492847424605777,-0.0205815471490267,-0.022282682252705754,-0.021956259628472523,-0.005246420388796904,-0.006886203646518429,-0.005869122385422425,-0.005489814934313694,-0.020678262308533212,-0.016029392705399034,-0.004681997421796361,-0.006941450749127471,-0.00631573073325479,-0.011778512185338689,-0.008804291141757252,-0.011996724770804832,-0.01466190698996909,-0.02481343572202521,-0.005647052787981123,-0.0059224593796378365,-0.005817218345063845,-0.005937451911223822,-0.0059129639006972,-0.005859787588904366,-0.005907548665445746,-0.005833189108713129,-0.005135323384183563,-0.0056480324387183705,-0.0018112997207906014,-0.0026408247247557996,-0.024465770577983586,-0.015257951539751307,-0.004188309448364864,0.0005976307206621404,0.012655360302255753,-0.009413258054149784
2024-06-30,0.010220925709649142,0.003843487502118496,0.020468731689447687,0.03706145060215609,0.0058589651077435015,0.0026703063820042896,0.03090226925087006,0.01048938402852352,0.011035996320599376,0.0086242038264614,0.009930984593128137,0.016030300803625552,0.03774018649487988,0.038281251556391296,0.0344770893895957,0.01009325459489848,0.011528500485973387,0.010720717351696718,0.009008003132350114,0.039191738225339376,0.03114120939348393,0.0029544251189451212,0.02859325134142018,0.048462054495622915,0.034113613472254674,0.024362751232121355,0.021418832669782346,0.028028759238914513,0.03145476461797175,0.010013531383614856,0.010251019252228436,0.010244732479648007,0.010361064273724026,0.010425742616991612,0.01025519860644519,0.010260889091586288,0.010518324172492174,0.010839563719714436,0.010165480655022291,0.007881884307348147,0.006005582171109514,0.043670324140312335,0.02524213467903295,0.007126568505849172,0.0010255656767806883,0.031969619013372294,0.009447839802664322
2024-07-31,-0.020478520757967553,-0.01727244418954817,-0.040012370147572585,-0.0549551405710348,-0.01457258128276661,0.003080952297359994,-0.05873729128814266,-0.020256284085431057,-0.02017912769549786,-0.02068392385187816,-0.019028003921182198,-0.027800854037877885,-0.05775537881661196,-0.058281174742281096,-0.05582081850869866,-0.018275884035941586,-0.017901018338995222,-0.01873494790241832,-0.017585611691713424,-0.06362398212175333,-0.05663469033086263,-0.010532899349866578,-0.019005100524898556,-0.005168720032074737,-0.022848110577882767,-0.02488492280096962,-0.03702037837866978,-0.03281404099812347,-0.04960363742119446,-0.020251610010757794,-0.020595046528117913,-0.0205414515077972,-0.020517514350511173,-0.020940144560652303,-0.02043341526091022,-0.021208188643092273,-0.02043667909072464,-0.020249949600494227,-0.02045420576392475,-0.0408646964553149,-0.024201853328900923,-0.05896726723630963,-0.03645286408533606,-0.011113142647372494,-0.0048643182795004136,-0.022763560512253294,0.024466053150539055
2024-08-31,-0.0030434242037733266,-0.005261039349929948,-0.0019115808057526768,0.02537906104363465,-0.002030987885049416,0.017588491004201956,0.025801299573132753,-0.005475723969180497,-0.0026557647668778036,-0.002934496075144566,-0.0031562870298584796,-0.0037090145039136604,0.026450831019591368,0.0242148731710796,0.025723752443750993,-0.003535506594076726,-0.002795648346494938,-0.003274231150723759,-0.003492498526569942,0.02184680509040466,0.005127253069868957,-0.003108208931782365,0.0014736674929462287,0.014544407149603736,0.009442406401304681,-0.0038284161954719627,0.019616905064935533,0.002994859223189294,0.023670231086326824,-0.003192291065206145,-0.003327469440575057,-0.0029545865805015543,-0.003003826243407802,-0.002931482197270664,-0.0030020471611616017,-0.0027761162562686187,-0.0030003873763831132,-0.003920315948319618,-0.002958162159750096,0.0050276744316842415,-0.002068788559003459,0.015618390648848462,0.0029342316435015652,-0.0034073775815343494,0.000865886468020025,-0.005350214080051326,0.013473225731096581
2024-09-30,-0.009143968584878948,-0.005365338705635845,-0.003889571808865995,-0.003849719354410705,-0.008517067215911459,-0.006589759602028846,-0.0002932623918321987,-0.01224119982550344,-0.009037798429923385,-0.00986782749738092,-0.009350127476749553,-0.00845740879162932,-0.006775549784058655,-0.004719858598102088,-0.004750481870134697,-0.00872304581622731,-0.008720266781139602,-0.009044225685520924,-0.008684369248575482,-0.0036941697815194127,-0.0030464886452374524,-0.00555865708948726,-0.024231685180740842,-0.030016734225344413,-0.022626830532856662,-0.019079778718385936,-0.006089181976528002,-0.010566328414368857,-0.0014486384204465059,-0.009154716086129645,-0.009207352597095115,-0.00902246842680279,-0.009122769688202378,-0.008869962609428038,-0.009151579825013268,-0.007205643722521756,-0.009436874028951495,-0.008357298302128065,-0.009141033220742157,-0.007931501660617303,-0.006204175618619386,-0.00781679531677925,-0.011044079927363832,-0.007655562056229759,-0.00585837794213784,-0.007228339192819346,0.00592998842957495
2024-10-31,0.004412737385484649,-0.00547027777516268,-0.0007540685063499552,-0.0016886022163327442,0.005212413748217074,-0.00488512807205066,-0.005628412621027436,0.005010522589535662,0.003484594531109799,0.004569486226393072,0.0045557029625213795,0.004145655107930173,-0.0019284138002097144,-0.0014568138509304992,-0.0036296867119001695,0.005694382984811756,0.000494717893654284,0.0026332138116606095,0.0030451740949502615,-0.0014071666794775184,-0.002439336141666937,-0.0028347369232199935,0.0034490858494167654,-0.005055573782585093,-0.0003475324653606912,-0.003596896280679775,0.007769981155304275,-0.0025408081963355575,-0.01912434453076637,0.004512918762157491,0.004124520060660068,0.004362596163935302,0.004369444863781658,0.004563887872737377,0.004453999892139472,0.004196137117700038,0.0047937944501018894,0.004272552835770837,0.004428441240843017,0.024104489208938668,0.0034015944624070592,0.002199311462792488,0.0011108438862494192,0.003878489559842344,0.0035840497371213884,0.003141309308197389,0.007011577025827526
2024-11-30,0.017815955771499397,0.007941714668357936,0.018916815519125958,0.01009814590962116,0.016894291789484067,-0.029904488131936854,0.005483982510385567,0.015400676786017546,0.0181738655916226,0.020217949815787745,0.01818679122041149,0.021495359790369976,0.005116223992019612,0.0097767959868173,0.0037808914131792896,0.018361905518813015,0.011251816545195095,0.014450143147853964,0.017057047338616706,0.015651657908571818,0.01733061060902222,0.012079217268315222,0.0036699646024382863,-0.02991905678444095,-0.007612170992425138,-0.00046203217058249217,0.013048610298188034,0.013192189075709277,-0.016890403509771293,0.018184379438355578,0.01822282570476303,0.01775700618846568,0.01773159855337033,0.017654931964407632,0.017768887076549285,0.018807721840131787,0.01803514371532688,0.016958352355437384,0.01777911759829861,0.055102903974875495,0.013556355207196278,0.01215882828916808,0.01279287040813428,0.013669138343384441,0.010261561875652383,-0.0007624936440919752,-0.0009008843688114018
2024-12-31,0.0058702297328991375,0.006628954596957539,0.012366066914004365,0.014384370401491027,0.003440610638958094,0.0051252108395577894,0.010855333989593315,0.005999514262946419,0.006973262145938941,0.005334120926610253,0.005894478184084437,0.009563882386799233,0.015095887393504828,0.014688831048028326,0.01514213654508691,0.00621848327513892,0.00556502279217769,0.004070499172738397,0.007017740057261493,0.015332343108716609,0.01661593983065241,0.0030137230613730536,0.017146087909037995,0.020542058210812696,0.025411435625318037,0.02195849614993363,0.019939798924157277,0.002704434755067713,0.00483909293746112,0.005802080219580281,0.006029502961035048,0.005902913186324958,0.0058496549413959605,0.005885550452783098,0.0058106144856444695,0.00567517087914972,0.005903281954412001,0.005263246528866092,0.00589108276801956,-0.005281804689379502,0.005226284305300807,0.01471086201365294,0.012841430696949497,0.003182420596972333,5.059703785839815e-05,0.016036005260114547,-0.031945216395086254
2025-01-31,0.016969173692712045,0.007965105801487068,0.022383872934344705,0.026146378599920937,0.012021526294538613,0.0010456517869582415,0.02617408531652717,0.015478600597195713,0.016356020034829992,0.017613495556594097,0.017490346713676785,0.020731636668990135,0.029537897496317505,0.0261790084565715,0.026239092877153022,0.01771964589689915,0.01647352300520781,0.014383594019642969,0.015054919728492173,0.027450972185179095,0.030239642517873366,0.006598434345601422,0.02215209469425999,0.027013419446160168,0.024452477772697514,0.023611194022303786,0.035010634532225055,0.03322339114672204,0.025617353325287747,0.01680536612796402,0.016862584603898965,0.016914209038784513,0.016831513968210008,0.01700720041308163,0.01705093493211327,0.016841709171874837,0.017099929834936717,0.017311840824152484,0.016893641827600784,0.02413289981400131,0.01583891407350872,0.026327662746073094,0.024540643599060958,0.010636846895894085,0.0007838377655622776,0.0014165348911743705,0.017542189850790264
2025-02-28,-0.0069386970737441885,0.001905551830549575,-0.014614602005392616,-0.02551755487299577,-0.003660790044374502,0.022421388388223593,-0.02086179103512697,-0.010747925863769804,-0.007404785009846003,-0.006193038018422671,-0.007509762978218865,-0.013009917432861685,-0.01434074814161097,-0.019921626308807408,-0.019234619825917013,-0.00722664444684692,-0.007753961560133122,-0.0007668679747633185,-0.009014774710796042,-0.024884720167871605,-0.02170168855613994,-0.00136742268461074,-0.030185569387809003,-0.015402744208953293,-0.00788204313358324,-0.012571583342410066,-0.016609271249797577,-0.01468746297518282,-0.03572063080304172,-0.006842390741629081,-0.006895515303574013,-0.006906083233886948,-0.006663353758014759,-0.006830831317916414,-0.006554592757666934,-0.00714572241111083,-0.007097806762684573,-0.00584972413773195,-0.0068665759410994134,-0.033528680050812595,-0.0016535369818174305,-0.009765634802659844,-0.01688832347799817,-0.0025693972684209024,-0.003433730158541576,-0.002412360999969403,0.000542167986421135
2025-03-31,-0.028802771283776486,-0.024276045818604732,-0.022438273319288157,-0.017492205399216976,-0.028054695377557566,0.026774270867360228,-0.004904895559079788,-0.032253723964262605,-0.02849746382560604,-0.028104616337082125,-0.031136705879545985,-0.03351036200233885,-0.008327429959855671,-0.016353868685153122,-0.0072005723772230745,-0.029821979796275145,-0.029975941716754956,-0.027193693898220125,-0.026406728891634694,-0.018266498937567037,-0.021337486443964212,-0.02800903856812445,-0.04755479882234291,-0.05091991813294264,-0.044485537093423115,-0.045686518727670794,-0.04166474395888178,-0.024874376811603767,-0.01880272611882678,-0.02862143078541651,-0.028863433349901987,-0.028917697163659103,-0.028605423024031216,-0.0291531047094006,-0.028549830772199518,-0.02860898919283749,-0.027296192754815485,-0.029577953092909472,-0.02884793780795105,0.0005990280161831009,-0.026128824968892315,-0.008243945283589993,-0.0260095467761684,-0.02976613546064769,-0.02401720152378362,-0.0219309949437966,0.007099050591532277
2025-04-30,-0.013108907608234473,-0.003043480877772676,-0.004145468677496196,0.010901138572007415,-0.013068091362662643,-0.01842410428898057,0.0026730463719540874,-0.015844107056123935,-0.013578347543264707,-0.015736877155245122,-0.014284535986514484,-0.012335069695613779,0.0007637816555521427,0.009574811932447903,-0.0007234571022088875,-0.013276614610508646,-0.010922820614731564,-0.013620831589696191,-0.012361783328398762,0.006036389152223408,0.0010795880100893307,-0.003409336734074038,0.02184277432462595,-0.017248158575920956,-0.01904012567934154,0.0005032914330478726,0.01256505331810147,-0.00652316801652228,0.0037614079510181224,-0.013236097916770202,-0.013055328596076273,-0.013110959208798737,-0.012867107706026872,-0.012824216743639002,-0.012908088262462413,-0.012319456747804073,-0.013165463260782015,-0.013075321620166962,-0.013204657554406548,-0.0028689314098287034,-0.008273255053294033,-0.017034986427291437,-0.0031029872233490478,-0.009976947832819895,-0.012207335064306503,-0.03267261824317231,-0.0061967693925868055
2025-05-31,-0.005641493988595113,0.006864185608894988,0.00028954236569648286,-0.0015057504712670353,-0.004847153678452521,-0.02813808339804635,-0.0061737584620811265,-0.00782238691967916,-0.005508547488718973,-0.011586524972932735,-0.008875405860791878,0.006637800432556971,-0.01161657433549922,-0.0029456547352821093,-0.009053907048313742,-0.004141139487921316,0.000916135142369615,-0.001924330592773948,-0.00901821945133182,-0.004768282842111409,-0.004155318184674813,0.003213506099829135,0.007709250754854404,-0.015702735706783873,-0.010737618273149938,-0.0006721097817780945,0.020252628696356446,0.0019804337394377742,-0.014365060919682458,-0.005672229252524745,-0.00550138722594868,-0.005497311908459257,-0.005629008599446774,-0.005750544617204619,-0.005803941572416849,-0.004877432177897951,-0.0057600344280688415,-0.004631223122558014,-0.005702153327055162,-0.0009866636678644545,0.003743219707527846,-0.012046311104278135,-0.011518844654671222,-0.0028024558106738355,0.00025959338337013335,0.015834851024249308,-0.010418356174077707
2025-06-30,-0.001893113320681981,0.00027018835643800334,0.000755793860626605,-0.0037710464254652725,-0.002409016508532403,-0.035020526847071416,-0.011295605333589517,-0.002139014326272762,-0.000756879749269032,-0.00010530010019567963,0.0011790583473569672,-0.0009613467944957601,-0.011876059583982777,-0.006029662689431231,-0.01044692202395915,-0.0012491443242588752,0.0016173422221847787,-0.0005447624463121261,-0.00539556080464321,-0.006435717731242579,-0.0070371027270114345,-0.0014099640248201174,0.003312230555937582,-0.019128771005958944,-0.007227204292091702,-0.005606362401909637,0.0016829747161941798,-0.0006041172053921756,-0.020503470497695363,-0.001774290355494077,-0.0016416917388813383,-0.0018469491929624837,-0.0018931351597802552,-0.001918806915451079,-0.001968429292268801,-0.0015632712481884468,-0.0019977360629978348,-0.0017845149701606773,-0.001730243452990758,0.004140011518625795,-0.004145106168449448,-0.010409490487886147,0.0031912233112376663,0.0036065519832532977,-0.00010391755927258271,0.004020256266438139,-0.004587274109793403
2025-07-31,0.0036578091751431974,-0.004910725809958995,0.00406500662098871,0.0062277300373346405,0.002969917972405469,-0.017207483450856424,0.0038929952650324133,0.006007172177000302,0.003982252989396114,0.005849347516751113,0.004183790581195317,0.0024796738045718054,0.006846791514194837,0.005451400795669089,0.0042066856203233265,0.003270631929326343,0.0025989936871393025,0.003800653584293356,-0.0003092335416462117,0.007270029945737444,0.005266729427910842,-0.00045383108623178617,0.005570106261853959,-0.008973062690628818,-0.0012765262581281782,0.0026215268917489953,-0.0069525734899530305,0.004138960182926028,0.008016203220791104,0.0036561141350567174,0.0037106138406068933,0.0036312754940469386,0.0036430881726641053,0.003749474537994841,0.0036335068112928106,0.0034862886481070547,0.003638099376023115,0.0037746230298917145,0.003640338185975608,0.011394744558082886,0.004144260762589358,0.005793845265151357,0.00876363084871693,0.0009259588413424843,-0.0009481014871273788,0.021759142465120458,0.0040883782344983246
2025-08-31,-0.01198878121931261,0.00392260599795766,-0.016671907682575593,-0.026320055174564656,-0.01030238036638701,0.005109286016188283,-0.03830519997829767,-0.013123022576974229,-0.012536262814247518,-0.0108701661798907,-0.0132940510102037,-0.004446594471555217,-0.021488170940582734,-0.02991048710501583,-0.029410351282429636,-0.011894005220230831,-0.008041657487824911,-0.00664781915960768,-0.011309555957865043,-0.027286896171337196,-0.02897609506760439,-0.0015046848978110695,-0.03074866588990706,-0.015402624832197903,-0.0007579121094501786,-0.013197996355077828,-0.0182358267660296,-0.013145488962380818,-0.03950010579952155,-0.011843138334808736,-0.012044933780208494,-0.012264083571154383,-0.01194163898641818,-0.011942721705533484,-0.011592438049509612,-0.012330869621455288,-0.011760627995577677,-0.011612413811256047,-0.011756720582495085,0.0003139336491255323,-0.003914540672658728,-0.02917786501175788,-0.016754920857174352,-0.0016532597337849616,-0.008274298247473432,-0.008916499396982304,0.008985492480877795
2025-09-30,0.018288549977430926,0.008429709841083667,0.020623574904906704,0.04245378398939725,0.015899778423173264,-0.020634039031885765,0.03667030876016257,0.02063732753445316,0.019163776121641236,0.01978190353379622,0.019422112641208474,0.01898156529806546,0.04722628976592246,0.03967154806005767,0.04182260286749146,0.01781044331426663,0.016530495565580772,0.017443603923843393,0.016023764290259482,0.04542881230943276,0.035183779877619656,0.010903972789441444,0.03895489481013278,0.04690333692666021,0.030981184699205,0.022357389707241868,0.026573662380802714,0.003704060891555037,0.022991405797234195,0.01818961101857212,0.018555901323951986,0.018685790838288047,0.01883575293034066,0.018650504047636077,0.01876170869188128,0.017278742163908758,0.01817562735197583,0.01823386601150842,0.018053451261955893,0.021637370952321603,0.006686079459547016,0.009602590484537083,0.025065246066618547,0.012758286485031965,0.007402408987494739,0.005995294127336726,0.007271839182224384
2025-10-31,0.02571871633408458,0.002862619423326926,0.03319440696678213,0.057213544213643504,0.017139396353027643,-0.038037078775256354,0.0574107598624614,0.03288715386124548,0.025033078415818772,0.024736663231436667,0.029806982456331326,0.027926949036656268,0.06467103493137989,0.05646791722673481,0.06097312593516218,0.024502386168931953,0.02077139507636071,0.019372362623850045,0.017627966251322916,0.060691300549748375,0.05832641135727706,0.0041182278686795,0.048147926171382985,0.050331045613591814,0.0665306786576702,0.03824590213846356,0.0317386892308767,0.04087610227178715,0.06277290787953953,0.025194744127860554,0.025500865070266603,0.025859531599643812,0.025999502321955578,0.02569398190941474,0.025950557366957984,0.02508271095162643,0.025498981263288985,0.02546148429497837,0.02603282114295191,0.023496053735076114,0.010975085309375838,0.026000885702120526,0.029538549944927245,0.00034189064020751577,-0.0008457403671408644,0.0042015786127386125,0.02642137307399855
2025-11-30,-0.020522044464486636,0.0027213462392408844,-0.029108209627924982,-0.04702993950386677,-0.012635761425848071,0.038782001041306136,-0.04998528733266503,-0.02076132346308945,-0.022190661342984447,-0.018471918798281854,-0.020116988151470228,-0.019998561689958637,-0.042670560688028214,-0.046941541360810975,-0.04662667163530511,-0.01930473981337423,-0.01589748151714843,-0.014865264918054337,-0.0168773135110182,-0.04646912028171589,-0.0476003001119135,-0.0018258353459574535,-0.03649689792587221,-0.013790809906366872,-0.018387602488046224,-0.013026859249946373,-0.025264656851877416,-0.03360534421154834,-0.060535867810133745,-0.02011291967829144,-0.020367746838559048,-0.020822112310635306,-0.020885109299452777,-0.020253708970329805,-0.020721076766869795,-0.02220842141707843,-0.020840445150630972,-0.02041256264115287,-0.020437353356191106,-0.011715533275995267,-0.006253948472074295,-0.037698110251635976,-0.038721820044653535,-0.011423657424402817,-0.0036749344024575538,-0.01309111557057136,-0.015201531333688713
2025-12-31,0.007400577739351684,0.003286692812225796,0.007207507429059959,-0.004774461292095631,0.0061051554206298965,0.008629267015597845,-0.0059683332076641785,0.008563606722821726,0.007734175640068889,0.007839519008575426,0.00713850234527365,0.006664588813315943,-0.0010739038857703598,-0.004376595820868873,-0.0027311556857058405,0.007065916833824669,0.006875579741760757,0.008901368881466502,0.0043516430083528285,-0.003027246912417894,0.00012131093696290181,0.003286266817929014,-0.004590646815199706,0.01311053777949791,0.015043626106382182,0.008572550176347185,-0.005947224016496874,0.019501403357354716,-0.012001038871013526,0.007452811088065702,0.007429788783145267,0.007285299911578896,0.007150406300627367,0.007375285237467388,0.007067235724706084,0.006515405015380036,0.0075864809838890445,0.007403969404150756,0.007399822589410888,0.01696552801586209,0.008495979578629317,0.00952110171594383,0.008251279230149447,0.0038040356162739822,-0.00013974438513066298,0.005639685624162018,0.018533935778688705
