return_month,intangibles__mean12,investment__mean12,momentum__mean12,new__mean12,profitability__mean12,trading_frictions__mean12,value__mean12,intangibles__vol12,investment__vol12,momentum__vol12,new__vol12,profitability__vol12,trading_frictions__vol12,value__vol12
1974-01-31,0.0008308506524132446,0.009619962093621525,0.012512020031248648,0.0072461272291640426,-0.005108153563533087,0.005645898779965845,0.005131605261331585,0.0038224552225858788,0.011912597238707617,0.020467301498725558,0.016424171108644792,0.013290041480395667,0.02025672386778444,0.016133804531931504
1974-02-28,0.0007944415894195066,0.010096999006881916,0.007238291631385697,0.003963821162879263,-0.006748870340031962,0.004004926230729537,0.010127564320240682,0.0038274375824418672,0.011852523997688089,0.026868738904082742,0.01844454972910672,0.01372828320613172,0.01898855634352033,0.024095751869732725
1974-03-31,0.0012923016539356132,0.01056285778010387,0.006693225298861856,0.0032189852890316313,-0.0066003455875573375,0.0022660197101205728,0.010362486514417265,0.0040122125864572936,0.012048342490159406,0.02683393100918315,0.018343345780930713,0.0137530873851229,0.01827683238120418,0.024203107390642735
1974-04-30,0.0013737975866990372,0.00971941795341749,0.004693816726173306,0.0033548339002454166,-0.004646636295276827,0.002798179558157634,0.010669749999385225,0.004007187558467645,0.012212878315278217,0.027255752920370135,0.018370228823885254,0.015447153682232095,0.01847441224678974,0.024205603540347318
1974-05-31,0.0019506659789761173,0.008744856437528722,0.003963169199684885,0.0025925403082844387,-0.0015742356441235698,0.0004331446333414061,0.007665607524335572,0.004480690110627832,0.011427548015533568,0.026776478005895887,0.01774065271692946,0.01760905549720811,0.016839833790421217,0.02294265710217328
1974-06-30,0.0015984116581518543,0.007769136400794029,0.0009279440386397933,0.0013586522422895863,0.000775971735810539,-0.0002398540613825148,0.007755186056360445,0.004335238583146643,0.011694266180528642,0.02509783320311051,0.016274169988334877,0.020028773881161362,0.016376619218093635,0.02290870868675784
1974-07-31,0.0015902441356215257,0.008315152427766828,0.0013890413853059902,0.0023713092200747863,0.0031982367450529,-0.00035158346527906656,0.007045036609708684,0.004330918820829817,0.011800905744411191,0.025413051068820088,0.017131767999337567,0.02094021691747342,0.0163360472055085,0.02323876267027186
1974-08-31,0.0027122756342384553,0.012195138053915712,0.004004426770760756,0.005518256215531301,-0.0010625285674491249,0.003813300964783828,0.012992867899687054,0.0032462908605819787,0.008876313014475279,0.023553813968385868,0.013628555827382555,0.0206325917141224,0.010782278368205868,0.02144358681240679
1974-09-30,0.0031142621594679575,0.01323651062216052,0.003033455629593849,0.004890132477453238,-0.001550697163923388,0.003553034442690168,0.01528654805015286,0.0036625729777781547,0.008921543802465154,0.02307235540169679,0.013552570238529961,0.02071515100237706,0.010915021461425157,0.02095048482414745
1974-10-31,0.0034434554709280463,0.015640471757715917,0.004741362938839641,0.007235981768725586,-0.0034231188768591575,0.007019468986782414,0.01792768211265058,0.0030309173130138936,0.00869030954672036,0.021502307239632354,0.0112558040342859,0.02245260525052231,0.010564820447334748,0.023070425653886045
1974-11-30,0.0029584948350027482,0.012863425961210899,0.0035862371411522283,0.005549100810080681,-0.0013571448726196974,0.0033602008739646166,0.01263843130918551,0.0037123838992181983,0.011791628347040253,0.020524930883775223,0.011466498192226922,0.02314863974619375,0.015746624160898757,0.03264789710596529
1974-12-31,0.002949173576949259,0.011855858689475156,0.0038385952701384535,0.004808031116212246,-0.000248783474027505,0.001131401187345195,0.012219906799513403,0.003716453953713463,0.011344041840987426,0.020607028526223033,0.011089951486547636,0.02221420754640944,0.01448379010719042,0.032752667156424414
1975-01-31,0.002543751274536559,0.011633143952766703,0.002291186062766112,0.004884081642672791,0.001585212115740603,0.00214614287130865,0.01280442711531708,0.003835052631249954,0.011339120126349243,0.018556279049146945,0.011106948608777652,0.021167257041120022,0.013913068621668287,0.03257491537862267
1975-02-28,0.0019281847559437135,0.010801644830575259,-0.0023986742218916404,0.0021140043700316365,-4.529417118789269e-05,0.00245394655408869,0.01476736904667377,0.004745256484146789,0.011721252923765088,0.03352490715789264,0.019737453898675362,0.023526004185724494,0.014114992427321066,0.036598219717348134
1975-03-31,0.0017815209691503249,0.00820244811536907,-0.0035577244696801107,0.0028565423992948573,0.002687955723601159,0.0015790297502333973,0.010831426946411564,0.004655761172456725,0.013385394226646674,0.03347617730216006,0.019875823675241606,0.024928812021237038,0.014618126219656734,0.03827776694209173
1975-04-30,0.002003390205800641,0.007908290664141211,-0.0033795284515951325,0.002421675608703721,0.003299974335326597,-0.0006153623128739783,0.01008601233996109,0.00470921670843051,0.01355001749206297,0.03343553050027758,0.019823636737091414,0.025416353740996475,0.01488896453556607,0.03832853367593225
1975-05-31,0.0020909235417504164,0.006864922971521668,-0.004089179432642028,0.0019450339893342585,0.003510139167996402,-0.002380286081774809,0.008349830071393482,0.004845036988009011,0.013677996126434248,0.03307081768594471,0.01963848061450877,0.02563050952395236,0.01618751417672739,0.03927585334290096
1975-06-30,0.0016722799883938716,0.006863808704103536,-0.0040880646435264715,0.0007182014046948113,0.00015933971714364708,-0.0030138975282676707,0.007976112502484442,0.005125725301020763,0.013678650661641418,0.0330708720662701,0.01933569992931701,0.024234243314120885,0.01595385116523516,0.039380779043314884
1975-07-31,0.0012406453680677046,0.006220113066006998,-0.0059991337716081535,-0.0017612039422001482,-0.003234776598531853,-0.0025683251254334303,0.00986947765126518,0.0051623571091087,0.013522867661724072,0.032219667056560944,0.01839625639218475,0.02349584473353092,0.016253967725315163,0.0391570435956331
1975-08-31,0.000981690205775451,0.004968984122991892,-0.006227074988265076,-0.0021956992953074167,-0.0013741934519710143,-0.001968792156652632,0.008507110874512907,0.005003323004702138,0.012107395046336547,0.03216420578811311,0.018227921283984046,0.022646602567927544,0.016885974097768642,0.038306629958913437
1975-09-30,0.00040083101853117896,0.0032903187936745,-0.006513872618807146,-0.001802311204020575,-0.0001893813076046387,-0.0011204658479061103,0.007210051453292937,0.004406991821947368,0.011307024616334855,0.032038094057781255,0.018399030163418626,0.022672272612159663,0.017086692740656762,0.038006864238682415
1975-10-31,0.0006635089860939023,0.0016066494571360366,-0.00522074559959168,-0.0016852618208561838,0.003020739618940815,-0.002210756222684247,0.004131477549639021,0.004433657290976501,0.008413111972706574,0.03243108395858556,0.018478334238426895,0.020355053567085373,0.015616317836378893,0.035775895266821484
1975-11-30,0.000996688321826474,0.003278496395158119,-0.00684874925948703,-0.0019701656604809124,0.0013789004072077239,0.0005027793710844123,0.00939157951919477,0.004190665720432966,0.007171302942867364,0.031889999118067544,0.018560756895095818,0.019910558718500233,0.012039638110086749,0.02906898320474886
1975-12-31,0.0006866923844949261,0.0027850758113058924,-0.008539087045196713,-0.0033540363098617993,0.001697959341290998,0.0007087224814251849,0.009997633143791188,0.004293541466184494,0.006783060564336525,0.031370470829469914,0.01853274928509044,0.019711931927673263,0.011990150995714434,0.028985984403664303
1976-01-31,0.0008152220566668002,0.002142869756230749,-0.010497714667448631,-0.004278502340667606,0.0006155126743025773,0.0007698886870005851,0.010710063287417413,0.004271331718912861,0.006321057876622924,0.0303079462558038,0.018211867365618417,0.02014623541851517,0.011990344413647358,0.029008358081702674
1976-02-29,0.0027642806096665057,0.003753696136004229,-0.0036212978203718506,0.00034065594459604145,0.003850553025424417,-0.0012602295174839703,0.005943508854400553,0.00542564694905191,0.008269237691340851,0.008801166398986569,0.007395461481396109,0.015947867029127146,0.011871801635432049,0.016847963066707113
1976-03-31,0.0030194078634368337,0.006784267446554024,-0.004010904275934868,-0.0010048115347771492,0.0010587025607751664,-0.001238743454446872,0.010531987489552206,0.0055395143550274195,0.008047899963863393,0.009140536009655042,0.006863670244737336,0.0139265690993766,0.011853172972971435,0.014903378270051233
1976-04-30,0.002539494721929084,0.006852453357783434,-0.0033030176965181206,-0.0012753468128248171,-0.0014317124166531678,-0.00017570538955952926,0.010854833138907222,0.0056703876848453435,0.007982679205603362,0.009013726121772361,0.0067888588194842696,0.01174850415196731,0.011119355047394114,0.01478090206918817
1976-05-31,0.001790111107178786,0.006481290939227391,-0.004208048933909815,-0.00167409567372679,-0.0042079142565557125,0.002888090810526335,0.013284426878195851,0.0052658368316923325,0.008441143876673137,0.008330780635111947,0.0064314082879043085,0.0070122913502422765,0.009306147221047924,0.011069554269235941
1976-06-30,0.0020776288526771053,0.005510184865352215,-0.0046976552419914245,-0.0014762000516770262,-0.0032935490581413747,0.002712163545310516,0.01389848571356919,0.0050279839121675635,0.009867994970171426,0.008400242204443414,0.006469620430774926,0.00708169650324556,0.009407101676353283,0.01018004881746798
1976-07-31,0.0024174457387923123,0.005405016216234807,-0.004861079099365811,-0.001182350966436847,-0.002103757888232952,0.0008058143878852427,0.013168458321467201,0.0048978515458157216,0.009872546314290574,0.008387125289853409,0.006177994886062836,0.005584380823331851,0.010125119126736791,0.010326406299167645
1976-08-31,0.002192998118979352,0.0052174135315632775,-0.005217991099525406,-0.001311310332650882,-0.003161096033691092,0.0005704632687225947,0.012619189632168007,0.004959110122968923,0.00976957812639553,0.008265669152932658,0.006123305262208787,0.006448213148219881,0.009730995449676679,0.00991268948908619
1976-09-30,0.0019986987262266757,0.0051963017359124486,-0.005640214191897793,-0.0021849423239338637,-0.004545016986908086,0.0008797480840303304,0.01298514485726661,0.005028195750959087,0.009784087082737558,0.00782224731720177,0.0054357448707942095,0.005878285480905369,0.010016669834953446,0.009813659997532047
1976-10-31,0.0017931935761227034,0.00438049209731482,-0.00623277476353399,-0.0030733657939854384,-0.005129466091512572,-0.0002732741571216203,0.012268140173309195,0.005055293855586604,0.009946602030437776,0.006637310688926887,0.0038216255231630835,0.0049643057500868655,0.009396547079766376,0.010221472527578655
1976-11-30,0.0015764786671064526,0.0035714016750852027,-0.005372097037729985,-0.0024044272015373807,-0.005555101299991327,0.0005428503579114252,0.012938199063736751,0.0051954626580021975,0.0100930410052835,0.007305583915224907,0.0034827782457657786,0.004951794294344379,0.009720827585654198,0.009620544178184727
1976-12-31,0.0014320880544365885,0.003735254251182908,-0.0035194611945039422,-0.0012233404908641432,-0.0050264232958544255,-5.003350806436123e-05,0.013122850444931061,0.005335447378819605,0.010136046318679405,0.008955421277435231,0.002774037188634135,0.005022351008898883,0.010022789404625702,0.00957361764203244
1977-01-31,0.001601279287401026,0.004323851016015849,-0.003696090303789123,-0.00107267641558018,-0.00440645692536844,-2.9690433582037466e-05,0.013578483914636327,0.005347274496408762,0.010289051660197368,0.009027992369510424,0.002685805537525262,0.004415925314451698,0.010025674043248993,0.009822012558440143
1977-02-28,0.00040138888537498055,0.0031404295842215753,-0.000985219499199408,-0.001222891861058422,-0.006438361702526283,0.0014170498328330459,0.013418015368639992,0.0028054789368579807,0.00896574389289597,0.007889036678777607,0.0027752624562967206,0.006981260453150618,0.009408389186362083,0.009479434815109895
1977-03-31,-4.018542525526669e-05,0.0014625923111049035,-0.00016846011301600904,-0.0003034719718454033,-0.005855991123387697,0.0028870981359753116,0.011633618293369334,0.00204336758660824,0.006465983291996719,0.006947454102488804,0.002936100274439747,0.007444412007885091,0.008721957871703163,0.008066201002829482
1977-04-30,0.00011673455989365722,0.0016707463083685049,-9.252007280679701e-05,-0.00010393706397471492,-0.005874393133802073,0.0031616489792506545,0.011559659546202986,0.0019926491721255625,0.006461834115148372,0.006943708005755681,0.002963256574151342,0.0074419371390263426,0.008619215532434022,0.008111796358562776
1977-05-31,0.0001613577752302175,0.0027203009599472416,0.0010726231854735872,-6.420316753102206e-05,-0.006404445940718872,0.0017815536246141692,0.012117217893202019,0.002004902872364738,0.006326375797387978,0.007525919722680357,0.0029907317887770024,0.007584206261840729,0.007994585844490748,0.008115948781616814
1977-06-30,0.0004561041283652448,0.004194219615026189,0.0027117715515455987,0.00014907276208312128,-0.006696928424437541,0.002365830267502898,0.01227994457715925,0.0021912159735412865,0.0042704949241188705,0.007397535333733729,0.0031418209278491565,0.0072828159329804175,0.007854207424214854,0.007937816019147597
1977-07-31,0.00029323171317086283,0.0036899143870717916,0.0037462826899509493,0.0007059717040906035,-0.005749834446567649,0.0021196531926675876,0.010860351763029222,0.0020922973578452312,0.004585198459294176,0.00705963414120562,0.002636002893684045,0.008468771649064202,0.008408113163862403,0.010134700786252076
1977-08-31,0.00039882244147516725,0.0031441679383582295,0.004753662007560581,0.0007223365658211912,-0.00466507692859953,0.0018589081477451057,0.00982166707213169,0.002093013801683503,0.00425726327396377,0.006611173506228416,0.0026343395300250827,0.008218284777417146,0.008028686332978196,0.010133348260215988
1977-09-30,0.0005352497669451783,0.0030453994419663514,0.004460553425954669,0.00126776321234575,-0.002867459071164333,0.0006118908332089576,0.008188234595518163,0.0020682631299854285,0.0043762330712017435,0.006922310119816646,0.0025087236139670643,0.00927687354232083,0.00764267668477544,0.011179176991219666
1977-10-31,0.0005921781264133136,0.003084549786262368,0.0050618012480715124,0.0017910865671291257,-0.002607464281840961,0.0009542178056759047,0.00774511912201831,0.0020631932578336547,0.004329745984231482,0.007165071705795064,0.0028010822514418316,0.009390070467714725,0.007615333554692012,0.01149990672349405
1977-11-30,0.000817300179975597,0.0035847335170983235,0.004732077452704767,0.0023469268850659143,-0.0018068144273921621,0.0007502589333872096,0.007844624281910396,0.001808415315920636,0.003950912609748997,0.007292048888287333,0.0029783802499376904,0.009319909731197885,0.007424876138049667,0.011511885440885824
1977-12-31,0.0012356937313187343,0.0032048977298063407,0.004025840862431178,0.002515511935179687,-0.0009900686586623148,0.00048279520499453394,0.006678209319784033,0.000967291906253146,0.0038016743901602926,0.006778351378604842,0.003107245922782148,0.009767140565297231,0.007813236119815086,0.011769550941872318
1978-01-31,0.0011599847723264918,0.002781871206618951,0.005319066277226409,0.003183022881237492,-0.00021496051056777983,0.00023884948225605848,0.004637968451249341,0.0008566207003349005,0.0032145650702200047,0.005650728563028516,0.002974657108526545,0.009769315590825115,0.00782818531713644,0.01118163154919752
1978-02-28,0.001205284609579969,0.0027900843793810305,0.0038192989340928092,0.003232524909516051,0.0005937956322769345,0.00015591574170885684,0.00325080675296722,0.0009019630131750676,0.0032250370263871542,0.006436069062625313,0.002855154991112894,0.007807036655096567,0.007771596552693483,0.00818891459797154
1978-03-31,0.001120671117442288,0.003172066650114928,0.005072545456059971,0.003630183415438392,0.0010487925711504698,-0.0004975917801690023,0.003164258514747226,0.0009325444886168864,0.0034837979151740137,0.006341478163986169,0.0034302023079023857,0.008088939767150988,0.007458727901977139,0.008137310351148836
1978-04-30,0.0014410827917546918,0.0035931214789648885,0.005583863035185532,0.0036776183370379883,0.0018674006153054541,-0.0013108770013677117,0.003003620514473015,0.0012590255819925273,0.0037186437700564147,0.006140448772914973,0.0033997782864507984,0.007909824256683573,0.007724959153717975,0.008082558410424255
1978-05-31,0.0020748821243236587,0.002832941516383794,0.005262335673668169,0.0036712945904537396,0.005099024680669813,-0.0026595595199253217,0.0006204629950760295,0.002381396778279365,0.0037270483460257455,0.005940547914704315,0.0034031674489517047,0.009796639129137,0.009197666074814776,0.008358277636449944
1978-06-30,0.0020877840772811555,0.002496899496123657,0.005605476291158845,0.0044608555251722136,0.00657955957956325,-0.00421944670216465,-0.0006672254506314406,0.0023890029459874775,0.0036429862332846012,0.006414198300789185,0.004294845083412303,0.01008261474437173,0.009575781900104614,0.00878157469798042
1978-07-31,0.002342632013975284,0.0026770957788388714,0.005793862151775513,0.00498313559599014,0.00601799834366706,-0.00243453170150227,-0.0002654264901517798,0.002377768137011167,0.0034704092285933997,0.006500207917298859,0.0042649361406195555,0.01015337571330058,0.009166746138795472,0.008430706797619838
1978-08-31,0.0026308244906464175,0.0027879636097664275,0.007046583857021417,0.005690331789490621,0.006807789623082439,-0.004962120751359539,-0.0013799636896042386,0.0024086415398946364,0.003488156452369598,0.008109315458769454,0.004168565419082614,0.009970200430797216,0.009190739950569663,0.008678513160669246
1978-09-30,0.0024713314162992566,0.0022446164897911296,0.008544410849202775,0.006310199092302631,0.006656390679961149,-0.005807167267757817,-0.0014705153959527829,0.0025875347303219785,0.004658238984922322,0.0075793008927198665,0.004396520875197813,0.00990203196537415,0.009555524474995202,0.008748438752339176
1978-10-31,0.0022758685149755565,0.0025846529355252773,0.00613458117394185,0.005190064915623652,0.0053263754677939125,-0.004866375256171278,-9.158714028619343e-05,0.0028095526767688635,0.004511592354392144,0.010693463974106764,0.005922259623974789,0.011454297558657808,0.010886961475022829,0.009854472338332155
1978-11-30,0.0024145670978920515,0.003421412683521835,0.004386526611478563,0.0038324675410218736,0.004500244952372787,-0.0012081061796007382,0.001677378822351632,0.0027294712178761544,0.0055096997126589655,0.013153565985812826,0.007352105855838172,0.012069190362033326,0.019140965302198505,0.013126480973468729
1978-12-31,0.002642927204493884,0.002511881256115227,0.004276608281122509,0.004347770954987636,0.004528016670372073,-0.0018971592819232122,0.0008312401853070385,0.0027130559811909833,0.006487576709376813,0.013155013171078665,0.007694077723102484,0.012079088798431259,0.01967204805272799,0.013706159705814201
1979-01-31,0.0025910044949724797,0.002097677119063996,0.004681230213459966,0.004719032000081222,0.005269957899345208,-0.002269771990919166,0.00032189731299990895,0.002733085641420669,0.006478632543864666,0.013335419589659203,0.007901564390577624,0.012319657353169356,0.01970702827231399,0.013994397163628207
1979-02-28,0.0026601508635248623,0.0022223998586709446,0.003805610087125216,0.00456639250481946,0.00560932633642409,-0.002729877596124883,-7.730778192796955e-05,0.0027344792803437913,0.006586661640835751,0.01449073022900771,0.0080787922860046,0.011769226511128451,0.019596751134237422,0.013607590643609757
1979-03-31,0.0022337614794606772,0.001886948883816457,0.0029229616624812786,0.0034529636802735266,0.0042949048497923055,-0.0020371334047149447,-0.00024767487230004294,0.0034361181559754285,0.006401346328510146,0.0142992085163195,0.008184412427400572,0.012337096154535902,0.019818778586649613,0.013521405383853057
1979-04-30,0.0022084023191642284,0.0008479936719557284,0.0026823750825995265,0.0035007790134310053,0.004173233642687215,-0.004095885723490201,-0.0015302538033161181,0.003421162027459145,0.006374920953099762,0.01426427898545268,0.008176382750598597,0.012339234789467893,0.021695815440094905,0.01374234364219801
1979-05-31,0.0015265869456427784,0.0009206613263168912,0.0025053817425424152,0.003848293011230517,0.0026997956134679276,-0.002949299119287973,-0.0007258501794833921,0.0028107616850170697,0.006352072498302782,0.014219802194907791,0.008193797138750788,0.01014697167977779,0.021221059485798735,0.013261112833563985
1979-06-30,0.0011142791030925034,0.001116941147074034,0.0009431820319439893,0.002714498086490616,0.00037884518661240527,-0.0008768967564921851,0.000722479394185643,0.00286568218974371,0.006407536464009757,0.013705762344070256,0.007774940337526673,0.009889846284067656,0.021163768206583024,0.013064224053094318
1979-07-31,0.0006632779696360205,0.0014412957460829396,0.0001321172961273171,0.0012476359369083228,-0.0015878825261029562,-0.002234094722685872,0.0008780014871576577,0.0028565344891935264,0.006474160548372802,0.013436605321416563,0.008398510835660303,0.011759915888253761,0.02124572455965394,0.01300158712780518
1979-08-31,7.319784844983964e-05,0.0015077635599733252,-0.0022346531158570875,0.0006135132341462322,-0.002309584039265925,-0.0005202269506852358,0.002393823930704244,0.0027316228392048844,0.006505807642327337,0.011491870802898388,0.008034988945066856,0.011307266729950161,0.020594799862610678,0.01277132145413659
1979-09-30,0.00019798775593233526,0.0018842134887084182,-0.0028829699511676763,0.0004814019030954583,-0.001727446082450276,0.0002741644436725185,0.0022055230985212945,0.002713562992352389,0.005964287889023706,0.010667995145658088,0.007856821029350784,0.012143305914099137,0.02020076858557309,0.012956018144106206
1979-10-31,0.0004891861762335764,0.0018468393024887316,0.00020329599275742318,0.001800985321685605,0.00024414043455712065,-0.0010983890403348992,-8.454529566957775e-05,0.002689421078362761,0.005960509570725792,0.011256195341486924,0.007739348399640037,0.011993330251223252,0.019770369876465976,0.013046223900257113
1979-11-30,0.0006054588559223085,0.0007015748407678933,0.00283101898398366,0.003090735218941977,0.0016468328951342378,-0.004833736864012554,-0.0033404774807657,0.002775847489724587,0.004705629520693577,0.009499214572150761,0.006821458025336946,0.011916839620603813,0.011922412751466613,0.008796835907081106
1979-12-31,0.0006160654152712024,0.0005425807699299171,0.004790562968205924,0.002674000140124711,0.0007710607002786347,-0.005011899501612563,-0.005097543457214699,0.0027890402185578545,0.00506008533665697,0.011799569226830259,0.006382418486605609,0.011742226910738238,0.012173175353043922,0.012189309738994214
1980-01-31,0.0010062210442604621,0.0008433446958048769,0.005865453829111351,0.002616973657099883,0.0005649284287581914,-0.00603888653633972,-0.006005235395442179,0.0031974667678954156,0.005128325480234572,0.013067244658124005,0.006306246462808408,0.01152824537822369,0.012770550880641685,0.01294256721612359
1980-02-29,0.0015709663391275882,0.0008840653212054258,0.010968968005315305,0.0035856833510486542,0.0018907986178582535,-0.008246631931467628,-0.008893209223138548,0.0040767390130761584,0.00519267803111825,0.014811134744731511,0.0059499020793198545,0.011053746112586851,0.014036720794217954,0.012916631146854766
1980-03-31,0.0020593313386687777,0.000603227196780088,0.014437783853108406,0.004316764910913423,0.00331386665762802,-0.010570774636815522,-0.011803868410061176,0.0035679683249521536,0.005139192863960536,0.01696454678989587,0.005541430157276202,0.01080205193522078,0.01347890035669224,0.013401624427271
1980-04-30,0.0014191824153222971,0.0015912212851435775,0.009661011494763089,0.0038660364935888,0.0030015720892023335,-0.002717232496215628,-0.006420488209038701,0.003878862199253362,0.005162924905336855,0.02604041974343183,0.00590995065685864,0.010856359225918153,0.023269818543847135,0.023235834322323533
1980-05-31,0.0008262131350479894,0.00137568475530325,0.008497282639721283,0.002212775561399648,8.420333255206921e-05,-0.0016394305043486825,-0.006046294794767401,0.00454634298799473,0.0053106647615365765,0.02658317226176784,0.007716228502935897,0.013262445675435474,0.023463917248897893,0.023319530932553248
1980-06-30,0.0008347459642486912,0.0012748228562051548,0.007753963369221479,0.0025452890206233976,0.0013822894014533197,-0.0027041454954311044,-0.0056676595290211405,0.0045416738733960755,0.005270763510881225,0.02706752238602051,0.007659538717559013,0.01279356113104487,0.023176643161961257,0.02358682488634658
1980-07-31,0.0009721528451912169,0.0004688405717279411,0.009191165193133398,0.0035786762896588453,0.0030604990193630727,-0.002065573869706283,-0.007015496045550615,0.0044804312231070415,0.00547848547273157,0.027064642551381,0.006577417935904562,0.010603879066020495,0.023036266997856884,0.023885633420770314
1980-08-31,0.0014474691087246428,-0.0014237210609461999,0.00997582915533043,0.00479336214576558,0.006752019989792212,-0.0036590364980564716,-0.009987332721101678,0.004364593646026788,0.0074498027945885965,0.026722825208762794,0.007437056144437961,0.015942267861457568,0.023416155016662332,0.023938941056707963
1980-09-30,0.001710443015326442,-0.0013594800869049007,0.010344163984750116,0.004824318164405506,0.00678013141998228,-0.00457585688825421,-0.010921908356163584,0.004398772714104685,0.00742634308579649,0.026700384665484526,0.007459520474110764,0.015962093799194315,0.02367166352571992,0.024174111146162743
1980-10-31,0.0018257145292770616,-0.002335276816314412,0.010574695009336022,0.005488720981345066,0.007859594647414559,-0.0053291004129683165,-0.011959201697187316,0.004421840344168079,0.007681908419847884,0.026794564339375188,0.008133715800931316,0.01664136226221103,0.023757239630646795,0.024542626466986617
1980-11-30,0.0017754415440422728,-0.0025671543458232284,0.011973618189708053,0.005459307294366077,0.007968679889363475,-0.006959613315612506,-0.01335861912578142,0.004409362056086108,0.00765488811992067,0.02724876498058635,0.008134566632037545,0.016652116843012987,0.023644520771417998,0.024785240089154836
1980-12-31,0.00255502295284621,-0.004181053210887239,0.014146737912795351,0.005756613590261484,0.010953807269988016,-0.009598953639236976,-0.01683409436512594,0.005500795446561351,0.010822162064452053,0.029504946974200117,0.008250700076485316,0.017890124923263164,0.026955427471031468,0.030178070777117073
1981-01-31,0.001848976748363241,-0.003937126397140203,0.010156876089616018,0.005010771142317221,0.008631109160992127,-0.005583285119623551,-0.012094390358770591,0.005558447300467537,0.011043162765299406,0.031067443761092797,0.008229697125880968,0.019674359139534383,0.029043775899182327,0.033790520515985197
1981-02-28,0.0006419154578230816,-0.002517509099828105,0.003106337986650306,0.003397294332029232,0.006170265381635102,-0.0006778774738006079,-0.005402309552433787,0.005221277555556067,0.013598411125008918,0.03240771494543143,0.009617837682618239,0.021832850076575615,0.029973592338119283,0.03867275835345733
1981-03-31,0.000568410747770701,-0.001437388625033998,-0.0009608283468987974,0.0031152502425782404,0.005429245197933243,0.0012412666864589316,-0.0015099785315793644,0.005220526192339132,0.014309311302850696,0.02997800281846332,0.009603544296647035,0.021865292607065566,0.029331546146398164,0.038340587920767666
1981-04-30,0.001065060571323973,-0.0017278899722249174,0.0018801830211909651,0.003985748877617546,0.0047783009963066215,-0.0034806779299940416,-0.0048446157876068175,0.0050521650162438465,0.014153919394474856,0.025814512740890742,0.009480961922658767,0.02217013219914989,0.02252427341785003,0.03464915711005574
1981-05-31,0.001717399000011435,-0.0009894377905517893,0.002780526336695843,0.006315899665636986,0.007383058832604829,-0.0030313608491843672,-0.003729873712403268,0.004411627271513181,0.014306157541163253,0.02558211641525008,0.008069213779262544,0.020081157236156114,0.022829002910264497,0.03505947396523329
1981-06-30,0.0020485407320054933,-0.0015262645267450318,0.005211500963260691,0.00649835579108796,0.007437517586361786,-0.0036473654493757762,-0.005714034651657578,0.00430439000108378,0.01427847574069347,0.025398243412719387,0.008016258862018616,0.020072648373532988,0.022921509943095896,0.034786222687773184
1981-07-31,0.0016805368825497699,0.0008517367827969394,0.0024762770365696226,0.005678768311177193,0.005952760134521701,-0.000878170320644908,1.5430595835765292e-05,0.004678692131278091,0.01589016876884385,0.025772511370601155,0.008921733116509368,0.021423605288392808,0.024901041447252848,0.03787830041819938
1981-08-31,0.0009215909164090466,0.0016663074687967797,0.0012037562469144674,0.0034947433726214266,0.0026355826227655956,-0.0004370534022061275,0.0012972290569817572,0.005147347219917526,0.01506475970540044,0.026089589760541654,0.009357337173761249,0.017633549736922712,0.024625200514627854,0.03714426389784756
1981-09-30,3.357924187204404e-05,0.002861224126262031,0.0006109414043616543,0.0031211417387659586,0.0010030617800450708,0.0024161598667449447,0.005169318429023427,0.005533159590101938,0.01518624839701108,0.025930112587298756,0.00916370113018986,0.01705512445726034,0.024687902581559704,0.036960515901511254
1981-10-31,0.0002117591356254021,0.005468682375466887,0.0006041205503073153,0.0035748251649362177,-0.0007438177262954847,0.00552168655468914,0.009924717795703704,0.005679306049860886,0.015549778989070525,0.025924025200251808,0.009979114457245508,0.015585116534048312,0.025058733396155292,0.036307485291329024
1981-11-30,3.5635553562264075e-05,0.004448302860651902,0.0011783708278407044,0.003622986407050409,0.00012167068058736071,0.004796225365274632,0.00875970714607064,0.005634364585202931,0.016528623845990537,0.02664532587017243,0.009988439118568818,0.016501837307864833,0.0258036539106528,0.03772572160450266
1981-12-31,-0.0014327377754199322,0.0073855322575553896,-0.0039995175929836025,0.002614872688672456,-0.0038008442638885337,0.010595920196922572,0.016805337921902908,0.003929197087131456,0.012570993175611625,0.02109669755842591,0.009860148581237767,0.012943636514244924,0.018316333840818447,0.027000280810635567
1982-01-31,-0.0009235291575701117,0.008101809344523184,-0.0019717016686174277,0.003678804906473855,-0.0013887836672823895,0.008967265978293053,0.014951319654702077,0.004173962823771859,0.012758443023000648,0.020294259652873983,0.010360454397669598,0.012882048695141844,0.01728866591190118,0.02629305393268941
1982-02-28,-0.00010596811948802933,0.007702316057410668,0.0022912901237756777,0.005801337267553389,0.00047876767291537,0.007471797215222895,0.01215118111396303,0.004342216414253159,0.012223930705535272,0.0162803623730833,0.00929568549747092,0.010745183483141355,0.01588853970297615,0.023170356008423102
1982-03-31,0.0003580074949190281,0.009052039807779402,0.005042114885768448,0.007287351048067489,-0.0003329750038567636,0.00955770386180209,0.013900444141539117,0.004664876709204379,0.013662228708022266,0.017452790624770845,0.01003084321100802,0.011107187252140249,0.01682125997939916,0.024323928105999693
1982-04-30,0.0004650724826212401,0.010353369723111478,0.00813969226081864,0.0076168113070981475,0.0002979914689261465,0.01021305201940974,0.014344693826698071,0.004725361319399098,0.013843682466650685,0.015833633330336685,0.010104613118371839,0.010827882681379986,0.016772687248294216,0.024371517516268645
1982-05-31,0.0006802434307629329,0.00994637253046385,0.008575241511145814,0.006977173136653297,0.0007239191496801497,0.008761080144286185,0.012345516141363422,0.004812215622060514,0.014061049190316586,0.01571035151184535,0.009886565780476109,0.011175191399012156,0.017207249776932016,0.025352141417507596
1982-06-30,0.000582396030887241,0.010399665406822222,0.007817147509031607,0.0073061749810345656,0.000342175758066896,0.010901347331670566,0.013943656709668737,0.00478200433238961,0.013659443578969928,0.015494633717050956,0.009893622402550647,0.01109898321013162,0.016204608882950573,0.024243132048604527
1982-07-31,0.0014134661946285359,0.010349677928776162,0.01161163445018306,0.009856853107649772,0.0028865251214610335,0.008615704931865363,0.010489524984774208,0.004677981108081107,0.013608937731511188,0.014748939195113022,0.009699575022798819,0.009519388109826518,0.015163561507294894,0.021515788071609632
1982-08-31,0.002300467483336545,0.012549841498891769,0.014085763407434088,0.0120809066104541,0.003335927217881476,0.010413192893130063,0.011330622955998166,0.004112492777794311,0.012413811373545034,0.012847230211336137,0.007494643367665009,0.009744835527823407,0.01367658040452325,0.020768996501230697
1982-09-30,0.002911181845871048,0.011142498953645016,0.011463029423804838,0.01014660166063388,0.002135615726429606,0.008400054629495463,0.010328250383510859,0.003004318366197714,0.01353185924426258,0.017511654250479913,0.011357148474647092,0.011274838797934634,0.01413146648567039,0.02034287586509
1982-10-31,0.002416210621380199,0.01016110175270676,0.010848810886043081,0.009945309506479373,0.0026151067225102984,0.007180295977355267,0.007939568497763715,0.0030447789211887756,0.01311125225141987,0.017244209976881145,0.01115059542050077,0.011401200089012306,0.013134331942268037,0.01929065254440345
1982-11-30,0.0024236525910610695,0.010811250254621993,0.007211378536622844,0.009149902051767045,0.0014020773993971326,0.007181257046512612,0.009354163095418965,0.0030394811461656106,0.011870385185563576,0.0163594520085556,0.01180529983317808,0.010020929310168169,0.013131912559399581,0.015855816847401602
1982-12-31,0.0030087670139563832,0.010137569792297756,0.01016310730127735,0.009882047372301072,0.0034688658798866837,0.004677270503905665,0.0049034764229441315,0.0021475114665680593,0.01241195780070236,0.01635821852938602,0.011329198039436895,0.009281040959011631,0.01404940473504063,0.019263390033064046
1983-01-31,0.0025773061790932495,0.009387714668892518,0.0093580343522819,0.00898824786453265,0.002300230348069292,0.0047638112525195935,0.004460327473948114,0.002496088757876292,0.012357947361289026,0.01703760354455179,0.011407198692071843,0.009047474844319855,0.01409037229888667,0.019093723342724744
1983-02-28,0.0028870776013270837,0.007504659775896254,0.006694017771217923,0.007214125191635196,0.0013574904645929616,0.003254964075462977,0.00164203955557174,0.0030249670642868674,0.012176971029985184,0.01928679310261779,0.012350563106927118,0.010031326533215717,0.014041104935432059,0.018757157701057767
1983-03-31,0.002946517697630023,0.006240859752528587,0.006001640940194141,0.006672380470684281,0.002902346227983669,0.0015137230292409708,-0.001738739393542056,0.003093234228362772,0.010384941406929306,0.018639167965135768,0.011879878126192737,0.009667743826659358,0.011854889598800412,0.014889971849158119
1983-04-30,0.0026624148762266846,0.0058079817187352304,0.005155736483604288,0.006073425995431002,0.003182375626477194,0.0008550025112328084,-0.002402343799335238,0.003194164325432644,0.00988895646457296,0.018312137876636735,0.011795502064509772,0.00960293260339661,0.011388698897961909,0.014025326415255873
1983-05-31,0.0025525631752091275,0.006102041587639009,0.005085591194349687,0.005383561423560828,0.0021644906747187095,0.0008905619345375365,-0.0013089772544097522,0.003180568672276754,0.009780881013892483,0.018306550016835822,0.012003266233245357,0.009308282141162609,0.01137320587186088,0.013904648190447448
1983-06-30,0.0024523852257721775,0.00545090894346644,0.003063577681057767,0.0032704077787839175,0.0010644652941307722,-0.001063241768136639,-0.003427500814494333,0.0032385077395306935,0.010348797863763502,0.01930237387795412,0.013399995528786105,0.010280377329730205,0.010624742279402717,0.014456087401442632
1983-07-31,0.0024261054376315634,0.00337532004822007,0.0012720873781342926,0.0018551193282304902,0.0022561119564742053,-0.002691241028538333,-0.0058018856147295525,0.003213226182225237,0.008981662597223702,0.017514488234851584,0.01191840368239888,0.012189902860481387,0.011476176813199304,0.014736453857578647
1983-08-31,0.0017619254462275405,0.0028705150024161846,-0.0003524564396146051,0.00037617539854896425,0.0003954768294556278,-0.0011827807224876485,-0.0029579849256894503,0.0035289015951586135,0.008211655753368638,0.016710368930895655,0.01100176614829396,0.012559388946945742,0.014095580394112232,0.018505535736201232
1983-09-30,0.0016434113480133187,0.003979244521470867,-0.00012250995061849836,0.0010201390257614886,0.0007475351059637361,-0.0006767804794279925,-0.0014977658228551851,0.003603672604554903,0.007785577341120747,0.016313995314290522,0.010027651933418475,0.012085467329539301,0.0140333195736656,0.020453044962982916
1983-10-31,0.0018550036747800246,0.003832104579005476,-0.0014462694910378612,0.00020344333776365262,0.0006874747575504637,-0.00021708050253714585,-0.0002099571201920602,0.0035382294139480706,0.007677442596916285,0.015659213766438564,0.008704277126967294,0.012047928710526255,0.014521301756947678,0.021220618618395817
1983-11-30,0.0019155002176260638,0.005810471999070519,-0.0016391043730453936,0.0007587669762477694,-0.00011317617480365266,0.0034278578679406355,0.005569109323847139,0.003518724138640125,0.007559248339669573,0.015775157119443765,0.008631993034153624,0.011988951723065518,0.013717194024291906,0.02401229236805666
1983-12-31,0.0017352661145993797,0.00648239302403691,-0.0039385333515359845,0.00015617458178755986,-0.0009850703944741129,0.003960988568417873,0.00735263909593915,0.003535672619522731,0.007096147463960836,0.01310255989882407,0.008405062252911388,0.011421192490312022,0.013103292729269501,0.021655495984933097
1984-01-31,0.0019450436031880642,0.007301827613629667,-0.003660095400417795,3.8001054864548144e-05,-0.0009535879910046486,0.003317317467524565,0.008216769048501367,0.003397254101150132,0.007595773227087609,0.013044085801215445,0.008368835529486056,0.011417312443027327,0.012895647091053033,0.02192174952051881
1984-02-29,0.0006586727257497038,0.008927823671235959,-0.003164174534634166,-4.393578455798413e-05,-0.0017131078281226299,0.004632375222500392,0.012996096996472662,0.0034419529426128574,0.007565297047213647,0.012379014442033598,0.008462539503632915,0.012536455191122006,0.012816732578238763,0.023368298773757557
1984-03-31,-0.00021431305584101537,0.00804033532821532,-0.0047674939038295765,-0.0008207293263291614,-0.0023945912538271387,0.004504819911117596,0.014399191862684279,0.0031428777313604276,0.00754684672930992,0.010414809255178839,0.007494611586890642,0.012099550111377505,0.01280038140306683,0.022840174170839653
1984-04-30,-4.237881168151085e-05,0.008149871879747994,-0.00502664313464596,-0.001126677890651279,-0.0030430832364035138,0.004058039634711464,0.014259412578476292,0.0032157978792708617,0.007651199691442066,0.010128765801861405,0.007339552595317426,0.01201116071912684,0.01288351826213277,0.0228665455187358
1984-05-31,-3.467010432551751e-05,0.007956841397099347,-0.0051809483389813876,0.00019787834217271753,-0.0014918647432406115,0.004518303204816397,0.014367924024273898,0.003222054236776198,0.007782336182490323,0.009957556760460234,0.008560247654033577,0.013428049661553507,0.012687718450675737,0.02281279362203272
1984-06-30,0.00010890257653687768,0.008186135071116766,-0.004154000975829446,0.0027117142114600917,0.0005732753685083443,0.006280299759126168,0.016810462165488278,0.0032714592496850604,0.007356947043413523,0.00929203812739633,0.007746456706741765,0.013416377590620034,0.012260240574270208,0.020421912512400123
1984-07-31,-0.0002786409016590108,0.007530792573301383,-0.004415534643462817,0.003917259932243181,0.0012117664216714874,0.007369530724261312,0.017594001161858986,0.0028744176953147214,0.008610202026301786,0.008948714311962756,0.009309815083872576,0.014810669790992445,0.010457553831777702,0.018993131279477826
1984-08-31,0.0003763170791771086,0.006176151513789564,-0.003136439769802025,0.005805468549183859,0.0035375656465204963,0.005734036195171461,0.016216901728084973,0.0030011650857407076,0.009088965368113494,0.010381951635170151,0.010401013017932446,0.01472296052090409,0.00835150175012317,0.018373351231983536
1984-09-30,0.0005692210841742569,0.005242238980868866,-0.0023043470394824603,0.0050305949815921715,0.004515660944911168,0.004547626567319905,0.0128566750288977,0.0029739582455443362,0.00953246908245889,0.008746045589727379,0.011922163787138566,0.0139274877002021,0.010006768327814572,0.019221636941750875
1984-10-31,0.00015235560614647897,0.005568171446232127,-0.001958700624901341,0.005511064047752637,0.0028372297036597578,0.0048125563919606375,0.014266727763210267,0.00310203986734057,0.009709189120908842,0.008862838113139315,0.012236132621303925,0.014754392730719962,0.01037860199469216,0.020247114210458383
1984-11-30,0.0003698956769776789,0.004183931223200577,2.5302718603724898e-05,0.006429514924553996,0.0032747417702109947,0.00343102143426218,0.01178276655653004,0.003269608224630637,0.00921561992488813,0.009223861200546857,0.012424586770556637,0.01461998127800044,0.009108901411949318,0.017452451197961096
1984-12-31,0.0004324456042077756,0.005257782338945254,0.0005330908194588869,0.007440027489015078,0.002943856382752527,0.004924262517455268,0.01514218061756892,0.003278238303192322,0.010097647498162114,0.009317418810799147,0.012327575962037365,0.014715666862928339,0.00865401668438742,0.016634767752244296
1985-01-31,0.0005543285024900037,0.003431137076336245,0.0017757413811200814,0.0077338988781597805,0.0036223060635016883,0.004405620811154409,0.01368224727665601,0.0033281536598560773,0.00997651820021306,0.009555331422799304,0.0122210415975808,0.014651000975177271,0.008921566868730595,0.017017951666594096
1985-02-28,0.0009804987953650505,0.00013074629838698051,0.0014718814024942076,0.006666388054651856,0.005578008674863717,0.0025644077089368457,0.007173233377316321,0.0025832627897101547,0.011278378622614103,0.010209750277876664,0.01423874828453965,0.012285380767837245,0.009651400141688549,0.018580448824062845
1985-03-31,0.0013272332753976922,0.00039578179498719716,0.0017916120748448464,0.007248400263373035,0.0061583186953810725,0.0025774191180596554,0.0062934884851445945,0.002088520698016712,0.011396456422860718,0.01019263983808308,0.014263468445668236,0.012218727767337996,0.009655540008911176,0.018469963876495448
1985-04-30,0.0008987441666378869,0.0010726889713543444,0.0013890818418446586,0.007781757758440124,0.0058434741604055694,0.003671663955551342,0.0075102873455789145,0.0024095565756550707,0.012550703633066868,0.010195419358539815,0.014112614770959587,0.01257867262370821,0.010001824218747324,0.019170843442453064
1985-05-31,0.0006293796454192883,0.0018999076755187767,0.0020835921590646703,0.007164600164880445,0.003748311106953695,0.00447571645324532,0.008383909320433022,0.002406842671022639,0.012944768352386445,0.010675745776691507,0.013967663251900847,0.012519857521355551,0.01024568253536461,0.01926449281266836
1985-06-30,0.00047652738218716606,0.002150124822247779,0.003298768147044783,0.007323818841809955,0.0038867869859134274,0.003007313487547552,0.007556790629970234,0.0023752772824798176,0.012861216222071873,0.01072239130235749,0.014064688091595287,0.012626492913011478,0.01014430050279763,0.019361925409937735
1985-07-31,0.0006081820071275156,0.002720000376474753,0.003930305772982086,0.006627082712072241,0.0013109847097200124,0.0034740207812474187,0.008671508462349148,0.002418619242188139,0.012414321445432967,0.011057418697066912,0.013539903603735543,0.008693113000743716,0.009925494075730075,0.01856258750713514
1985-08-31,0.0003577121616214239,0.003497838911930238,0.000837296734157166,0.0040344940656060774,0.0003059293850263043,0.003047008481837102,0.006974765135478687,0.0021156296422346543,0.012236473331365317,0.013049364060773137,0.01342976412237211,0.007475158753735285,0.009830356283651124,0.018726677749181204
1985-09-30,0.00017767979496665222,0.005127191638379161,0.0028915074959483256,0.006255455074056625,0.00026675390538806075,0.004688530569393561,0.009008928169018071,0.0021252571171453166,0.01245477530676436,0.012251684064158348,0.011242674345356965,0.007482620875479677,0.008302442340504142,0.018031039248437353
1985-10-31,0.0006499646209088998,0.0056182813306777935,0.003358178110463741,0.006214841796178187,0.002640406665592707,0.0035936720207154116,0.0073636896272221706,0.001980662587510079,0.012865929265309288,0.012348725324185857,0.011207505336723949,0.0074540796473072865,0.0069435500879220504,0.01623770470612484
1985-11-30,0.000425808255602688,0.0056776678344422175,0.003648261648950102,0.00572271068820503,0.0026929161753749893,0.0032568542707401772,0.0064104842888911525,0.0017255824535846295,0.012837557354869824,0.012619525674585401,0.010971317055270727,0.00744787776750275,0.007017497366139062,0.015917228688866983
1985-12-31,0.00044871819042314933,0.003355173236883621,0.0033161379243441605,0.005181060353715795,0.0035897437948393947,0.00237306034375714,0.0029645170099197975,0.001738435581214313,0.012840860820547497,0.012636261120951672,0.010797216549224617,0.007378650221124295,0.006659492034614048,0.014828314980335563
1986-01-31,0.0004524888885843649,0.0035356237598271807,0.002536607174515574,0.005225841680292106,0.0035947785678237913,0.002577363957416041,0.003017631290386839,0.0017432482788612741,0.012711929188201255,0.012455766668382367,0.010798739167627748,0.00738051748970757,0.0065293075778693616,0.014824140689033668
1986-02-28,0.0007618602633066542,0.005130056892377355,0.005614995812371701,0.0077294751011634045,0.002817446958700553,0.0036386545904062203,0.005512454627446525,0.0017115595294868635,0.010185284490769539,0.010929212929162152,0.0065128253512714285,0.008089740600596702,0.004985564240153501,0.010043874194422426
1986-03-31,0.0007836135824547956,0.003651686747880245,0.005992042878786973,0.007991276753680781,0.0026439950116142652,0.0029824342267720174,0.0050168778966794845,0.0017051252919712684,0.011207192028642062,0.010910698313885813,0.006716396336558109,0.007988799346499674,0.005235380097614287,0.010291155713329081
1986-04-30,0.0011040540666748275,0.0014003065957877224,0.007725413358347348,0.008393666656434142,0.004563701381402138,0.0022944089311635794,0.003154646190428637,0.001221702040324496,0.009427250946345835,0.011361049503783832,0.0067981574801669695,0.007731063949721568,0.004329048158817299,0.008356132116717012
1986-05-31,0.00166037633567189,0.00010553172835932674,0.006549142139836625,0.008971264334767599,0.0066709283038649675,0.0016927030944180398,0.00042344942064236404,0.0016908834806197072,0.008888237341030102,0.011548759945369535,0.006942711009029991,0.007603305265075556,0.003274296635443674,0.00939637220374603
1986-06-30,0.0015346399663606555,0.0003218390461093059,0.006847863428661115,0.00871126868404667,0.007209406549630907,0.0019216229109761597,-0.0001137079629004781,0.001865483954842422,0.008905768132177135,0.011701605546291781,0.006708863173034361,0.008327114438200231,0.0028800999433966717,0.009548286246952366
1986-07-31,0.0014392380262151982,0.0004544243087091929,0.008160553442715398,0.0096274195537013,0.0083207110053153,0.002142380059176143,4.870987105575487e-05,0.0018656919342946421,0.0088598023206609,0.013204714150292864,0.007893258611232952,0.008466927427051567,0.0029642314263956734,0.00961016091032685
1986-08-31,0.0015280776419323327,0.0012236872805137155,0.010876907771984983,0.011417845045234269,0.007835322130316817,0.0031517321564351005,0.002580584820752209,0.0018937129119915447,0.009672120307776052,0.008747183385828809,0.005027148276953832,0.00890773777628112,0.0047196434279146845,0.012118509659655025
1986-09-30,0.0017472734326796,0.0014341849665361669,0.007662765689171877,0.009396698234250291,0.006843728440895217,0.0019364068930573335,0.003931975279397093,0.0017302109079377142,0.010034263015748125,0.014450903978049146,0.009607136428618539,0.010526759477073962,0.005700569196157624,0.014273304283411867
1986-10-31,0.0011124017420037701,0.0011918764049092892,0.004156087438624864,0.006487109428226753,0.004278695532720865,0.0014277809371801315,0.004525287746659231,0.0025593615830013464,0.009623631624978066,0.018754953082986983,0.01260706814046323,0.011861185628117468,0.005551548599141368,0.014927906137623419
1986-11-30,0.0013262431160934783,0.0008540454048531956,0.003354117097633655,0.006662688257471413,0.005570009315993697,0.00075081973430873,0.0036733514634086375,0.002665597283853679,0.009725491796425649,0.018408430912524875,0.012643072841684104,0.012440687489832685,0.006199077662203223,0.0151189461960379
1986-12-31,0.001478961186222292,0.0021220264220357843,0.0033308993347381326,0.006905446422965973,0.006216878632851812,0.0007135527673000084,0.0050894823402060215,0.002726108584585355,0.009241916480181913,0.018411974438991216,0.012644777997285056,0.01277569435082773,0.006205005520017452,0.01434073395348602
1987-01-31,0.0014432920533876167,0.002883469620132565,0.003415125701218795,0.00678750096952085,0.006084664753410737,0.0015045116477232828,0.005342763863747549,0.0027141661941404065,0.00908107147342754,0.018402212557260697,0.012662526570327294,0.012784866859212062,0.006672166979086431,0.014312676870561912
1987-02-28,0.0018223040278142974,0.003125229350582396,0.0033921687184090645,0.006613711996558066,0.008392955094725601,0.0004712489287122484,0.0037655927735470835,0.003130485908588969,0.008955767492999565,0.018383572502357025,0.012659931853524816,0.012522938438386448,0.0075276591041014375,0.01618801482172328
1987-03-31,0.0022734593106448655,0.003104525270551174,0.0027505723227661395,0.004950001760337671,0.008376449147973268,-0.0003373183213421993,0.0012042714415043336,0.00329876442286712,0.008992251735218684,0.018358681552836664,0.012889829876475753,0.0125265399667979,0.008342316201670438,0.01936503557785905
1987-04-30,0.0020984189426256966,0.004673373604682855,0.00194179941746659,0.003881166645242242,0.007270559749667191,-0.0005108926891001863,0.001268676203887326,0.003434519658131267,0.00936863018501648,0.0177372260323772,0.012795697966820747,0.012555790920665413,0.008258650667945396,0.01936845692418995
1987-05-31,0.0023179195683893836,0.005961463767625945,0.00314257789285967,0.002634309674942723,0.00579908849621667,-0.0016805814513176926,0.0024521025127300414,0.003764151868280231,0.009200645037947592,0.017962265977204486,0.012474315973078262,0.01223581102912418,0.008476766968689388,0.018519529638553304
1987-06-30,0.0026042762284540434,0.0061507229078437585,0.0018003605328595006,0.0012583957787802983,0.004192905835433973,-0.0018584879225411112,0.0025517892802347838,0.003580117317149713,0.00913877050156348,0.01768139579038379,0.012144203212440844,0.011443699593319128,0.008499050255077216,0.018475862640948644
1987-07-31,0.002329210496890745,0.006684940200240491,-0.0012386873441483108,-7.279502411501315e-05,0.00329506175951884,-0.0012608051648194836,0.0035622880461771075,0.003839466493147514,0.008823945815776882,0.01570815269528715,0.010231074529837045,0.010893819557728166,0.009200671445054678,0.018906001511738716
1987-08-31,0.0021607763601163375,0.006394748970132376,-8.868284699762071e-05,-0.001066028737731867,0.0035941287484798656,-0.0032227833363112544,0.0009994484820094254,0.0038726048918288555,0.008600739529893464,0.017002195350390336,0.00952971563181497,0.010781939982643348,0.00787231826171633,0.017570112985448777
1987-09-30,0.002069323375729738,0.003993440403906382,0.0015876642646788092,0.0009236482503564635,0.00569303187625641,-0.001961660669852649,-0.0018356522817656751,0.0038969985801087857,0.009037707848190609,0.014747248748744864,0.008336829874681699,0.00961350909883631,0.00813975159265607,0.01489096029603979
1987-10-31,0.0027780124423461548,0.003712853824346219,0.005484774237718123,0.0026173767566317735,0.006450420754221768,-0.002134616785717139,-0.003721462458702409,0.003219393537792248,0.00870680963997657,0.009937128547036265,0.00515333460790217,0.008051830227557889,0.008113010413061535,0.012808631061498002
1987-11-30,0.0028461651146999885,0.006194542069293839,0.0016326007638803087,0.00268772626090443,0.005321670358215525,0.0009039372995187615,0.0009385904877484679,0.003249023231011077,0.010473572149636892,0.016429828789652014,0.005267793023712275,0.007244873136519762,0.011700748044597717,0.020513432256544322
1987-12-31,0.0024886309023635297,0.006653666148997619,0.0018428122735621368,0.003001726340960369,0.0029011429086492394,0.0023885914195487697,0.0014588660359108562,0.0034260181645608886,0.010574047521599052,0.016431937978278972,0.005726500277556444,0.008226075576825522,0.012615384865410546,0.020716649349007882
1988-01-31,0.0029893952801805426,0.004553633563853553,0.003908969715074719,0.0030623165846882464,0.005838879328436968,-1.7270150164864415e-05,-0.0012998689948137193,0.0037818576301318838,0.013074641216971869,0.01793312780654326,0.005746375106872715,0.013482084130263262,0.013860496613052147,0.022304733485084917
1988-02-29,0.001451677675796352,0.005697213878733026,-0.001631576003457831,0.0018866588987317093,0.002146263926657167,0.0020731854183240433,0.004326530104284412,0.005452257522092192,0.013255281191124941,0.02307065428514221,0.006519555972261786,0.015268759482723448,0.014010162564819873,0.025080320078445382
1988-03-31,0.0011891398174400513,0.006111128638758044,-0.0023521584488299086,0.0024927545591858294,0.002929371644680748,0.002227521028983134,0.0064529761082684975,0.005294579409011035,0.01273667948589512,0.023154204177681024,0.00605999153045238,0.01570680293490647,0.013848955060459082,0.022575756488671855
1988-04-30,0.0012395463863107848,0.004837819423050552,-0.0028830182666017383,0.002205368583575219,0.002814784870179298,0.0020882325667695746,0.006020399541790538,0.005271997270987843,0.012493706622605802,0.02291186982567983,0.006315056349356302,0.015728081715605156,0.013857637914244764,0.02270636059869912
1988-05-31,0.0006622494883981709,0.0045731418136630165,-0.0036081250111648696,0.0025860564418552557,0.002859273387695841,0.002838375629371209,0.006447315129593827,0.004761666131525867,0.012362617068650812,0.02250401510751718,0.006225666082559525,0.01572069519086861,0.013407020039753746,0.022558852074651078
1988-06-30,0.0002647654044866784,0.005195744148727008,-0.004349413626483359,0.002767085720224116,0.002081368464706068,0.003223759751283108,0.008222516487480116,0.00483688336212821,0.012542326515436677,0.02259840527139413,0.006058718936829017,0.016063859853734614,0.013264198333465767,0.022471878881909966
1988-07-31,0.00037634823230667664,0.003837916579209514,-0.0043250649345886495,0.001740516299868284,0.002275216410677882,0.001888209038517534,0.006566618037862424,0.004785241911989396,0.013442160333864826,0.02259425150985099,0.00625320011250404,0.016111338628164888,0.01315608032215191,0.02254545465235405
1988-08-31,9.971552521535436e-06,0.003753640931680907,-0.006501738710544463,0.001813510455530882,0.00112196789283565,0.003325707940625186,0.008026856048528708,0.004937543700424321,0.013396668716094212,0.020906466197677494,0.006234422464078889,0.016656202430162966,0.012830497005612744,0.0223383946500381
1988-09-30,-0.0005137540225407408,0.005708477221293016,-0.006713828512027301,0.001140189148937345,-0.0008934291397286374,0.0033627779473852735,0.0097381703221865,0.005194012707673285,0.012796317075711015,0.020944409599023817,0.006062319276100899,0.016679089910905897,0.012841237123623476,0.022171988962164234
1988-10-31,-0.0010350034412425673,0.004454816135798334,-0.007784073736711475,0.001291781827595803,0.00014822330066611872,0.003538423505114905,0.009865106395237907,0.0050604760392342065,0.012886076052051465,0.020161495610617617,0.006062456671111258,0.016716109468826196,0.012776449722661148,0.022114989048145274
1988-11-30,-0.0015393185354941226,0.0031601428735063427,-0.0042551474758108715,0.0005538395845468828,-1.5339348180053392e-05,0.0013112284475429404,0.006783024948576362,0.004749653980506552,0.011181077777552615,0.017563408265811563,0.005282580460128179,0.016683222142576427,0.010111870701520014,0.01791465174620484
1988-12-31,-0.0013858315451238657,0.002670086989185664,-0.00434187777783097,-0.0002505553386019032,0.0008918964832350524,0.00013738722517213242,0.006076924151562072,0.004798446061015724,0.010918142605482354,0.017526045838970772,0.003927309235647097,0.016184506598224322,0.0088050075585083,0.017870096755939896
1989-01-31,-0.0016336869119787524,0.0040192085428116635,-0.006521142146215645,-0.0002758428890670369,-0.0012725485582746805,0.0011610941860538046,0.00763496374681322,0.004317102064368867,0.008637289223001726,0.014713150434491092,0.0038903854716624744,0.011594265909105207,0.006795344111715799,0.015271853767600981
1989-02-28,-0.0004973583181690178,0.0027411801661909514,-0.0024154789208080873,0.00023229976317480533,0.0007400276172779006,-0.0006086291460738227,0.0038216541537840366,0.0030684038236593663,0.008165188138006606,0.005786256416408617,0.0030599373097485744,0.008992640829132125,0.00568439382922712,0.009415416562256619
1989-03-31,-0.0006167345250853689,0.003664736475849028,-0.0018984129540483658,-0.00011374213424075291,-0.0012543516158734886,0.00033624004617887503,0.0046493652001811945,0.0029584505341969923,0.007629366768702253,0.005433057995594567,0.0031428241851800044,0.008110106053517063,0.004809067085238536,0.008734114248089177
1989-04-30,-0.0008334080577255959,0.004447535179640766,-0.0011238897644479963,0.0005950214760867125,-0.0014874566317060335,0.000531751626123256,0.005152584524635286,0.0030549778406887976,0.0077053148688453485,0.0068122171712469825,0.0030435079780553676,0.008126352998944745,0.004865049233295016,0.008446112027283225
1989-05-31,-0.0008701017314368269,0.00377531222425994,-0.000730894544909098,0.0007091002683495198,-0.0007025949646449268,0.00041360935722318257,0.004393143412938926,0.0030262252480304165,0.007646547964601323,0.007262863014138849,0.003178031853021939,0.008786011860858938,0.004910508611291016,0.009170585038563864
1989-06-30,-0.0005137736262853882,0.002432880781975774,0.0006447686390637583,0.0004445181397461748,6.838503934984502e-06,-0.00020543510166433788,0.002638743272212569,0.003035972911443494,0.007500330314185693,0.006667846224479383,0.0034892044868971572,0.0084245472097878,0.005307741860470889,0.008536643066222321
1989-07-31,-0.0007298789370971786,0.004546221712105315,0.0011054577990095148,0.0008167500895146199,-0.0022597769718196597,0.0013974046507370151,0.00392279261721036,0.0031671518895631926,0.0067454975651132605,0.006212444757391776,0.0030718205647459864,0.009913162596999661,0.006638001736931359,0.008693698264285333
1989-08-31,-0.0004083910493309568,0.00405506467420907,0.0030269307971419386,0.0018549667007915997,0.00019058331766631104,6.8233794726606e-05,0.002457274857094038,0.0030128490803449748,0.0065289344585274045,0.008101254178412275,0.0047119932808951225,0.010796120452196743,0.006675802091766406,0.008478076302215637
1989-09-30,0.00037343861665227354,0.002861801849902816,0.003578541531739402,0.002199566032122459,0.001995537578816099,-0.0007180770425055811,0.001356227245707538,0.0027276463806204655,0.006084082135829115,0.007212803999018007,0.004624851423717522,0.01034629970306546,0.00633525895836497,0.007147675561200346
1989-10-31,0.0006517721803447988,0.003079110579452944,0.004779537263440954,0.0027494516167645444,0.001377298294056595,-7.711790314215549e-05,0.00018600915036847215,0.0025504123662289054,0.005888060905984615,0.007762016683456073,0.004993493014560666,0.0102792380103908,0.006805323813315191,0.008202846306085122
1989-11-30,0.0010278543179088348,0.002044558094182645,0.005106067143963131,0.0032688242647496966,0.0018014820816309625,0.0007663863770440632,-0.0014083219462246316,0.002530194627818939,0.005532888897418058,0.007736299732296057,0.005226075249791411,0.010418690218092656,0.007613118195516981,0.006843356807545774
1989-12-31,0.0012801011649866017,0.0021870317089158708,0.005763197182524643,0.0036002066778285727,0.0022747263462920544,0.0005154999984118997,-0.0023225781564348877,0.0026584337879958625,0.005648219227720499,0.007793307573833229,0.005294187466612087,0.010339204708455292,0.007570297296038292,0.006900221437640498
1990-01-31,0.0009917934388930568,0.0031253305508752998,0.006161746488724519,0.0035155456621284984,0.0017298968278662427,0.0012905277472182377,-0.001193181305732187,0.002377240702549181,0.0055125021951759265,0.007623778715972961,0.0052810676536657365,0.009835248745290338,0.007168986127010124,0.006793504082360364
1990-02-28,0.0008919744800559098,0.003581256051412926,0.00597668151239254,0.0039870184431032496,0.0018437302692019787,0.002768370084215878,-0.0007157561389727531,0.0023546011464265254,0.005323304899019742,0.007818385855595513,0.004969838274597361,0.00981639298679842,0.0071883389766428,0.0070968376913207246
1990-03-31,0.0009972902555055094,0.0030343446349122825,0.0063253926545487615,0.0041064960373559094,0.0027264612003518505,0.002041435160055494,-0.000995701665357978,0.0024009013713528304,0.005547766922155872,0.00748906176720695,0.004809154619171343,0.00923580001226659,0.007790713776584907,0.00703065869176061
1990-04-30,0.0014942498653422072,0.0016291424413159518,0.00525818803110963,0.004394524182533436,0.00513934313527828,0.0013539936583111267,-0.002541120280415294,0.00202965531930671,0.005903355867402331,0.007342310409699326,0.004910889610526317,0.011113053495911272,0.008069286188234876,0.007951244671093295
1990-05-31,0.0016126768453737716,0.001056354318164821,0.005090370493469907,0.004918767764247884,0.005858029271172518,0.0015075678353738912,-0.0032144795609682585,0.002046719051925107,0.006321099555896067,0.007276015190519737,0.005269080915441495,0.011726987669223487,0.008017849697084073,0.008713694871129286
1990-06-30,0.0016981768475130634,0.00036042827778647843,0.005501830859074008,0.0058764102657319515,0.007291156117749384,0.0002907093690816519,-0.004930947854362658,0.002063946191896036,0.00733079933030422,0.007436004755840072,0.004343963403857894,0.01197941036550278,0.01017944665245986,0.010701261937842405
1990-07-31,0.0022371727616081858,-0.000992652292478296,0.006792040285540084,0.006850721101908978,0.010032094924927282,-0.0006090382893406732,-0.006836809883590415,0.0012097171956551493,0.005993656431604663,0.00732114366719535,0.004085324235892887,0.008305439099721807,0.009216127902231508,0.00937579248651832
1990-08-31,0.002264828173545497,-5.686610841421181e-05,0.006226571669549316,0.0074561087708034735,0.008928438850993078,0.0012263386057730604,-0.005539112798950192,0.001156556201917833,0.007529942094535957,0.006409887338005703,0.005429164789297408,0.008161312007235992,0.009904702708030875,0.01071846259279544
1990-09-30,0.0021705223549439343,0.0010039193842048477,0.007180240825992786,0.00765689582650845,0.007997474138292177,0.002278060072278708,-0.005209235501190225,0.0010706184699725636,0.008170480451299289,0.00541114721669716,0.005292734798322649,0.008708071122389213,0.010144822065292736,0.011091611390309954
1990-10-31,0.00259440752160736,0.0017181122140996965,0.007978120479116295,0.00877425364447941,0.008875831391760436,0.003468987786835496,-0.004118337483610313,0.0013743753584305345,0.008382173529210132,0.007050070013540047,0.006753447739745407,0.008237132692442993,0.011595450092085723,0.010942001758949365
1990-11-30,0.0035934494342000603,0.0014617352307624313,0.009728001866305675,0.009851426316123112,0.010139835356146217,0.00357439482370408,-0.003909444479040863,0.0038323701455111182,0.008546611625130223,0.00895566561771659,0.007631312181278925,0.009085592501592795,0.011682835635758912,0.010962195012625638
1990-12-31,0.002791420609144772,-6.942847265499601e-05,0.007340942664676318,0.007949585954885778,0.01079254873805552,0.0008296826304805266,-0.0023324918667598847,0.004680899291339279,0.009070767366839282,0.012132211210949451,0.010765913284799084,0.008825573079892901,0.015695812372270163,0.011697094110219847
1991-01-31,0.0026099715766635645,-0.0011858997724939746,0.0061711227471269855,0.007895803917238122,0.011662477779977011,-0.0004677686533380231,-0.0021719220598789704,0.004770214157813657,0.008870513260482424,0.012988409081301288,0.010790106577108998,0.008961977810603561,0.016220048929738124,0.011810966962618576
1991-02-28,0.003252807483567089,-0.002064225793642806,0.0051635213735319275,0.007673374051582425,0.013613026009733518,-0.004008150928163001,-0.002376793705610705,0.005022361245882523,0.008829043264814767,0.014138911982202115,0.010916215134709702,0.008972276765568615,0.018029227540222858,0.011677753850353917
1991-03-31,0.003009680316666907,-0.001983278425325982,0.003403296823628232,0.006948956512488708,0.012750770985398464,-0.004172336973251073,-0.002291021905914979,0.00512975062318245,0.008833951101373907,0.015833766812260328,0.011814710678747247,0.010562934533656742,0.0180742799541785,0.01169251854283851
1991-04-30,0.0031196967131960607,-0.001227668035391989,0.0050574733171542055,0.007226945566281745,0.011557500664602288,-0.004231132073062,-0.0017728792938494474,0.005136903900924775,0.008712894622846273,0.016505386220587316,0.011869314688824526,0.009748669091117023,0.01807968615144007,0.01119914157527115
1991-05-31,0.002763464588418756,-0.00045322503867025474,0.0034651608003436565,0.005850896399407351,0.009243207561394013,-0.0035470734574503796,0.0005467405605826312,0.005326013628746588,0.008645422585223397,0.017226439173444696,0.0123411852269489,0.011089343314330154,0.01840190607796852,0.010962589221740881
1991-06-30,0.0024760972588164223,8.695946135082165e-05,0.002673143066137216,0.004924237951855929,0.007830603981978585,-0.0030863089835995177,0.002487832296607212,0.0054306950673047635,0.007999576196332743,0.017097277625118482,0.012669419477330121,0.011078971576483826,0.017983698114411525,0.007653336694715107
1991-07-31,0.0021948369158626244,0.0010138275937319273,0.0016022758876982947,0.004924602407353192,0.006747001107505264,-0.0017337388936153302,0.004629614184049612,0.005498039022513159,0.008323100288301622,0.016771451309250875,0.012669615975982478,0.011200498150615674,0.019135335840994448,0.007139246657580745
1991-08-31,0.002404128510025769,-0.0009514894477860394,0.002392310964718834,0.0036406882350650664,0.0069856932767110224,-0.004181191919917754,0.0025235489773799266,0.005468409439522619,0.00738321275537011,0.01757450248940698,0.011694663552135989,0.011163466185543824,0.018728962398240664,0.008621944642192961
1991-09-30,0.0020499271268562542,-0.0023738560248443338,0.0025229843864416636,0.0030989477098862135,0.00766118898345551,-0.006027603296749188,0.0012143762471554913,0.005592093213265891,0.0064133032155659605,0.017615641981610853,0.01175505461533645,0.01083286150398788,0.01827316668002278,0.008916943305418515
1991-10-31,0.0017352809762711068,-0.0032685992024259064,0.0016890373299464905,0.0013334545638900408,0.00630384145774866,-0.007252489890473643,0.0009735837956765413,0.005471194865530544,0.005539935135624534,0.016715258712755136,0.010111809249337961,0.011570978361872245,0.016631055463022827,0.008976899899756053
1991-11-30,0.0009193666165234754,-0.0031362114163994976,0.00023298215631398496,-0.0003223509062309795,0.0041340291730767205,-0.008717108082920567,0.00026048535718466533,0.0037922153040355283,0.005515684864535836,0.014944842523117452,0.007972581796258633,0.010680936362759241,0.015414872760494561,0.00953869151557584
1991-12-31,0.0012894392992911048,-0.002950247538407931,0.003116390832744938,0.0019978357590083626,0.004079834957749016,-0.004488772078499205,-0.0010759233655581845,0.003262054405285294,0.005248206082356607,0.014294187713362745,0.00683600972609806,0.010643896726656108,0.01522209371394032,0.0089764950754098
1992-01-31,0.0015926217369574677,-0.003389370837175622,0.006204367489144065,0.0036631852260554285,0.005535613256652815,-0.005512517395373351,-0.004105762726612828,0.003247608468200241,0.0057129098681126785,0.015466354934031604,0.009177070898802462,0.013493173043489206,0.016261867568316525,0.01190092227691096
1992-02-29,0.0019108050936207735,-0.0015103214123899737,0.004444179794404014,0.002586134038944317,0.002387991679462447,-0.004097075059368419,-0.00397526495321618,0.00407320714113458,0.00788703277243229,0.01887295631968694,0.010239388914639758,0.013096218064493752,0.014430129305743703,0.012000035536684007
1992-03-31,0.0021187376154550314,-4.579084159111723e-05,0.005073487122630928,0.002715593454411964,0.002658999874227607,-0.003984931725310721,-0.002429341543470558,0.004008655315381045,0.009456384076995767,0.018112355834416113,0.01007488196685894,0.01288211901737397,0.014388509513980413,0.013644432739969112
1992-04-30,0.0013631525003862891,0.001107163371273336,0.003356328971937085,0.0018599710533537905,0.001054482156418753,-0.0022229092633644838,0.0009182319345554206,0.004446143255107261,0.010469710126422027,0.017517667125639905,0.009748423414516722,0.012900681957207083,0.015370056274969252,0.016531354301218097
1992-05-31,0.00139609540329509,0.0030597971153576487,0.0032887957144247383,0.002003807686144151,0.0006359387716544266,-0.001163870769313356,0.004043658985513634,0.004422449579826998,0.012802886764868484,0.01758491761950331,0.009641742895330907,0.013331464384069314,0.0165387405248011,0.021631135849884367
1992-06-30,0.0013286552565012558,0.0036041319450410823,0.002783768398509964,0.002226231343652642,-6.659700037720043e-05,0.0004255105038306886,0.004779703626394606,0.004466603292987959,0.012515376228447906,0.017746586682991644,0.009514742564640551,0.013580025964604335,0.015920918745399748,0.021579931066009084
1992-07-31,0.001081191945338184,0.0031539382301903514,0.0027792569462358504,0.0014766018814370526,-0.0011280534582481158,-0.0002899948596213193,0.005304806708648258,0.004658379433502989,0.012411238517313348,0.017747244746388502,0.009089324637708982,0.014092988173845128,0.015124919681039215,0.02191943628194632
1992-08-31,0.0010483643211648072,0.003915636560415991,0.0011359841764964852,0.0018420062927783437,-0.0012702176402584022,0.0007783154655131304,0.006644020033328839,0.004646202340460611,0.011913686567225124,0.01660745657445317,0.009331347095897597,0.014015142202889998,0.014447475984527508,0.021098609084296283
1992-09-30,0.0009337913008504343,0.004439177299857616,0.00046528766525162673,0.002792603860566907,-0.0010381653068926985,0.0026562223122931863,0.007369847623699809,0.004735381860190608,0.011577138661348657,0.016452773348298182,0.009584359008147384,0.014176570706808535,0.014096341585434997,0.02070273825175083
1992-10-31,0.0008655146595544721,0.004554691357771363,0.00013219910547254327,0.0035497612632898416,0.0002773382323788339,0.001617433444920727,0.007269276003612177,0.004725245372846144,0.01150457220035053,0.0161902101212554,0.009782538199690695,0.014330411479092179,0.01416946482478093,0.020757335412835275
1992-11-30,0.0006722322089177882,0.00415413122181807,-0.0002583728915974049,0.003966132463601199,0.0018679796228153658,0.0002649390471707253,0.006793522237487097,0.004578381452258353,0.01188178670750382,0.015989266748024398,0.009783448522901863,0.014906675430820296,0.015524218966736612,0.021257213949796495
1992-12-31,0.000651241936314164,0.0038256522627889244,-0.0013873624403836057,0.0026838821219230444,0.0020602421307629355,-0.003215648583133055,0.005669724187418083,0.004588845931413671,0.012325410163862294,0.015199477072594957,0.009723856131561725,0.015041858823398008,0.01583450543085804,0.022261818451499906
1993-01-31,0.000565508803580977,0.005089717722729776,-0.0029584384945703234,0.0007265053010408264,-0.001719060814531494,-0.001083992208718122,0.008966991282752827,0.0045479994032008135,0.011395948845611958,0.012595832160984621,0.007291719826034213,0.0111550926231609,0.014150107947572451,0.019219814533351313
1993-02-28,0.00011600923788959167,0.004784867017275083,0.0008305794451534614,0.0012865211411674565,-0.0019397213249533966,-8.353016102566404e-05,0.009666271977000497,0.0033962885337157794,0.011122129931993694,0.007764337043301219,0.006421994275676467,0.011429690185744187,0.013524629024406504,0.019217495063842755
1993-03-31,-0.0003761622359605618,0.005586053700849536,0.0018047755284484365,0.001496550549797613,-0.003840728205356185,0.002613568972884844,0.012184076763411752,0.0035068176062113482,0.012326011769543628,0.006670884781861176,0.00610989794111794,0.01370263503859138,0.014900751699296381,0.022233464108217124
1993-04-30,0.00013243647472535735,0.004531956734301221,0.0030885472053415707,0.0018100005465609276,-0.003449050241056566,0.0011050886725760742,0.009527225361063218,0.0031985387277563906,0.011938195971971837,0.007616503876032624,0.00615717792944918,0.013642879617250294,0.014434486511157713,0.021644177799117637
1993-05-31,0.0007446546226637148,0.0035482369159940547,0.0036894022525052472,0.0017513964330825738,-0.003966550415223624,-5.285217939662206e-05,0.0064300862317653055,0.003571167664349465,0.01033862352012942,0.006412159012739751,0.006218433956833803,0.014188050452243252,0.01321692530603452,0.017652615672041745
1993-06-30,0.0014150171397985763,0.0027994471168113224,0.0044737284829720735,0.0017208331805301164,-0.0019992068518397137,-0.0021490634632511476,0.003114462687531152,0.0038152562965353244,0.010892490191684786,0.005772675476389982,0.006237082085250347,0.015138317137682107,0.01454983396631577,0.020884344663655054
1993-07-31,0.0020573639657790617,0.0028389322948700374,0.0060934919655057955,0.0017482403368725894,-0.0019322260053318233,-0.0031757240850815507,0.0022530650867698732,0.0035482045993149706,0.010895409542862056,0.007095446830380521,0.0062400658247742475,0.015086446538922368,0.013911773931295269,0.020280264126119642
1993-08-31,0.0017944343953549605,0.00362186286814519,0.0070134063911646,0.0006063554985842061,-0.0036684573651678616,-0.002548294416860287,0.0028341634001863452,0.0036323898217941117,0.011073434591827257,0.0073709204713280595,0.005950861406231874,0.015411230351780122,0.014140432048414144,0.020369716069836046
1993-09-30,0.0023709423772516228,0.0032687222524343043,0.007822650603285861,-6.899996091011037e-05,-0.004358320423767695,-0.003974428320147762,0.0014828769090843273,0.003331304756297535,0.011251744790078223,0.007091165645693914,0.0051536893669338665,0.014960198498376421,0.013551298379819431,0.02103574651264709
1993-10-31,0.002323516576635665,0.0024531183227204344,0.008470164871906946,-4.595392004343631e-05,-0.004441085769069811,-0.003997756942387917,0.0006554541939498769,0.0033544896007021963,0.011957910307674083,0.007650130327135446,0.005203370427118297,0.014881874320957448,0.013553479947010196,0.021445133620036194
1993-11-30,0.002139934393455208,0.004040312285289331,0.006952854743886318,-0.0007352045776748239,-0.005093790316818984,-0.002602734315191374,0.0010878775683455094,0.0033832595429234714,0.01168451412981391,0.009850791638229005,0.004823806923152335,0.014079263975191094,0.012485611275625978,0.021127485409973584
1993-12-31,0.0022383519451155266,0.00585764266724282,0.004706093533892146,-0.0011067022797231587,-0.005084529642887592,-0.0008082574176502417,0.0035412199557986676,0.0032815288378755655,0.01042746457082846,0.01341326856185016,0.005247224876637919,0.014092112065880198,0.010590844459663776,0.02036160604781423
1994-01-31,0.0023709289530230698,0.005294401256034048,0.004733232863961591,-0.000531815816759307,-0.0035802881324168228,-0.001095110293211037,0.0025450929965641048,0.003306992312419394,0.010712753433088975,0.013424203739402665,0.005696498931690686,0.014460054657902916,0.010620019182264266,0.020332685875538197
1994-02-28,0.0025645758049120063,0.0051577942129035804,0.003951520119171615,-0.0005031436875627848,-0.002593694766184806,-0.0015302157733095326,0.001740469016185759,0.003651111165971252,0.0106242943265914,0.013377219041496727,0.005670603253170132,0.013927099331855401,0.010788920165854563,0.02005084294964381
1994-03-31,0.0030659483174778515,0.002863344845644048,0.004483440927469592,0.0010591463306038383,0.0017505098789004489,-0.0036919780622786604,-0.0024564523174717447,0.0030646090255529346,0.008426406112292437,0.013321180461654696,0.0065654853420328224,0.01337789327836053,0.007184456879767591,0.013512351940024892
1994-04-30,0.002874099695966165,0.0030525399083526,0.0027322983886253808,0.0011373986707658421,0.00216372145878913,-0.0026597856250425212,-0.000892029225977384,0.003266535811712594,0.00845094365787781,0.013197554175277503,0.006614106543351828,0.013287119672317391,0.008116621327632152,0.014771733718730388
1994-05-31,0.0024850686996292807,0.0023457285885766753,0.003456546995072215,0.0018100463112793424,0.0035715013402786923,-0.0025897928225957732,-0.0006041000588684406,0.0031357345708845326,0.0077064748833590695,0.012916626999370379,0.006395530237021598,0.011466618917760386,0.008209684430001819,0.01508906752064221
1994-06-30,0.0017456035092715781,0.0038354273175031984,0.002809186194275922,0.0017126614245041264,0.0016580172835706354,-0.0006907833368572702,0.0033371872081107007,0.003191179070454443,0.00712141688825897,0.01306789454136379,0.006466172191421506,0.011242717922213818,0.005585907193119634,0.01188299019213513
1994-07-31,0.0011371464623696577,0.004868972563164699,0.0007056432485502069,0.0018542394747210623,0.002259666839703082,0.0006275176528924204,0.004328149679751447,0.003374163654190642,0.007964967963361795,0.012074880087093018,0.006503981933899552,0.010603338581637879,0.007210236495682463,0.013000354120289987
1994-08-31,0.001404734387889589,0.004405092068736993,-0.0008185596903309599,0.001832544113857646,0.0031460625940316796,-9.362062982012978e-05,0.0040756737482752214,0.0033419263747270843,0.007785220858712719,0.011369953714712142,0.006526622033629133,0.009320392484531925,0.007100905694679293,0.012932775481747021
1994-09-30,0.0014650895007032952,0.004164548430657497,-0.0012154493403675165,0.001801902843367894,0.004680238226386087,-0.0010094013288865157,0.0039792614223739765,0.003396683625323257,0.00810131397945019,0.011036911623828582,0.006525479359167599,0.010380658785950321,0.008569547631303869,0.013093685483675604
1994-10-31,0.0018806158021974244,0.005164318183215625,-0.0023131743072384663,0.0013641061500789156,0.0046039166390152006,-0.000851111268667037,0.0036793712741980933,0.003576737098937274,0.006634520497938732,0.009517223640742829,0.006062273232306714,0.010356991846629228,0.008500601605921244,0.013563902296913798
1994-11-30,0.002379221650596682,0.004021754094438428,-0.0008750929837513204,0.0023075459206655315,0.0055399726406092295,-0.0008849769552612766,0.004025234132907213,0.003799150650389571,0.006736146010576323,0.009043292183339557,0.00636531229101321,0.011134621723849401,0.008515369842996931,0.013207494886361476
1994-12-31,0.0025771080477195937,0.0033684977355176783,0.0008185840642817474,0.0033199122200974983,0.005173566753604736,-0.0006360305952437771,0.0034154235657156084,0.0037031161677531167,0.006604938249630991,0.005356173688191088,0.005398225444662004,0.010941796222311536,0.00852007992683985,0.013018820660526443
1995-01-31,0.0028986290323066845,0.004173864573723158,0.0008501525604920992,0.003630817968030191,0.005241143772798639,-9.751551886385465e-05,0.0038672781733990157,0.003965768609867808,0.006381664281815167,0.005414963720537063,0.00570016328791134,0.010962609644150263,0.008515687319375834,0.012892413606671475
1995-02-28,0.0016453464570356003,0.004012597573505142,-0.0002323763063630164,0.0038041504698526018,0.004425334585773143,0.0014149092197331874,0.005664192458455716,0.004132842868343137,0.006223159184067825,0.006668588681403079,0.005437752391037465,0.012040043525234533,0.008647106913613194,0.014307028824773894
1995-03-31,0.0018587458754222529,0.004430149739044781,-0.0006022332312271684,0.0030813554061034465,0.002973715240081233,0.001210836373688319,0.006055679822933049,0.00423033532591088,0.005991341809481298,0.006402000650639018,0.004642271748668651,0.010395096218411531,0.008759235783344461,0.014154430598222831
1995-04-30,0.002258895956018409,0.004011266794730429,0.0001666069121529762,0.0032495605011010117,0.003942180443629355,-0.0002566745470711576,0.0034475308669185516,0.00413713981035416,0.0061149706948637125,0.0062414560726147695,0.004765727972774783,0.010804201274915257,0.008746706501083498,0.014600173628997687
1995-05-31,0.0027482083181182763,0.00402820329765267,0.0001794465089079882,0.003056237601218791,0.004027066240530852,-0.0008117317928582234,0.002950496471607574,0.004358841864624003,0.006122037397603655,0.006247515276210172,0.0047983994368169525,0.010745479149933127,0.008397157537471025,0.01422843783469045
1995-06-30,0.0029706997840424115,0.0038066258583698046,1.463767674519735e-05,0.0032058014075065987,0.004157872077018965,-0.0006043376777363829,0.0030167291236634797,0.0041263771132389595,0.005957435418173289,0.00637908683956639,0.004613508134782076,0.01059898949363552,0.008476801462254602,0.014291125846059505
1995-07-31,0.003792270924721323,0.0010125063986927375,0.0016632862821185585,0.0034048028774182324,0.005940613231932304,-0.0033768106347462482,-0.0017398695663480197,0.0037708399936590663,0.007324036086938216,0.007331218021168135,0.004711713143157056,0.01070402368311571,0.00831095252426316,0.01649570679709697
1995-08-31,0.004017836341990706,-0.0010056630726522659,0.0034917374531183397,0.004002101472107282,0.007624552469862239,-0.005119013130973726,-0.0047443543530248005,0.003767834658065077,0.009300351425113188,0.008387328650909714,0.00401931307750745,0.01037730005890286,0.010213304485772488,0.01818121912068889
1995-09-30,0.0036967290273671777,0.0001700721585659883,0.002605385560443221,0.003561072073633325,0.004797268222838232,-0.003196816093302857,-0.0026951851146455475,0.003876422891832602,0.009402606202286607,0.008742638310479075,0.004533606864659908,0.011455480521781818,0.009821144397166812,0.018126408241914943
1995-10-31,0.0033315066606128835,0.00040526613387404254,0.0030241750426618767,0.0036687563291451044,0.004139056327771452,-0.0026779415961965584,-0.0011581134866764852,0.0038922706122604986,0.0094537041430343,0.008969071823747416,0.004587485143311434,0.011535801910999151,0.00997340708689503,0.017564662913099834
1995-11-30,0.00343036312800149,0.001455080022810487,0.003997730557805247,0.003989765367915345,0.003676404429395477,-0.001880261616608937,0.00022970815071353653,0.003997297312572075,0.009759055084659516,0.009714991766567387,0.005122875734722004,0.010989635088723835,0.010197136062777222,0.017742556328805215
1995-12-31,0.0031309770954241855,0.0019525239522057841,0.003610991422942703,0.003787723573154256,0.0026446734902990355,-0.0021346121573050866,0.000355805855864525,0.004241510346507994,0.009885276744249811,0.010154879953097832,0.0051812093566228085,0.01107814405535179,0.010160000812580927,0.017775433300701166
1996-01-31,0.00209978235671983,0.002688381239527478,0.0028549274109285756,0.003075500307415644,0.0002904685522412129,-0.0007150169108279909,0.0009976963283899554,0.004564506683022771,0.010594584064874615,0.00995404789030243,0.004779346795247711,0.012573956552358186,0.01194548187678318,0.018018204736596696
1996-02-29,0.002726954879093246,0.002852156768796099,0.0037517488165995194,0.0034366429129853242,0.0007693206664082389,-0.0008383252544687585,-0.0002639736524710855,0.0038501461470649024,0.010712251326969813,0.008859684773746327,0.004432044032465356,0.012080598617117366,0.01182717803433807,0.01663402312084461
1996-03-31,0.0025699312679081598,0.0017376068189195024,0.0033320820907122464,0.003721214820958295,0.0013425136737375415,-0.0011492816960786648,-0.001983207373889872,0.003796695202325841,0.011304653050535015,0.00908311590462861,0.004591612172117899,0.012539055712253097,0.011974460090757352,0.017304653770491236
1996-04-30,0.001840181263391202,0.002040943144613377,0.002591312745263787,0.0028132168601361783,-2.3104686373698828e-05,-6.836873784038348e-05,-0.0002744131867701204,0.004383897830464856,0.011304667845278721,0.00945120688519657,0.004879366938936163,0.011990043577515175,0.011859164800426385,0.017113126896354774
1996-05-31,0.002153646063092396,-0.00033265381648310294,0.0016321860811043057,0.0031253439324074837,0.0021099731926414,-0.002338494755752451,-0.004566399865497029,0.0049057060865450594,0.013134301850432835,0.00998052843825789,0.004890215012237935,0.013696152874719002,0.01402764217722485,0.02041501509800274
1996-06-30,0.0022254225106457088,-0.0014302498918806117,0.002712440767420727,0.0034261176333022594,0.002731140526912368,-0.003016060753145247,-0.0074925760410929675,0.004879654099929561,0.013043127728070076,0.009837496491532807,0.004700307002710856,0.01345797468342445,0.013915579617701635,0.01974326722256487
1996-07-31,0.0011646331875949927,0.002439957477727162,0.0018679157210953234,0.003040421037596386,0.0003116171642657003,0.0009341012188869329,-0.000948226809683987,0.0051821854298705035,0.014682831753133766,0.009158238125685805,0.004604343646207475,0.01340246760938606,0.015821690292557117,0.022780507258443494
1996-08-31,0.00027624603805686144,0.006198155230695445,0.0006414884026595732,0.003636584269873623,-0.0012977224085838348,0.005281559526818625,0.005527283325481681,0.005336667823078342,0.014304645832060951,0.007715790934165612,0.004995494166932162,0.012613099839540821,0.015520580854317224,0.02467925355856843
1996-09-30,0.00031105786721293455,0.004399638701695211,0.001524540581899464,0.0037329429659737363,3.864115556620654e-05,0.0038569071288098787,0.003578051913480792,0.005341369856672978,0.015452922248932929,0.007564287179311742,0.004855871236047291,0.01190907618400479,0.016265274968916908,0.025369075827592884
1996-10-31,0.00043096001758946627,0.0029465049868889243,0.001458826851049736,0.0036608159296549303,0.0017316556355782917,0.002226396500905591,0.0015995169970479748,0.005378382988638146,0.016332230729641902,0.007489706347765737,0.004819714848636672,0.013162282814370095,0.01732299228988592,0.026463638676761436
1996-11-30,-0.00026260837298811555,0.004643018994048174,0.0016955372635697418,0.0034395242674256,-0.0006269869674420877,0.0038330688541410377,0.00430440533308694,0.004850193216943308,0.01807241105883797,0.008014569904629303,0.0043843067152494345,0.013430220567347455,0.018469863356849754,0.028936579786326817
1996-12-31,0.00012166739417140506,0.00426287944955937,0.0017969174914973102,0.003607111147578559,0.0004876250997475513,0.00355652898125699,0.005415572961376208,0.00491716897315489,0.01806691982636809,0.007875189463627029,0.0043337744413430735,0.01368669338911291,0.018592373217183187,0.02923252374621536
1997-01-31,0.0004893358906205126,0.0036581268022860807,0.0017983828730708323,0.0035982610300537353,0.0018008493436052289,0.0027297641492338375,0.005427289283419846,0.004671589230785966,0.017765169943979645,0.007875058716783708,0.004338053287392886,0.012272774264287092,0.018014258340485267,0.02923487671424087
1997-02-28,0.0011197408784619119,0.002244201142603997,0.002397519861482516,0.0037218151056996733,0.002711108066769255,0.0014322731030658037,0.004094024864700699,0.005326607971703556,0.01782285964346702,0.007846689778998356,0.004289438603004076,0.011858494746808525,0.01808709749566384,0.029360919264705
1997-03-31,-2.3748548185737628e-05,0.005488822509494006,0.001386121829975771,0.0029995105491593794,-6.487002145896467e-05,0.004712683515134917,0.009971359408706736,0.00629473399528595,0.01894818378846729,0.00930260294427462,0.004305763605506018,0.012947136306100879,0.019712356652795096,0.031616265347402576
1997-04-30,0.00027536317834178523,0.007087085160375044,0.002302285688825369,0.004298564589297715,0.0004669631349020702,0.005687222080534814,0.011867595875509488,0.0061094553470153815,0.019582730219168613,0.009079543050725327,0.004495393791606353,0.012946047764357291,0.019999278450460112,0.03212344707425298
1997-05-31,-0.0007098778710501852,0.009651780983887519,0.0051908626385985335,0.005264097224573095,-0.000487234546560609,0.007853007982312367,0.016345635739028887,0.0050984815258562,0.017306983571992226,0.010682616847254234,0.005733092231235732,0.011448897989602493,0.017486572069211292,0.027423783068944683
1997-06-30,-0.00028889688977081586,0.00815733411455892,0.0029128341351506333,0.004431744642554258,0.0008854203339854939,0.006520711282657177,0.015304764780838873,0.005448366799596491,0.01946536082548002,0.0128513428449606,0.006823194853284148,0.012620061809049845,0.019061749289175502,0.029088738887747025
1997-07-31,0.0001564744430552325,0.0058446624270592175,0.0034443590601340814,0.004672829237517589,0.0019908817109245977,0.004787709037328503,0.012133771110074085,0.005150730059947874,0.018367307154410303,0.013041076850887165,0.006779668522206278,0.011879876214090932,0.017705877719364396,0.027706646884919296
1997-08-31,0.0009436802315832916,0.0033546035387103136,0.004888211763292526,0.005006768118245841,0.0031058968005020665,0.0011519613537758027,0.007365450528173576,0.004933560831456764,0.01745875449324853,0.013916254396621043,0.007144187231829185,0.011863599138289412,0.016924003293768305,0.02592967213462537
1997-09-30,0.0014716684705465479,0.004098479826641097,0.0037250195551157984,0.0050937568042728285,0.0029279767214962327,0.0018235417002455347,0.008048007380033096,0.005285696524154334,0.016821328056824243,0.014462309220466003,0.007053177536702447,0.011906336421684125,0.016527492215411905,0.02538195003911175
1997-10-31,0.0012199632179814256,0.004730281662542497,0.0038025290757894487,0.004539134386954723,0.00021079676386035772,0.0032136611190812024,0.00913170235675699,0.005298613052060794,0.01621697480923711,0.014495185194529924,0.007277537191747195,0.011481322801373534,0.015494538713798803,0.024213319378506033
1997-11-30,0.0013026486086108414,0.002927802290813148,0.002499666481408497,0.0037850277211553944,0.0008494095024172898,0.002772061510866314,0.00746316834649851,0.005276911189629422,0.014213220447619397,0.01371052665072734,0.007066953837520207,0.010749097686331217,0.014900580790007334,0.022329295598225822
1997-12-31,0.0005524841530997191,0.00464120187914692,0.0031828171485293387,0.0037508596930937534,0.0003809138395536363,0.004390051132168498,0.008757964663309121,0.005638740901911863,0.015339946078429255,0.013358091851887051,0.007070375897309057,0.010457401263697926,0.01497585931600504,0.02345752396452826
1998-01-31,-3.8090407749427135e-05,0.004762119998137846,0.004811156599696702,0.0037517377946977293,-0.0010234808529546449,0.005239176408903053,0.009961451040704896,0.006102370785990983,0.01537902543961634,0.014250553981967841,0.007070088924421106,0.012074586535238624,0.015593700567411392,0.02394140265973641
1998-02-28,-0.0005475803590395107,0.0059292536544666265,0.0036386101130998667,0.004061220186213534,-0.0006049891543666396,0.005838971702160706,0.01047551316982553,0.0054698935178989685,0.014998380768246227,0.014771395102982041,0.0071079936852428485,0.012299686121917393,0.015229718634366268,0.02363702260530257
1998-03-31,0.0003568651687248959,0.002548944353604037,0.004614796933010511,0.004181431027537486,0.0017993570726323408,0.0020539927242627172,0.004751453721911304,0.0044113559853201905,0.013805575274469824,0.013743562556506637,0.0070251847073917835,0.01095463545256959,0.013902500756445346,0.020507040883646934
1998-04-30,0.00039225831065952126,0.0009170780986410739,0.004932410018308245,0.0030547769827635567,0.0007155477229300131,0.0011818774810601724,0.0024555681640175027,0.004395895141787832,0.012252774391449407,0.013804487634724192,0.006729561091348627,0.011418887823391555,0.01323244921478625,0.018888148081288313
1998-05-31,0.0008379146814912174,0.00031039001321660095,0.002519355508321391,0.002195089723789635,0.0001236878949397896,0.0005862104106414684,0.0008193752851945215,0.004526804140963207,0.012007196476003092,0.012205272403935178,0.005364617150307917,0.010966801867414075,0.01345772105068095,0.018805088182717106
1998-06-30,-0.00014109850991949965,0.0037995936805698695,0.005004179610321625,0.0033949485756173295,-0.0015437018848412315,0.00398725107202432,0.005494321800365468,0.0045686963798363955,0.01010560493677605,0.010079493178220088,0.004493857865153839,0.009442220146231358,0.012752043731444873,0.01681226345670312
1998-07-31,0.00026858445432530745,0.003422337333228838,0.007671073305831093,0.003907107460574981,-0.001310903829846533,0.002406833393497031,0.002818175657062303,0.004737161258837952,0.010287897491629179,0.014816451426087328,0.004999425658494684,0.009532597795537869,0.013312800820306489,0.019115758809723535
1998-08-31,-0.00016653579513999515,0.0051891547257624515,0.007447139134654837,0.003579687371760378,-0.0020888478893337195,0.004342513255768549,0.003550413797251476,0.004601293023619147,0.010646192115881218,0.014627017729032908,0.0043825393432731525,0.008971990587889363,0.012118455133771272,0.018757630074286647
1998-09-30,-0.0009764837199507382,0.009208853837222664,0.008835689671975979,0.006212420275757694,-0.0011745165527642066,0.008544203446565346,0.008899806582733883,0.003936636576966182,0.014679125967506099,0.013708748570707875,0.008644168439675543,0.009662508546724914,0.016926072066366534,0.0239015913287398
1998-10-31,-4.7364638453132494e-05,0.009240705318122558,0.007144739055734897,0.006193866274505934,-0.00029957698703990485,0.0070411245380756675,0.007716050205578191,0.005195941412936396,0.014642833188591215,0.01478069206099987,0.008661672018017633,0.008936840678931366,0.01848717580265794,0.02520751063247336
1998-11-30,-0.0006410582586611949,0.008637282059364574,0.004955610486188255,0.005476165655927539,0.001824563144854621,0.004027277725881554,0.006305204356728982,0.005526082394613449,0.014823376325514503,0.01718141729743589,0.009412622788688969,0.010073297782432242,0.0192770877472952,0.02478278463987592
1998-12-31,0.00047876354896638266,0.006283967965881422,0.004960023390021923,0.005096837171091841,0.0025804707633599946,0.0011117640841135368,0.0015441049515705566,0.005703092287267728,0.014580362277472038,0.01718018675757626,0.009614815744782464,0.010567791587957997,0.020264283912662828,0.024429423220898458
1999-01-31,0.0018758045474879734,0.003868881896702209,0.007846575154689714,0.006620205092363193,0.006341004389949695,-0.002387054884238034,-0.005745148271494819,0.005620750303620436,0.01622086105976901,0.02223262312050143,0.010430625093956349,0.00953214847982932,0.020311538529847867,0.02926333530681107
1999-02-28,0.003263972523284066,0.0020089156946501473,0.009888457063681728,0.005767874563614072,0.005584613361504158,-0.006498776465538752,-0.010708454929089515,0.007670210631759064,0.016989581366303266,0.021691498972977057,0.01084568413157769,0.009771142154429386,0.024268357224050657,0.03294705312558211
1999-03-31,0.0027559068800509933,0.004362393311008797,0.009336412190638256,0.0062077740762710686,0.004447104960193462,-0.0038794052644531545,-0.007022227833095203,0.008094052164172222,0.01692158756326867,0.022150342098618218,0.01071354938030726,0.010118054984951911,0.025058970260366922,0.034766137867720606
1999-04-30,0.003410554023501169,0.0033095499349684496,0.009098890949480755,0.005146040215218181,0.0044221741808041755,-0.007598225142238922,-0.009638598334887815,0.008064726382723791,0.017380082141091213,0.022168367422270022,0.012088589405061696,0.010156212094095708,0.026725088762475504,0.0351586266052804
1999-05-31,0.0026473623208100633,0.0034443036434201675,0.006594094454431494,0.0028690320426866117,0.0019254044137692154,-0.007139469523514799,-0.0058723149374450565,0.008380417377018648,0.017370826937366298,0.025140320653963447,0.014240021272444338,0.013281993342662933,0.026777566205393552,0.037756360405443314
1999-06-30,0.003319520037589355,0.0030615958060008167,0.003552171165317699,0.002619732754649787,0.0030116075117484742,-0.0077488448419675395,-0.005592768981387708,0.007962749458848345,0.01708199442006527,0.026849900131258438,0.014192676479545667,0.013449318006247492,0.026175263554547582,0.038011199147160335
1999-07-31,0.0035874542985245444,0.0030080771576883134,0.0017836808983814451,0.0022894345858523873,0.0045670819931345275,-0.008830270436136869,-0.0065102743544439776,0.008051448461883036,0.01710428166140783,0.02465269013300166,0.014024558389047159,0.014527638438079294,0.026565516135108998,0.03867756767997286
1999-08-31,0.004449111024946537,0.0027506242675504693,0.0008308895763022847,0.002173196839614033,0.004597370180933115,-0.008577836344203121,-0.005739227449232408,0.008043090650770215,0.01689897253686329,0.024201332731202622,0.013961561193497342,0.014517044495525601,0.026751615764207697,0.03889095007438841
1999-09-30,0.006231542123266935,-0.0005735988920720728,0.0015768989630093391,-0.0003496759108895836,0.0037888889321776088,-0.01387768298024021,-0.0120663383699117,0.008768150527568408,0.011248444324544369,0.024573624595139596,0.01077808399961822,0.01444026313669306,0.020282315411733507,0.03354264646879917
1999-10-31,0.0059870392844890265,-0.0007128797388819371,0.00439824113886068,0.000366386350209437,0.004291606626690891,-0.013791135995385563,-0.01294152333369021,0.008671496621326928,0.011330405048877262,0.02500906057641034,0.010986046039377178,0.01430358994008575,0.020264945744876334,0.034005488307371545
1999-11-30,0.00740755250467699,-0.001535512177800324,0.00803184722443756,0.0012660679889786699,0.0022545855054882697,-0.014737532674928415,-0.01715687684048094,0.007763823325891546,0.01152935576325712,0.023780085388790423,0.010755168007820936,0.013881986214693977,0.020693433160321097,0.03464848607742309
1999-12-31,0.009127492125252611,-0.0033810964231309735,0.011069496104081665,0.0016606094646854825,0.0016105069570366449,-0.01821682821912682,-0.023754008364028845,0.009794871510689033,0.013741480781774408,0.025038295787381253,0.010725751821058407,0.013516300693861812,0.024929495554113883,0.0425020669061
2000-01-31,0.011021041989411692,-0.004049496598408677,0.012512501367265469,-0.0008838281938689684,-0.001115352117518562,-0.024284482669656774,-0.02886793447111052,0.011810460687039153,0.014729969836802486,0.02812982159204953,0.009558805252238723,0.011653367699433056,0.033343587158822977,0.050484910881865006
2000-02-29,0.010873740276167582,-0.0030166005440003265,0.011841675226750947,-0.0018332728395416334,-0.003758149769881079,-0.020904108485318342,-0.02725335557865383,0.01170026436502383,0.01435954501220095,0.028140705372973647,0.010390235654785479,0.014869014487249496,0.032684623783060786,0.04973195428150469
2000-03-31,0.01566190476856201,-0.008972317088804698,0.02206736649577755,-0.00227671074555827,-0.004420866953819554,-0.03517823413691556,-0.04876020878990437,0.015331236775390554,0.019328570697600543,0.03937534280879858,0.010152228509473452,0.01508508299481908,0.04818599463399003,0.07351511504910548
2000-04-30,0.012680502756952419,-0.005695929630799005,0.01720117217525501,0.0018091706777139981,0.0014648683394251811,-0.023047578292881846,-0.0336776093109886,0.020003558458718484,0.02235778916636591,0.044749307244515,0.014030513681239257,0.02392539791315235,0.06320524594358855,0.09375464442199324
2000-05-31,0.011826902769775808,-0.0020820484766544745,0.018020967309415273,0.0058721348559422374,0.008915675414280504,-0.01634497950589779,-0.025167800747938212,0.021004660785593716,0.02694215780352695,0.04382847489397605,0.013865539974789618,0.0283587940495591,0.06960286275744597,0.10482257092262379
2000-06-30,0.01007086503388182,0.0006661569153214234,0.01783290872848605,0.007093458619418879,0.009262271180195956,-0.011655491089752926,-0.018589384373976784,0.02268179486284223,0.0301029961159752,0.044041524244570404,0.014297802535934942,0.02841026117824061,0.0735360733477948,0.11074512167584277
2000-07-31,0.011848275682353993,-0.0034876515867791023,0.018870291135903768,0.0038606737675990154,0.005508572745348594,-0.017656769562592992,-0.028951530045783647,0.023288819762925423,0.03396790730932974,0.04427876507633656,0.018168810989647136,0.02952645256723847,0.07742637884920374,0.11819948569745982
2000-08-31,0.01013586247048707,-0.0025763696346051564,0.01868484382100944,0.005038173759607421,0.006089059821253156,-0.013932590786485703,-0.023240549200008096,0.02424382772921924,0.03461332814160419,0.04434128053101234,0.018937420349310473,0.029479056038837825,0.07995445358971803,0.12176687300628852
2000-09-30,0.010030066182190807,-0.004864067187108643,0.019056538152428217,0.004817221607701127,0.005753021064322398,-0.016191966387375592,-0.025453235283441084,0.024203560514527715,0.035109705147637976,0.04434306972527995,0.019015801242000953,0.029570124789835558,0.08042187135624904,0.12192004764163565
2000-10-31,0.008875999019965322,-0.0012041201069884842,0.019653188949471535,0.0061516189302098095,0.005936851180986829,-0.011454612825225497,-0.01771536645185283,0.02464558562963369,0.0370383172647064,0.0444551898180971,0.019746152069962487,0.02956153037310453,0.0820254328985454,0.12424387453798263
2000-11-30,0.007149891962930509,0.003267438075455851,0.017551474637249532,0.008137522722657057,0.010300970859951034,-0.005297986325096917,-0.00592697365934302,0.02524662681441423,0.03923874626573266,0.045006676179602786,0.02065013446991743,0.0314030239136143,0.08339564163488002,0.12805756909906865
2000-12-31,0.0029695103181484987,0.013043092940231133,0.015553043522664815,0.012972994067161922,0.013867421948140043,0.009494953453004253,0.016533489344732245,0.02561449953911185,0.04507806837673377,0.04459296025232977,0.025570029604474746,0.03315230567480005,0.08788927302551997,0.13318349750008718
2001-01-31,-4.746910603956948e-05,0.01682680365947249,0.011910497812734842,0.015225826159135087,0.01409170153673253,0.018848924359463216,0.029932424669948856,0.023966473741099486,0.04327884660760739,0.04115729000850507,0.02447021266164339,0.032998016498139,0.08153610687824388,0.12568933129299978
2001-02-28,-0.0007766090646538088,0.014019897858428386,0.0005845600407317977,0.010246626019343412,0.0164118780311992,0.015532879003998308,0.031646805467802776,0.02349174444353705,0.04564667482435118,0.057762085567355896,0.03500484259037582,0.030243211865710343,0.08352168939795994,0.12478889545659409
2001-03-31,-0.006313289075500307,0.025659345470970197,-0.002787834608477665,0.017627083656205824,0.0183890249666354,0.03805605004999869,0.06302474023571984,0.01701533638892522,0.04434460872532101,0.0514867781239047,0.041466057785235585,0.02892509284549402,0.06881368809208284,0.09750788060197055
2001-04-30,-0.0039428839690157395,0.026970117205076815,0.00536282875284044,0.01795343435068761,0.014408384633638145,0.033304711329392035,0.05779835729823918,0.015463260116249506,0.044715145801058634,0.05069897672953631,0.04162861142175793,0.025678918283701564,0.06551894447602953,0.09391068009261563
2001-05-31,-0.0016461355525756389,0.019088950579954245,0.003836959546639783,0.013215898075106133,0.01098242508370377,0.021803456007033307,0.04057993454253969,0.015730541109856208,0.04908866266286446,0.051894022838236506,0.04360659204464709,0.02069815924948792,0.06886910357636773,0.09637637527901077
2001-06-30,-0.00010470881192940452,0.017325379320826447,0.007157842543417983,0.012978407200843192,0.009089800232998388,0.018449618956171854,0.03362490067944399,0.014784184540267024,0.0484152642724775,0.05087887079149057,0.043583668935457946,0.021323111517509603,0.06731559338591386,0.0941695670475896
2001-07-31,-0.0024352065754145273,0.02277983688160493,0.00395977796253313,0.016290331948874203,0.011279461964358327,0.026918551542051344,0.047949499391765626,0.011690738249897692,0.043084977751251675,0.050251963865862365,0.04132845705430454,0.01894059378261044,0.057325658944304324,0.07234667791848144
2001-08-31,-0.0017028971510347534,0.02369501239203785,0.005800468208738728,0.01771951247062441,0.012483781803728972,0.025848196586658826,0.04679169040815991,0.011346076708862205,0.04324576995837943,0.050655389642015936,0.04186019464531922,0.019107573222626836,0.05686118622232879,0.07195182905539625
2001-09-30,-0.0032260622936000865,0.028681098067764352,0.006441166039717758,0.020691972913311513,0.013392217000398563,0.03263825479104209,0.05485259192283506,0.009561863198141387,0.040565156331798136,0.050917149717755246,0.04155387850063471,0.018532703488778307,0.05248106649513894,0.06584970730346343
2001-10-31,-0.0025313426253921758,0.028674087147861505,0.008739672181280432,0.022771974861216873,0.013153591763638055,0.03440705327305823,0.05343573987847639,0.009640817498168225,0.04056371752371005,0.05269745795673223,0.04230945078995819,0.018659025357545617,0.053098564905433195,0.06594162871420739
2001-11-30,-0.0007636238478300395,0.022241646936781583,0.005492961105679338,0.01988903047807258,0.011449808721851805,0.027293775717374864,0.04222811794125636,0.010022816590495197,0.04372524126246011,0.054764902197629285,0.04312959525751319,0.016141325659361966,0.057056575026550135,0.0693324539039205
2001-12-31,0.0015066685594805143,0.014294195114340475,-0.00042957326164283954,0.011104939471553096,0.007228309528344795,0.014262505837468901,0.026630773979148658,0.007533232556764966,0.03868809674856359,0.05763929821300443,0.04467482079302785,0.011738477951729203,0.05299051810831484,0.05888050710693949
2002-01-31,0.00202688556545152,0.012718322126041008,-0.0025244663171211297,0.009931491255227678,0.00826163340958172,0.012992820404274267,0.02415491652790337,0.007313595378198233,0.03889113694846755,0.05692699581343727,0.04470745366360182,0.011037947291926744,0.0530869274632873,0.05901721266518629
2002-02-28,0.0013181503505813553,0.017631131587421436,0.00977191961390463,0.018241648163518795,0.011095798523048967,0.018665663401829645,0.028637575411152447,0.006939262569730097,0.03580625387142414,0.04103674941908363,0.03592975782667791,0.011606976275466143,0.049491729503971016,0.05744500026203048
2002-03-31,0.002145725210979845,0.012326827453773623,0.007542594456581379,0.0136599691004136,0.011989743729572405,0.01308333781127404,0.021949726140418003,0.0051788628325703315,0.028971249597617182,0.03797058005074373,0.02892208189010877,0.012020119508557936,0.040419646418173256,0.04592661728506884
2002-04-30,0.002486459888031899,0.008047742608497088,0.0012238261344824548,0.009218023051218728,0.010467292217011112,0.007757317777088327,0.014245250859688923,0.005112091141814392,0.027336984478842297,0.03735399767521138,0.02881672756401384,0.013007467186671354,0.039328235616191344,0.04107426969692339
2002-05-31,0.0008743503074072708,0.013259834443561562,0.009042226142043733,0.01558456713369402,0.009765435802806982,0.016543134278854472,0.02363230125243657,0.004644614735456015,0.02084748404954335,0.03744408922764454,0.027996891635525975,0.012483940659169026,0.03443470278459311,0.032992418127690236
2002-06-30,0.0005518757650873478,0.01208266687555022,0.010078964034605354,0.016148031012386387,0.011600893209970084,0.015957895383560527,0.023677511320747482,0.004856512108902597,0.0205399592218133,0.03767544786333251,0.028063643203605108,0.0112434827202724,0.03426456456302779,0.03299196846827941
2002-07-31,-6.270361928226548e-05,0.011689346398728219,0.015336366790989627,0.0194365244350238,0.012917725852456192,0.019127050629075177,0.025785560650370517,0.0052643366510832,0.02059106483151168,0.03979188348309352,0.029307238085756537,0.011100072664524065,0.03502132193537474,0.032878958743883024
2002-08-31,-6.187688005894751e-05,0.00872101712179378,0.015378582447928573,0.018548706670194922,0.012381228886362205,0.017294466091909936,0.02095574343792092,0.005263895080085958,0.01934809671416399,0.03980456212778545,0.028792251551283246,0.010797680737715252,0.034244012655757834,0.031129100952268948
2002-09-30,-0.00012294854824713283,0.00552481086260876,0.01362450547965721,0.016199422761140156,0.011647139694953441,0.014525020378375822,0.017731535409888383,0.00527214495270441,0.017621641437660145,0.03961378814569758,0.028646711092306033,0.011442040794635717,0.033788477939164736,0.02966094500766855
2002-10-31,-5.925270165796952e-05,0.001566625921898204,0.01319379348852033,0.01597059500684298,0.013535239328160904,0.011415457948631183,0.013425740839783136,0.0053084380054915095,0.01526570650514887,0.03911038506695523,0.028377781311683586,0.011718578272866861,0.030695082072704237,0.02961168746497558
2002-11-30,0.00010700845654446833,0.005207770225813,0.013380662956402634,0.014876919352812157,0.011277604206697952,0.012260056894646945,0.015330614699793068,0.005699915570319664,0.01115724474814636,0.038817953376762374,0.02957567551998843,0.011782190722701272,0.029259966763111867,0.02656972631020393
2002-12-31,0.0009455038260213906,0.00781836258377079,0.010556987800544483,0.012028240078605118,0.008594776952802329,0.0108019635681429,0.016974400104273455,0.007084315511154337,0.012058708408015097,0.04519196054766727,0.03660356787158357,0.017515418104942816,0.032453513076805406,0.024748065445825817
2003-01-31,0.00014464245456175892,0.0069639669459725245,0.01299895528544698,0.015525010523564232,0.008857380485877772,0.014372529569500527,0.018969214687825916,0.007484328804552446,0.013028251433219168,0.045584128649445756,0.03758486543592515,0.017510794052186324,0.03376571826223498,0.024884086866524956
2003-02-28,0.0005121764656364792,0.005031752062640123,0.011684835479368714,0.013286022625610296,0.006005172283232936,0.012313057740993165,0.015656410871214454,0.007630081266734583,0.012094835584548547,0.0456107754559438,0.03777479745651357,0.016743599792194502,0.034138237781667045,0.025261585627302196
2003-03-31,0.001069289853824975,0.0033489898713688574,0.008339691189587021,0.010887800574032018,0.004540151057291824,0.008342947443383951,0.009064540633080844,0.007422933789232584,0.010960413363265035,0.04439418169354385,0.037255458451316656,0.015976903678029685,0.03215166350626471,0.020603583083367336
2003-04-30,0.0008207019926214174,0.0031062995516373767,0.011417079638139047,0.012737780057392,0.005768591261357948,0.009250805201002072,0.008612859437630854,0.007386321656841508,0.011206793968521494,0.04273154227149036,0.036417329240072314,0.01571224488660028,0.03161127803012082,0.02094899796378092
2003-05-31,0.0013647592102623122,0.0024248269681853714,0.005429005345096992,0.005661850684641568,0.002928621717810269,0.0036185395264073396,0.005088539083302223,0.00701339533813965,0.01069250497612826,0.041476852194893235,0.03733998541679497,0.016994487908458065,0.03046177978423139,0.017325235268265238
2003-06-30,0.0024291454299363974,0.002179203689381648,0.001716584677196549,0.000894018791450186,-0.0004937174164465465,-0.0006864716261244323,0.0022662375817993786,0.007080323329634262,0.01052102253670194,0.04170887981217607,0.038653274733315646,0.018550128535878844,0.03128371716643891,0.01678103843892368
2003-07-31,0.003016218080060483,0.0011608692354324645,-0.0032224370948656027,-0.0030436230791096217,-0.0016934452413317994,-0.004329601569270636,-0.0006810274480283997,0.006542371773325425,0.010595037514874464,0.03768245735924334,0.035777317382676546,0.01761349041929548,0.027957591500305023,0.013055761611818078
2003-08-31,0.0037976360262661677,0.0018355629686442395,-0.005798903155182701,-0.005861176607615097,-0.0026657749359821695,-0.006659875324303937,-0.001864436842420506,0.006363627839885039,0.01077485674024573,0.03649885050729319,0.03431626794747776,0.016910953180568348,0.026825916747353396,0.013135325539800045
2003-09-30,0.004537452922975715,0.002542615792033874,-0.00629373229941418,-0.0069551249496231015,-0.00235334183918858,-0.008703455414786085,-0.004230109942069133,0.006256211033116475,0.010713949885875236,0.03633559989665271,0.03415054903387652,0.016972244286022755,0.026839029142261227,0.012829442215978589
2003-10-31,0.0044393999299858974,0.003534843070373389,-0.010504541191827798,-0.010329900391672862,-0.005008032223831097,-0.009661345165928356,-0.0023788482562007115,0.006290696565575595,0.009837864895641016,0.031437812255304745,0.030285640150333422,0.014541152971745077,0.025760302351127216,0.013514292966006139
2003-11-30,0.003462536273038221,0.003040273535172533,-0.005758820449371989,-0.008799873868957997,-0.005178486488857174,-0.008102560293980982,-0.0019162044301195183,0.005743546644218802,0.009541969089290748,0.030623760561129084,0.030203609822387994,0.014507512064825883,0.024986089708208006,0.013120533919792957
2003-12-31,0.0023415610427943516,0.0011442217309271996,0.0022897661626432335,-0.0020892287601592305,-0.0022032126219670213,-0.0032360412729122074,-0.0018696523293432723,0.00439127727023702,0.006310723547496705,0.014235124809478252,0.020798245220305038,0.011137267190138246,0.019138643103074022,0.013128743239960347
2004-01-31,0.002825105676724518,0.0025467607263874315,-0.002356901911170242,-0.006861976783034784,-0.00445531019986688,-0.005810330666861357,-0.0020857842759275562,0.003406712148851332,0.005189629583447095,0.0122172473084317,0.01492843335923188,0.011173453448213926,0.013189484596118845,0.01253764311212535
2004-02-29,0.003385361337734252,0.0037343707434927694,-0.002837485491729153,-0.007533913761656158,-0.005241181609265697,-0.006466594469897284,-0.0025561516849699757,0.004286505395321184,0.00609696985226247,0.0120737928117879,0.014869003375733644,0.011574890244974396,0.013321411962343977,0.012768162870014128
2004-03-31,0.0026581996784842007,0.0029598281599152003,-0.002971345345836009,-0.007418806323106745,-0.005210825799700316,-0.005863154085662389,-0.00023447214857080442,0.005253803427058683,0.0069731910534539246,0.011988274657293055,0.014981000329789454,0.011602719978264184,0.01387787848474565,0.013347921164380749
2004-04-30,0.0024753157116130494,0.00303957015357516,-0.0030619870988633567,-0.007451587978556564,-0.005429217562049358,-0.0052558563954351045,0.0009202479748171699,0.005374352852321943,0.006833770203754608,0.011911809918852125,0.014945501431761205,0.011324110833412922,0.014163838181973589,0.013172151846017858
2004-05-31,0.0019474944038472138,0.0020523904290292556,-0.002107625858375586,-0.0037382843869173984,-0.002712187564494628,-0.0018763802449132635,0.0018578722760646388,0.0059388163947710565,0.007174723829526688,0.01089783465912339,0.012002491949918061,0.011560727229705131,0.01474798376850675,0.013777808662293462
2004-06-30,0.0015197667513374745,0.0017361298266263482,-0.000525109321322775,-0.0006362555354476422,-0.0003755450165622251,-0.00016953543242182495,0.0022959306957780986,0.005583296504260252,0.006988395622479639,0.009126437988082369,0.006962101926039241,0.008761550498574642,0.012190021129303522,0.01343748107703627
2004-07-31,0.0015517244752292093,0.0024076085392740723,0.0005834175276111521,-0.0006411360902083617,-0.0007464802086916498,-0.0002098587770351136,0.002969018544836676,0.005578172722933531,0.006646010353587664,0.009877227914199966,0.006961471129925803,0.00862264592699376,0.012188683801354475,0.013535494460452244
2004-08-31,0.00013990216211245098,0.001396407862609678,0.0012102219902998714,0.00041111528041758676,-0.0013640149852015323,0.0027922210157202546,0.006570313497753445,0.00624867909395645,0.00661479797326325,0.009773795150736606,0.007241111567869296,0.008562311150461835,0.014504785516476765,0.015600643157932127
2004-09-30,-0.0011802268462935458,0.0009057229068081314,0.0006589442352097418,0.0010307068943687073,-0.0023679820252564612,0.005725761187268323,0.00924506346513561,0.006163744813376442,0.0064932824815383105,0.009910923657998526,0.006736108359243485,0.00878283772127358,0.01292787567299655,0.014115631139937572
2004-10-31,-0.0010150286830193738,8.685847425974056e-05,0.001820620125142448,0.0009418223669854601,-0.0016288607512624116,0.003553549075843917,0.006964700224620261,0.0062786438465702666,0.007114859875735619,0.010908801675442939,0.00668681640159232,0.008787555466464309,0.013891573234046908,0.015703587866671087
2004-11-30,-0.0008698607645592845,-1.2860781171485381e-05,0.00020759583226047796,0.000998306519362538,-0.0010022244739540497,0.003812552618962584,0.007575799423235157,0.006353677949386545,0.007038009870807814,0.010109935528028077,0.006663717921721242,0.008910158343404346,0.01362022932262078,0.015125561466059909
2004-12-31,-0.0007893174791708387,-0.0004361135608338508,0.0005071849370279355,0.0004023716486057486,-0.0016251380433192986,0.0030255370585428217,0.007807601687564284,0.006396302955985054,0.006986432916001951,0.010306257066027353,0.006876821000954041,0.009029644038780012,0.014170850153084382,0.015028401601823057
2005-01-31,-0.0006108641235899586,-0.0009430292524072966,0.0012434946784977104,0.0009792399689329556,-0.00017702856611606651,0.001360651295533813,0.005362865574661966,0.006395635886837556,0.006687525560422552,0.008690522676166743,0.005869315807428089,0.007622482001211715,0.013900301633900712,0.013604294000133963
2005-02-28,-0.0022563206286291904,-0.0022680921336810855,0.0027142807870417,0.0028202387446252934,0.0016869435579220783,0.0032606384342224255,0.00718555136400561,0.005301550147976763,0.004686147392689587,0.009516847747470317,0.005561712291573686,0.006321539680890395,0.013379161523211183,0.012671148883208673
2005-03-31,-0.0012992855262442568,-0.001994529331659976,0.003983455665380493,0.003183937471709742,0.002082151077538499,0.002273189627571788,0.006358593690887957,0.005372399258948603,0.004403504941220433,0.01056538985722038,0.005954867463326706,0.0066655878738292144,0.01335820489280603,0.012398379696172097
2005-04-30,-0.0014357580664423227,-0.0006820679580272103,0.003803569751534857,0.0033202749450156298,0.0019004246566435613,0.0028091735018862408,0.00709206186576811,0.005405352204394052,0.004904069160432303,0.010552239893899744,0.006073260026410939,0.00655481497047948,0.01356715002449684,0.012596630023041698
2005-05-31,-0.001302040235983948,0.000265333595927981,0.004186759283739901,0.0031895683863014455,0.00048638909135308763,0.002557102043402678,0.006645185794250196,0.005287221765649883,0.004966503631542517,0.01016227100832088,0.006005815297723933,0.005680528627761112,0.01326366573081336,0.012384161139149258
2005-06-30,-0.0011980919507044595,-0.00040540991971498063,0.004455568521158373,0.0031494753960466617,0.0011073568512812674,0.0019297171879937246,0.006027382993049928,0.005402436901381568,0.004986094409500117,0.01002272205405322,0.00601388412881021,0.006166207024221794,0.014030618008005176,0.013176686303622544
2005-07-31,-0.001406949541205207,-0.0010186605262569903,0.004439898694921532,0.002891357341786451,0.00017848726913570319,0.001982565001068828,0.00563384465560176,0.005361938044706562,0.00499321772968926,0.01000900382575531,0.00621704601944611,0.007086642274111346,0.014023630437971491,0.013167580865514195
2005-08-31,-0.00015234676941074197,-0.0014614975088190344,0.004515998737790735,0.002032250739519626,0.0012836410106253954,-0.0015089293883579935,0.0018942869399200823,0.00485496866795575,0.005490388701398182,0.010001951516038431,0.006169835351802932,0.007404285657422897,0.011793900140474356,0.010462717193360073
2005-09-30,0.0011515476793758622,-0.001707763637716653,0.0057766537738912676,0.0023019750347173687,0.001962151096448278,-0.0030732703090463414,0.0001341367934310229,0.004629665533199288,0.005500078107038541,0.009694775960416036,0.006105992610534116,0.006647001958509002,0.010572076222863228,0.009537330858173494
2005-10-31,0.0013359949431094537,-0.001299884369506236,0.005738721158242394,0.002241264999844428,0.001640272470235732,-0.0027077447686423,0.0007781909570236475,0.0047887367715036214,0.005061928776317663,0.00965019071851438,0.006092649349300119,0.006712437446929256,0.010236205543644399,0.008633587717903495
2005-11-30,0.0009520864853550141,-0.0012566154109530333,0.00551096167052384,0.0025466701804434935,0.001643646497309947,-0.0014311312638582662,0.0015557333427454788,0.004834546453227645,0.0051173482200366615,0.009926475572447847,0.005995919447368879,0.006713758609672697,0.010472366978484205,0.008738063658205454
2005-12-31,0.0009609545957026018,-0.0015548030814248467,0.0046572986936263975,0.003068426579573444,0.0027111238606128984,-0.0013421998070421344,0.0008714424320800945,0.004838232984316197,0.005265485273113348,0.010104928158597773,0.005524421675643057,0.006283533486083628,0.010395243529155267,0.008909775795451253
2006-01-31,0.0009689721641123655,-0.0016824148942051079,0.006286720848959996,0.0035712413869272066,0.002568263666948038,-0.0010566405829908869,0.0005743332904503464,0.004837205797170803,0.005243829670468561,0.008264774382156732,0.004852688220291917,0.0063605861334604455,0.010311213945420545,0.009016241033186002
2006-02-28,0.0024299472167054023,-0.002735222576530341,0.006865784594937738,0.0023567557105597637,0.002409636701242402,-0.003986433017203895,-0.0026628555026659904,0.004609370924283348,0.006387359282667644,0.009162991398205672,0.004327527985382225,0.00624977485881877,0.011698337712738826,0.011536582279051157
2006-03-31,0.0017455650480790498,-0.0013717811992318574,0.003907522285572129,0.0008118627513460354,0.0007437649543656256,-0.002204608106552696,-0.0015786762307846418,0.004902530302713665,0.007548557910230133,0.010651022296670162,0.004313269023229749,0.006842285440548174,0.013385906320871293,0.012912958007971506
2006-04-30,0.0022709611079397636,-0.0025617450541792646,0.00450930897918348,0.000544086092486804,0.0011034791575218997,-0.0040478957902815626,-0.0036041376380872587,0.004633870896820506,0.007015456658563491,0.010829751496829652,0.003842422660916423,0.0071688036525023565,0.012984119434763729,0.012089067230078368
2006-05-31,0.002698475469849785,-0.003467686257537692,0.005404530784268807,-1.6670213177037154e-05,0.0011174871684395838,-0.005612504318329634,-0.004075901812641304,0.004120784578857221,0.006525994844216613,0.01056006099691704,0.0035616517397781835,0.007158457743075612,0.011384493200738073,0.011627261805365706
2006-06-30,0.0018018134236900587,-0.0022667338819738416,0.0044016330337415645,-0.0006946471451393971,-0.0005316508546527012,-0.0026167483140230913,-0.0010325340738944055,0.004744424539894951,0.0076095025488521146,0.01152974810390298,0.003934968056801904,0.007506442457112854,0.012809685237910151,0.013822846171465744
2006-07-31,0.001953672438976739,-0.001914352492589752,0.004240336676854403,2.562619456579463e-05,0.0008755686208753444,-0.0025424079827705676,-0.0008913146284162568,0.004653978138636915,0.00759737689209254,0.011420837045635535,0.0042637996090443275,0.006937175798569097,0.012832448687782922,0.013884652643349206
2006-08-31,0.0014311643254594488,-0.0007145010233910228,0.003544794458419468,0.00038034065686308243,-0.0005773054104509239,0.0006683884415126729,0.0018852484740985726,0.004650515528840291,0.007462116259079509,0.0116823462029398,0.0042222541880793515,0.006844120481362283,0.014629920991683578,0.015001000710200737
2006-09-30,0.000706526232707983,0.0003116115083188115,0.0006527050025157995,-0.0003887512038066642,-0.0009599519661491591,0.0013494233540739433,0.002516333743898972,0.00426848356790937,0.007913171249383786,0.013888607451123535,0.004631016403308251,0.007025969340155479,0.014599761965998123,0.014856118131609954
2006-10-31,-0.0002663824969297486,0.0012965044552512841,-0.001537338873722853,-0.0009798245549810446,-0.000318614428971684,0.0021965269982229187,0.004009848562684615,0.0042645523968480375,0.008027561087895336,0.01331716481690414,0.004592700782153391,0.007329356916201252,0.01420508480366384,0.01467205516875019
2006-11-30,-6.433912828372474e-05,0.0006512635512048306,-0.0015443706027498214,-0.0017002317020480369,-0.00040671753629474837,0.0009479646734142804,0.0032712377706903633,0.004248599094446372,0.008017763299546189,0.013320117959464398,0.004679303661906672,0.007277958072555441,0.014368830144182825,0.014736177761030023
2006-12-31,-0.00038604287747599975,0.00038148825364842055,-0.0023697297152504918,-0.0024785712285601696,-0.0009549248647870803,0.0006034867564197435,0.002933015543169911,0.004152715201867228,0.008295373262780641,0.013650764376653154,0.0049292274586197815,0.006978188803051148,0.014679062569466127,0.014985782558862059
2007-01-31,-0.0006708788584213776,0.0014015033644336136,-0.002527619051145451,-0.0027145532255386617,-0.0019286047615705484,0.0021107097979199897,0.004503699287533602,0.004207399318510208,0.008772817171913357,0.013559083856710584,0.004868088343451073,0.0078036219077730895,0.015272763637006923,0.01517912445387949
2007-02-28,-0.001251601040118578,0.002681452660222511,-0.004286208596363185,-0.002206184748822677,-0.0017141614974655675,0.003517581124603828,0.0064459591244957004,0.002914563567791659,0.007261445708419507,0.01118742158928054,0.005199389236218794,0.008059712950355553,0.013197382928038756,0.011780328020626849
2007-03-31,-0.0008818697706595955,0.0017445067827401796,-0.0032206925192845488,-0.001670456890245098,-0.0010420631801412532,0.0018443264870241054,0.005232762792500129,0.0028301864056714584,0.006715561660687029,0.010458789163263075,0.0049108448388958965,0.0075775100649273916,0.01237453407606981,0.011146259469689118
2007-04-30,-0.00092465857476467,0.0022462519784348495,-0.0035222381948523227,-0.0015476288681552965,-0.0012633379011207002,0.002947450994270254,0.006106042216836284,0.0027706440242818457,0.006286066160152389,0.010064310501841842,0.005124222017204528,0.007293904488609383,0.011640034111360439,0.010208278770157822
2007-05-31,-0.0006721722616012616,0.0026524416264755886,-0.004200952634118548,-0.0013271826353050814,-0.000547465248677734,0.0025845842338660225,0.0059635401251113,0.0030132696436476103,0.0059149455033702955,0.009522680523560654,0.0051875817567865285,0.007457515235508186,0.011900417004266755,0.010252647836442077
2007-06-30,-0.00013029419389381502,0.0016415652530775184,-0.0030483639242891284,-0.000656909062463542,0.0008497365675538063,0.0003823101945353729,0.0037512830633901536,0.002521228367930263,0.00553520430730527,0.009474583794617046,0.00500072611758791,0.006864045072741869,0.01096787265469028,0.008729447251160751
2007-07-31,0.00010461381955140447,0.001396961363284015,-0.003403783918429061,-0.0008634539882227715,0.0010160399513249932,-0.0001600787797122804,0.0026351992320200117,0.002683282873687946,0.005687517515615349,0.008989526304688083,0.0047595461240614425,0.007020895709584093,0.011069913399742884,0.009329015764032271
2007-08-31,0.0007716542669706086,-5.052915390193601e-05,-0.0014319339012170992,6.761912280450076e-05,0.003058707557337347,-0.002717440305590504,-0.0013280333284751474,0.0032138222509680587,0.006765724125602442,0.011125557856766477,0.006214539519549645,0.007645385289830378,0.007651838148399864,0.010194301379114687
2007-09-30,0.0008198613637535444,-0.0010099108325743002,0.0012687352734671185,0.0009703445438142836,0.003946703855318042,-0.0025832273017769285,-0.001982420233643403,0.0031870321785095915,0.0061452953671242705,0.008784975287687048,0.005909447843970692,0.007085028607040403,0.00780261468031367,0.010153986900274949
2007-10-31,0.0015229238624801034,-0.002950150152564316,0.0038787831269801805,0.002159714488386947,0.003521952381523391,-0.003125887942346167,-0.005395587973515688,0.0024977071566302566,0.006830228317186985,0.009637374193290249,0.006253894958731211,0.007082518189573109,0.007779584488091482,0.012228064745226015
2007-11-30,0.0019295006254688872,-0.0036185048407473986,0.006012060181788427,0.003532033091308707,0.0037307977033887336,-0.00283828524156653,-0.007945018393633263,0.002743469940347912,0.0071953365549963354,0.009909736843953696,0.006062993519686454,0.007103115973048385,0.007660548991820734,0.014436680961695243
2007-12-31,0.0021924639211475046,-0.0023785522502393253,0.008558678485135765,0.0058182982524717245,0.004780602506259727,-0.0002739630803171268,-0.006584323557515333,0.0025828698342033377,0.007497665485558316,0.008758796804858976,0.006410470737599657,0.00736372208168933,0.008897527411573375,0.01508513922039011
2008-01-31,0.002857015815489758,-0.004220182948310106,0.010102116783775374,0.008121199959447038,0.007102787364030191,-0.0010750808551035988,-0.00951082098907422,0.0021168473314738074,0.006668622767123114,0.009456820619270485,0.007822095864021994,0.005358130261276324,0.0076653804438975015,0.013910802816560534
2008-02-29,0.0016038761572752687,-0.00301881389446497,0.0074550618882847875,0.006020681368836018,0.005212448784124835,0.0004266113183453325,-0.005319238230268732,0.004839691367047077,0.008694060651373247,0.014971035050350747,0.011613174710410958,0.00820238442539152,0.007946699195655167,0.021218387735502543
2008-03-31,0.00202523556754563,-0.0043574273037889485,0.010190896504221982,0.00930893141754466,0.007279138611655917,0.0014423420208844906,-0.007609362516243524,0.004958324654556436,0.0093449072543301,0.01564317615158254,0.014583254770470283,0.009154944720747403,0.008429156626314813,0.021594692097683898
2008-04-30,0.0018925048609573847,-0.003697972858895003,0.010648524234677959,0.00962502238493772,0.0076548480225991705,0.0023748825623188894,-0.007389825913847611,0.004968334030780435,0.009933703893218244,0.01562563586278185,0.014572553542483182,0.009201520937052343,0.00905439159368553,0.021696630319159412
2008-05-31,0.0019291340419093468,-0.004409972085300349,0.010844682731006658,0.009586801674575414,0.0076396730406053485,0.0017072782817945786,-0.00845789939586353,0.004980968314966522,0.00996811586276967,0.015483391894629262,0.014597115230800949,0.009206562908479944,0.010060271606384707,0.021492928868779716
2008-06-30,0.002532081356006241,-0.005236872954446487,0.011753830969982315,0.011072810419282835,0.008574034993119069,0.002077233511955633,-0.010248716082967244,0.005230100561606975,0.010155029603458335,0.01529541121294874,0.014631952193202962,0.009559141795955755,0.009776887517923386,0.021837162034234248
2008-07-31,0.00287661154945207,-0.006278970606402578,0.01657334254844473,0.01393866849897013,0.010177213843924273,0.002565543055805576,-0.01368338595434399,0.005400169341663105,0.010555303001541672,0.021311629099929674,0.016235017328803423,0.010953393564859219,0.009532180392740005,0.02451930037026076
2008-08-31,0.0025797097080688283,-0.0031017450156097027,0.012562280903406315,0.011914602631247155,0.008222741819830124,0.005809327818622177,-0.007859571483780498,0.005273905748979608,0.013822713104552882,0.024950133684411062,0.01779518360388762,0.011811024456178671,0.012702789013219216,0.029383561354751696
2008-09-30,0.002204457308932388,-0.0019368462864678773,0.00936354859565806,0.010521950377318795,0.00804928181307212,0.0057888718426789935,-0.005155995400224075,0.005662371087221088,0.014456251616206844,0.02785035360870204,0.019073982852629782,0.011884597587678358,0.01270245423529329,0.031111607644189923
2008-10-31,0.0017383474093725796,0.0014675060169709257,0.008604609266643125,0.01016839045829923,0.007765723428158622,0.009558630094571158,0.000625525334414787,0.005833363628325985,0.01567402903793555,0.02762787689479724,0.019117424932009783,0.012100868492898209,0.015378769995556088,0.03241277855263198
2008-11-30,0.002008545004696079,0.003703295147906427,0.010083762617082872,0.012044974898507735,0.009146220841680631,0.012552640096163838,0.003046556841917774,0.006098458316275611,0.01567763667180221,0.028683519636141935,0.02020522300423014,0.012749050245480122,0.01594660160527068,0.03075158537227962
2008-12-31,0.0019944338134733753,0.003587839783236802,0.0107768783074638,0.012045560649401458,0.009171939589500343,0.013118200680547384,0.001573712195086478,0.006098302662503692,0.015663612487599236,0.029009242439575054,0.020205451336145527,0.012756081224179707,0.01625501974478834,0.03094946332158707
2009-01-31,0.001610933472808541,0.0047302210616119635,0.007064143666856582,0.009465376764567397,0.007599629070416016,0.012180015292303024,0.005264064014085121,0.006036394324514811,0.014952825643170251,0.030216958751751538,0.0204065569528247,0.013150781483060951,0.016998836061187676,0.03074712420548769
2009-02-28,0.003540475552076294,0.0023988284432144695,0.010029358271563557,0.014287887924946984,0.011329771337879638,0.012193215421691323,-0.002025087346632809,0.00478586669569357,0.015304696228182781,0.02785720748765598,0.01919750366536984,0.012639610282158998,0.016997073087588948,0.030630455796530256
2009-03-31,0.0037979188605436454,0.003324219184582613,0.00905410755533711,0.013727113875445016,0.012537905839560099,0.011697417774000825,-0.002820734100721418,0.004986045042517129,0.014418306546128122,0.027344853079744224,0.018520613128731142,0.014360536343000708,0.01713418534026328,0.031352485787804335
2009-04-30,0.003345850546041586,0.0029985901581178055,0.0038657227028088322,0.010082402811004205,0.01054851089626628,0.008266948714254622,-0.0013472412269776258,0.005500077524362169,0.01435155343952631,0.03210062497937206,0.02290880213828742,0.016168360430027624,0.020639109396908998,0.03206001888964284
2009-05-31,0.002626738060785923,0.004216364585162929,-0.006850331936901241,0.0024386844193790857,0.007970855390388049,0.003747778995808214,0.006540431626355822,0.005991261370462585,0.013874526953242487,0.04961652763995059,0.03716160286459129,0.019332398238050486,0.030034690455777075,0.040198688498460415
2009-06-30,0.0019153721179981616,0.004165337092953795,-0.011801131134687642,-0.00156453021259077,0.004800992704082174,0.00245565403583416,0.00925928645609876,0.00582806082267301,0.013940037350317689,0.050323574345536734,0.0377326340961847,0.020788419088530338,0.030671240145114315,0.039038105782923924
2009-07-31,0.00212680387516309,0.006039802058453156,-0.01619629737725461,-0.0031404517896617724,0.002979226418761912,0.004307990195942178,0.013448477184314696,0.006076985660290338,0.01246682945082389,0.04513469708005225,0.036315864666506874,0.019572139755967225,0.03122936336358809,0.034649076279124544
2009-08-31,0.00147595369348078,0.004795222866758958,-0.016248927459785685,-0.004395469711157119,0.001541670162319631,0.00011035758726700776,0.011468878407070865,0.006382342629658429,0.010962648332099385,0.045151009258810285,0.03687711666712901,0.02096418729384091,0.030304146507071566,0.03334884998891817
2009-09-30,0.001542841044452956,0.005090527250192911,-0.015237416709166342,-0.0058912375042297046,-0.0007604098694191588,-0.0019356999032681254,0.011183446263454357,0.0063115646616575104,0.011205281505960318,0.044946254311334755,0.037599507187885406,0.022323418322352052,0.030706342296307487,0.03321415058294125
2009-10-31,0.001773202018820328,0.0026361673287708088,-0.016661258074248342,-0.0069797263361704295,-0.0008213065603839441,-0.006328227117531802,0.007004041146369239,0.006189583306016942,0.009514568803322373,0.04427457871517518,0.037410250767091854,0.0223286345782947,0.027892254352845806,0.0325476938209423
2009-11-30,0.0009733831806234614,0.0011523992269622525,-0.020010309229716094,-0.007613285637664544,-0.0003470244367202293,-0.007342747427367076,0.008057882226010097,0.005798310422827082,0.00857947749723119,0.04129609783709988,0.03673332292507488,0.022912275133650056,0.026571770324319444,0.03238090105137619
2009-12-31,0.0009598746199151054,0.000532984474663358,-0.021869587383333552,-0.009271173454741374,-0.0018455204524223231,-0.010084056000498966,0.008749333638974165,0.0057959442670941835,0.008568560822720717,0.03944725362701482,0.035848045955636204,0.022580647485451535,0.02463970619114846,0.03203943199429513
2010-01-31,0.001454915296576241,0.0010407732163815106,-0.019996210718210363,-0.009201718317474584,-0.0020576985064491467,-0.01015796594789326,0.006387442692922032,0.005994039593409998,0.008857342122432364,0.03996131827917853,0.035855393709903934,0.022614964118565714,0.024624603623867997,0.031856288907807666
2010-02-28,-6.911089005600197e-05,0.0018418487683179979,-0.021120220366877485,-0.012731207115592419,-0.004805772939102154,-0.010203782344180156,0.011326389575128694,0.005680388808803642,0.007902978334903785,0.03937493675016245,0.03293938519022301,0.020211256762760966,0.024583790769812215,0.02810217552299713
2010-03-31,-0.0004805215678937281,0.0031349603530919823,-0.022166261076031504,-0.01510806948477879,-0.007900977652619183,-0.011539176377489658,0.013852356555562356,0.005140991661360673,0.008015565594959084,0.038425979696822474,0.03038696083769555,0.015569773223626012,0.024135053264772072,0.02494259025530414
2010-04-30,0.0001542754279778569,0.0034809253334573847,-0.018176258417962755,-0.012949665137018068,-0.0075228214046937575,-0.009826306702127497,0.012407680705982764,0.005054933353062596,0.008140712210727517,0.03779400847113292,0.029930528920801933,0.01548668164478164,0.023560780381813355,0.025011071047096746
2010-05-31,0.0005451389230472467,0.004123660905380439,-0.008128212520503256,-0.006021054948700346,-0.006406562969811303,-0.0045560799244242665,0.005581178521494201,0.004801388445722077,0.008633989297714922,0.01593787642165897,0.017115282669413555,0.014469046580377353,0.014263838686572447,0.010818579985674941
2010-06-30,0.0006404975767208689,0.0050135993062907095,-0.0034022708250922833,-0.0024074852846626854,-0.003389222087504374,-0.0021434816855529786,0.004850534426235534,0.004784567643974203,0.007197693295523263,0.011659287996744871,0.016509645552193048,0.014899913160705358,0.014165224202440237,0.010883888976894322
2010-07-31,7.123903248731137e-05,0.0032219158251774994,-0.004365161631636884,-0.0028753097111660704,-0.003141204677760181,-0.0022933532088200244,0.004379793393624062,0.003938476723087039,0.009121412362742285,0.010780228058018334,0.015926288871070404,0.015081541358026791,0.013881171035965128,0.011178797486575248
2010-08-31,0.0005414983790244738,0.0029341320919881995,-0.002929895365611598,-0.001762597543967303,-0.001859862720319837,-0.002035833674599924,0.0034435768215424997,0.0036310977528383167,0.008908149439505032,0.007915145906663415,0.014547655599390872,0.013705693055470624,0.01361448804531708,0.010071233529458774
2010-09-30,0.000957700532551548,0.000478728911382112,-0.0009100467056036695,0.0022567159560823195,0.0005615676674692866,0.0004114263236077792,0.0002610043555752647,0.00330399493441276,0.009312734906256418,0.006711764857168434,0.012352047766561208,0.011629026919680012,0.012973872428886864,0.00895325660148782
2010-10-31,0.0009039131318758054,0.0015351637658515885,-0.001103326513226076,0.0026749782240680403,0.0017940228110899271,-2.427486242412927e-05,0.0005441068161623139,0.0033260733580552948,0.009436981037521244,0.006877928890369139,0.012092773741147887,0.0120053561045837,0.013550474810526385,0.008605693219888485
2010-11-30,0.0012270811500706654,0.0019101296687549871,-0.00039286263624440293,0.0008428728632840196,-6.065879350387079e-05,-0.002168051363615959,-0.0007470794686198707,0.0033404350296315378,0.009382435370576604,0.007040642443356258,0.009819961722289498,0.008958811882312767,0.012129433202695175,0.008356840695433887
2010-12-31,0.0011219163001260674,0.002205346751621703,-1.815973988010851e-05,0.0013404574404000762,0.0014736243275750912,-0.0025046727337645013,-0.0021118009005745507,0.0033400608495427154,0.00927813433454926,0.007444621514721555,0.009889797704355378,0.009507436074679227,0.012378218760726005,0.009798117727866863
2011-01-31,0.0005227545064026785,0.0017769384209794271,-0.001761885521325974,-0.00018440269732544033,0.00019183896645403516,-0.0027312141305995594,-0.0010272163248165617,0.002939820232640781,0.009083976345392184,0.009524694265084998,0.012163307826308698,0.01151589725551302,0.012471543486014676,0.010240355481404449
2011-02-28,0.001142650053456458,0.0020175921470519044,-0.0018142052436692583,-0.00041844148436630935,0.00015808915447835265,-0.004008514971452611,-0.001916334513940015,0.0016142600655721863,0.008986424056418937,0.009565703972646281,0.012313426308056213,0.011525895731954255,0.01185979438801022,0.008843762960595037
2011-03-31,0.0009029248009736267,0.00110937262397524,-0.0017033892323470815,-0.0005613732480171171,0.0001967931103087428,-0.0034727388774866436,-0.002241857889527163,0.0013880776486745895,0.008549158047992493,0.009651928445508414,0.012280205319274283,0.011524879585261766,0.011639670396421494,0.008945156640131006
2011-04-30,0.0007791979573693635,0.00044830183564203096,-0.0010085409244907212,0.00042214598024623153,0.001595071911683168,-0.002896739146112891,-0.003223036452786174,0.0012414026487606912,0.008264608600367805,0.00994288536040389,0.012196583418156898,0.011381455086238428,0.011580462003005497,0.008918547056987485
2011-05-31,0.0009041780339617179,-0.00050016914395416,-0.0007300818962744637,0.0017163564225997528,0.003488375422875376,-0.0021927412984375574,-0.003417437454104884,0.001204917974512599,0.007208825201608107,0.009823262026476933,0.012068545442167691,0.010637471181300687,0.011621297143566914,0.008814961407828696
2011-06-30,0.0008328155629856356,6.645457276319524e-05,-0.002234452761174337,0.0012070673559605287,0.002878707719438833,-0.002491582841762366,-0.003027758792785463,0.0012621415025151884,0.007362718934351498,0.009203071602434188,0.01158147317678274,0.01010608117605262,0.011304404139701898,0.009076491870785313
2011-07-31,0.0006319966319441725,0.0015241131521789837,-0.0012855388978076122,0.0010325816362121245,0.003053442984210717,-0.0038603727107529642,-0.0026190491996901186,0.0010857275005212651,0.005732510207605849,0.00997824594944336,0.011400538126292223,0.010225496177293288,0.008909658386990357,0.009112349723455712
2011-08-31,8.606891777836175e-05,0.0004806232494492593,5.461677820480184e-05,0.0020378071382237965,0.0035678782178804476,-0.002954372801167216,-0.004239799292105408,0.0021174107037986996,0.005690307941655417,0.009453942268893943,0.010556317607862532,0.009707232410002046,0.008357088125114947,0.008401333129623722
2011-09-30,8.787291724889031e-05,0.0017307045504226066,0.0003394087977664591,0.0028771380489718487,0.004606492200047421,-0.0018794045501902695,-0.0029671466538280546,0.002118035698022287,0.003246581293572194,0.009704223187376551,0.012183571935327181,0.01039110804475528,0.010755865645101233,0.00790043366181352
2011-10-31,0.0004571102055572489,0.002203002009681381,0.0015687826920765858,0.004862440627282736,0.004998235746269103,0.001927744036563369,-0.0013548497254776656,0.0023529389838038697,0.0044771047829145335,0.009551132797340538,0.013219009296004785,0.010771890048146219,0.012307997910282593,0.008756914526259115
2011-11-30,4.58382124860358e-06,0.001472069848363039,-0.0008530141780869919,0.0026422188236540148,0.0043463873856207594,0.00010445648775578992,-0.00014151558973271786,0.002311816821273128,0.005063081684490045,0.01198346290076618,0.015550699723900102,0.010972136086426821,0.014951276765940902,0.009006975763958086
2011-12-31,-0.00016888689414089865,0.0017127596941508966,-0.00068852424888499,0.0029478115266592365,0.0036649527282357135,0.0019977656921980488,0.0013874355635824683,0.002344675948764573,0.005097145349942191,0.012146445816112574,0.015644392190908935,0.010638862186067891,0.014623171220293302,0.006946292361083485
2012-01-31,-0.00025325444699060887,0.002569658520899295,0.001759676285802013,0.005272915253606242,0.004816881750423216,0.004644326598172662,0.0024499203922683185,0.002389201748378382,0.0061349767631053275,0.010627386471687402,0.013218735246906829,0.008044536382956467,0.015371873841764458,0.008871831790283214
2012-02-29,0.00019772599196234662,0.0017206885912904172,-0.0003858592738142346,0.004838228582722319,0.005754510902849108,0.0030756639432182337,0.0013811655255166605,0.002912963722556877,0.007146790464121599,0.014777115787741863,0.013800199317350834,0.007678118754292959,0.017355156995535293,0.009053339785764577
2012-03-31,4.108142975282384e-05,0.0018640844537479633,-0.0013781944683248799,0.004111123753217359,0.005750004263322825,0.002266641937830868,0.0017331067865180687,0.002923299650070019,0.007126002772090995,0.014726659658847396,0.014228369991250017,0.007681733707980282,0.017978431005861013,0.008794455750713581
2012-04-30,-7.409140209596451e-05,0.002624448672682502,-0.0011218818161732732,0.00462249528424939,0.005456162666881374,0.002846836363836067,0.0026945429091657295,0.0028864103611124085,0.007405411326967506,0.014903349003564863,0.01436801205091373,0.007646491889216768,0.017982011485485686,0.008196588518632602
2012-05-31,-0.0002638073178648855,0.002825789869202089,8.754267818289257e-05,0.004740018638919726,0.0046404749534076795,0.0034374138692229855,0.002335407184064733,0.002865186666809758,0.0074249778664365485,0.015312342103130677,0.014401507204572995,0.007647261037730224,0.01807839722295693,0.008424084973613076
2012-06-30,-7.102484944886612e-05,0.003397500460620692,0.0021886133351261667,0.005749208923361821,0.003856512381613462,0.005071000344917934,0.0023214742709162326,0.0029274680400992663,0.007858788883003792,0.01597962036080577,0.015116363835104622,0.007773704714254609,0.019276275075370244,0.008420101981459505
2012-07-31,7.90716758892694e-05,0.0037707796671573035,0.0011226391379015807,0.004542333228716579,0.002174909111966996,0.004978029681428173,0.002750062903114079,0.0030030847244674266,0.007935327519224725,0.015755081478231757,0.015237065170273048,0.008391601366923348,0.01928028394688781,0.0084420634428116
2012-08-31,0.0006401417440682699,0.004280475744959185,0.0009210068393029623,0.004831162539634852,0.0021243870147571787,0.005625506219201126,0.004081069086114188,0.00239431631989817,0.00750207667530066,0.01573119733928957,0.015157472385816415,0.008426073223965488,0.01912524324059772,0.007521192297055856
2012-09-30,0.00033037280194342177,0.003956319999689527,-0.0005933231791920582,0.001962573411560193,0.000948223267296829,0.0024172564762793797,0.00380270760522688,0.002606959475552238,0.007755375638741125,0.015692008939067355,0.013614863270502908,0.0071418134681570525,0.019068411128371997,0.007701538796944542
2012-10-31,9.486997461854284e-05,0.0027883857588031726,-0.0014132076562384545,-0.00042472445703004117,-0.0010601239990401447,-3.823793147744183e-05,0.0026198257878941172,0.002383971930736685,0.0071316556470669085,0.015501890460068501,0.012253472209889859,0.005559317716322562,0.017415807862644232,0.0074874684238768795
2012-11-30,-0.0001774923995117011,0.0039812934247625675,0.0006318981210001566,0.0008614692579783852,-0.0021414047353266303,0.002822719537426113,0.00381365097335128,0.002826784321651693,0.0067025396473640595,0.01375978442530619,0.010270192529682927,0.0069182241375525975,0.015058706752024644,0.009366165586002652
2012-12-31,0.0004364420051366986,0.004044057725606516,-0.0003708487906288443,0.0008684526667506265,-0.0013955896539112618,0.0016846515764491945,0.003642836972941139,0.003271958287156949,0.006703147590543178,0.013354126911211326,0.01027626527409608,0.008109818644683612,0.014977705549271685,0.00946140323297205
2013-01-31,0.0007322548041041013,0.0030702908119547953,-0.0020401392294615126,-0.00046221851494140367,-0.0014909135512083296,-0.0006977134507020234,0.002595291874231444,0.0032050130714509394,0.0060152641229098405,0.013362584783094558,0.010816811014419786,0.00820240762143609,0.013460279969195629,0.007875702033195098
2013-02-28,0.0005417384040859772,0.004194485013467727,0.0007286808390948958,-1.1840494029088702e-05,-0.002202061410975806,0.0007006210127610629,0.003692049580758125,0.0029539216128380962,0.004334821317986194,0.008556533927819502,0.010296552440110265,0.007646847511265733,0.011487994333755558,0.0074934041897735965
2013-03-31,0.0007030970846366558,0.004757780288385432,0.0020255642697926107,0.001233846041023924,-0.0019969570465148026,0.0024515697874697485,0.004383479134820277,0.002914855628613723,0.004420180762021694,0.008598709791783236,0.010218425236713981,0.00774593524282122,0.010492138015046665,0.007264666398739623
2013-04-30,0.000708011992903255,0.004423475366989169,0.0019014519718753718,0.0002505303300448462,-0.0027695528965331947,0.0019661489302833443,0.004450212467521543,0.0029138792150781366,0.004195200155781701,0.008488708027775632,0.009748659535222436,0.007476819596179069,0.01044062013520142,0.007255875727179086
2013-05-31,0.0008504551704709398,0.0043973725331731125,0.0011966907638574892,-0.0003082989672789399,-0.002709565925018756,0.0010853090375193817,0.005284655277907644,0.0028634793677272106,0.004195018986361066,0.007961031466137147,0.009377617773525426,0.007505185485967447,0.010201134163366767,0.006691152234387242
2013-06-30,0.0006985117272911833,0.0037271893149612555,-0.0006185393292609606,-0.0022486148619941023,-0.002370910731521526,-0.002439658268238751,0.004875574804660742,0.0028541524053933816,0.003475611351265309,0.005931555620972712,0.006588326717054597,0.007650320487008226,0.007540587811927353,0.0068936936877372675
2013-07-31,0.0006326253805218764,0.003276054225906138,0.00036851407660764787,-0.0016832349378125926,-0.0016469762668169553,-0.0020045838113222914,0.004554568184119469,0.0028234378193294223,0.003316241141218739,0.006678055937168413,0.006761248508812477,0.007286148012147553,0.00806005487509539,0.006951251508673979
2013-08-31,0.0007939740331012595,0.0032412860167459322,0.0004765920250074822,-0.0018642572436599343,-0.0013709340526607144,-0.002978033729762909,0.0037209563593120216,0.0029031507621219074,0.00334355263436549,0.006708835515200962,0.006665102878555157,0.007275907101935525,0.007843405968340024,0.007308364372366869
2013-09-30,0.0010702989435218534,0.0028388386911767575,0.0006067444321631796,-0.0014035303705045843,-0.0012977618168267236,-0.002341191766532903,0.0029469282518082385,0.0026625585748617083,0.004342654285636137,0.006530592644958692,0.006487421814399724,0.007320136886987304,0.007056595281641548,0.008407318458021394
2013-10-31,0.001226623260348641,0.002757165552172892,0.001343586767324898,-0.0004411254827328931,-0.00027481257214664444,-0.002577929306087415,0.002089919583116611,0.0027104868182613404,0.004409425050439108,0.006633011824839652,0.006471726185275907,0.007228851104250585,0.0071021987674755715,0.009482474603412328
2013-11-30,0.0013918463278109452,0.002678925356877273,0.0013723643518535201,0.0005978233642856631,0.0014321049028617435,-0.002446152800062788,0.0016944919179011405,0.0022865742359119107,0.004310090738737945,0.006629556395609129,0.0061433484741516805,0.005599385193498322,0.0072938829090938,0.008611275084816452
2013-12-31,0.0011718282664299584,0.002437082353488174,0.0020183904773326674,0.00014212784146184186,0.0005829271061776039,-0.0022868688360166843,0.002335824015075429,0.0019167794111918377,0.0042830904663288885,0.0067686541698305895,0.005637677390231273,0.00415406962961952,0.007287384044346585,0.008588896085526343
2014-01-31,0.0013620209752780235,0.0023190022865609773,0.002863290566066989,0.0008610207574761656,0.001213486077653182,-0.0022853533103088363,0.0010954194149554637,0.0020789582452515575,0.004320642060603039,0.00546446793762969,0.004404323711635941,0.002909026015085301,0.007286657206395346,0.008635387146053703
2014-02-28,0.001999234977894991,0.0017088965782928733,0.0031750658301053524,0.0009981876705412993,0.0003606664228623644,-0.002279377317962933,-0.0012355264696763686,0.003430703288731318,0.004674051392087248,0.005298282567851938,0.004093719323296793,0.004501529642850334,0.007281807897395893,0.010410261148217281
2014-03-31,0.0021053285336932706,0.0007517289541984067,0.002917014734053962,0.00048354041722707886,0.0006046469124774497,-0.003960752279378175,-0.002660062396507587,0.0034145942061330962,0.004328247123020649,0.005035688774446296,0.003555470973352165,0.0047050935935168195,0.0074353883603263315,0.010506959458890824
2014-04-30,0.0018245459774985813,0.001243055227309453,0.0017177587398031378,0.0006190498030353251,0.0010582572583683642,-0.0023006533472210585,0.0003684418095296262,0.0037108102793682366,0.0051423986419849325,0.005375661066454371,0.0035336211865523662,0.00441218751925672,0.010190264802261182,0.01625031781271967
2014-05-31,0.0013224341087284136,0.0015604146985552635,0.0006665234185138487,0.0001846358790096066,0.0011794553401902068,-0.0012066337788485756,0.002207028232081224,0.0042462659525757925,0.005454911159705058,0.006268730054318317,0.003609223621192642,0.00442642119650376,0.010993730333781931,0.018039261517337042
2014-06-30,0.0014557626048803086,0.0011313840638847458,0.001399945559488693,0.0007546216885304732,0.0014602163584237933,-0.0001577981407246421,0.0019645780089929117,0.0042268532478231,0.005463910224709778,0.0062539016199201075,0.003702680768136383,0.004618313603776642,0.010045931503343073,0.018097779943692875
2014-07-31,0.0014175636624098947,0.0007788154241231099,0.0003938805385705838,-0.0005562711277542252,0.00014589361386222228,-0.0015873232649461857,0.0006132130174023477,0.004228652204425151,0.0055460751911405835,0.005657779515841661,0.005201686042855342,0.007030366078320906,0.009854567837528238,0.018718112750579264
2014-08-31,0.0010577201391004226,0.0010954346366526364,-0.00032028563507800783,0.0003532111761992821,0.0008879784426081271,-0.0007110175893377946,0.0017737881866619603,0.004267335641207416,0.005645753020014335,0.005861145966465506,0.006236819643811857,0.007458934037282925,0.009825153808701153,0.018860037936613408
2014-09-30,0.0011399786014299335,0.0013814305814249849,0.00028781307347304773,0.0006719752708033172,0.0007432000590490961,-0.00047059457248814496,0.0019323893133275864,0.004262363899797375,0.005206294879423056,0.00547215747730008,0.0062482751491546385,0.0074278658126474845,0.009684193693491773,0.01874558194661984
2014-10-31,0.0012945820774564153,0.0014733129001450196,0.00013134446969712097,0.0014416736024775,0.001571015582936314,0.00037434782317936443,0.002844206031423996,0.004362167433314529,0.005170602093369785,0.005311126635974139,0.007280615035196296,0.008405048850054053,0.00968302380865647,0.018216627746683405
2014-11-30,0.0018473641651385417,0.0005574582992844274,-0.00030920472925858824,0.00191515410565648,0.0019026096731724184,0.0006513698446651544,0.0011858295121679675,0.004101392950452433,0.005011242649185627,0.005467507271381414,0.00767079003333638,0.008636845246416235,0.00996073357404916,0.01762861359727912
2014-12-31,0.002277037179470335,0.0010228032479506902,0.000493923046696225,0.0035566084852787215,0.0031005902847196856,0.001286559601545407,0.0005124836431704505,0.0045060704934837175,0.005358678762968077,0.007089102186398131,0.009864400882960788,0.009800366765492265,0.010041016413202397,0.017599470235519134
2015-01-31,0.0020718143167824253,0.0011359961205807997,0.0010414043547284956,0.00413371614392115,0.0030475358175058617,0.002235197259456896,0.0011994739973423217,0.004477963556067282,0.005359030263281734,0.0072038268065950884,0.009640790480277677,0.009830456013621534,0.009880010718200723,0.017481685293354365
2015-02-28,0.0017293762384975925,0.0011400331624095191,0.0021630711376353713,0.005967250629645382,0.004627194699779958,0.0026756148080092803,0.0011385807050508972,0.0038591076188398397,0.0053547975494051886,0.008365169282108604,0.00940630000410687,0.008904832193929377,0.009509425512152841,0.01756598060975323
2015-03-31,0.001534991984055152,0.0009078810479072959,0.00024438781809220725,0.005297617150225126,0.00418031243725471,0.0029207574162546483,0.0014648000359060009,0.0038911762917028235,0.005606133962819905,0.009836706344608974,0.010032429442276305,0.00899296590222753,0.009073320366564169,0.017352155212166733
2015-04-30,0.001849750204322803,-0.0007826857459691214,0.002089525837936347,0.005536350436715986,0.004236290660772634,0.0015906988781140344,-0.002909823208197235,0.003619720395430029,0.005290613664437569,0.010561593046309287,0.009950474709715154,0.008972451143847864,0.007301138583233449,0.012658731678523823
2015-05-31,0.0019810840668024053,-0.0010923693556362175,0.00010921981026570302,0.004693871655506964,0.0035193770084654646,0.00046903881486120446,-0.003612118659624733,0.0033544739353121907,0.004811154391684729,0.014468106682920184,0.011081762599285469,0.009469268990428966,0.006563064990656801,0.01092683320955805
2015-06-30,0.0024230255249630983,-0.001409809741118261,0.0018240662578250463,0.00523627535484086,0.0028757315049950743,0.0010282500624241631,-0.0049662320996261625,0.0036402706066808598,0.00495209691651542,0.016251216066043885,0.011226500012431289,0.00955942954239397,0.006516722243007268,0.011860591194354085
2015-07-31,0.002222087751248323,-0.0018651020425483257,0.0029808170447265156,0.0066329188413679655,0.004308828419628457,0.0022556926131101335,-0.004555902222866903,0.003788008492267787,0.005284990280078452,0.016454437728778467,0.009777497936131632,0.007365689688287534,0.00597966273420843,0.011580177123549168
2015-08-31,0.0027756319965724498,-0.0024316874683757866,0.005451266113332656,0.007436130847866626,0.004550155363839789,0.0031755193635142702,-0.006771393665639196,0.0037045729344457852,0.004896382828649862,0.017231297737442152,0.010562161767221936,0.007570962322213845,0.007001460607086112,0.011016756076031559
2015-09-30,0.002532154590002026,-0.0015899216236400341,0.004958903593692872,0.007215632839473591,0.0046866291133388785,0.004050417300950398,-0.004808538382041996,0.0038973475885467276,0.005322860038824312,0.017474269699555373,0.010698339254340215,0.007523847702308535,0.0066153325522838894,0.0124637143039017
2015-10-31,0.0026026916581836,-0.0009169280205214335,0.0066615041860389025,0.00861977178941162,0.0048979069894673965,0.005722502658740161,-0.003591164159840201,0.003947422312412607,0.006024529889987753,0.018382087593385506,0.012604462255768266,0.007858451359061373,0.008989495213808948,0.013441416758171067
2015-11-30,0.0024719754091636127,0.0005938985909000497,0.004871131982744391,0.00710771511955106,0.004017530164011597,0.004438605337487517,-0.0023928165889004374,0.003956945676562791,0.007390433114407005,0.020491725824807627,0.013461281056065718,0.007925810432129596,0.009232873297096364,0.014204818649452292
2015-12-31,0.002260063882130498,-0.0004867419658021058,0.004270041461596737,0.005287894054635049,0.0025227909599109186,0.003944104918360607,-0.003139715923649348,0.003670951333237707,0.007295166868027426,0.020222626430576835,0.012512225542864705,0.006660754307970136,0.00930385648292835,0.01444413198739957
2016-01-31,0.002150697776511147,-0.0012257124577725934,0.005135597781689562,0.0063609207282235665,0.003840676492037332,0.004221546708266928,-0.00440404263535572,0.003714713937172299,0.007491842243232486,0.020496988978134643,0.012922531071216355,0.007155751109939817,0.00941654065751908,0.0145954441371798
2016-02-29,0.0007488447166611903,0.00048519418028255607,0.004634354728464217,0.006530868762870286,0.0050007408426979046,0.00657989754727481,-0.0003146350102073278,0.004827958964761392,0.008997179988472522,0.02028708181853424,0.013058243052540112,0.008865614581187238,0.011020243063224142,0.016179172601454843
2016-03-31,0.0007757004608621437,0.0018408601790514392,0.004980604478699942,0.007329897315463507,0.006002379493085905,0.0076039707581004356,0.001762310294851176,0.004823580033888927,0.009186375844851376,0.01992190208349437,0.012453328808197493,0.008940837600210595,0.00974745962824242,0.016798444220777718
2016-04-30,0.0005733040724154667,0.0035100808401146238,0.0018076597099329073,0.005095040662427237,0.0046990112158685786,0.006769938815945658,0.004274495968751068,0.004881677510507351,0.008820536883157199,0.021024415445725263,0.015254323283309829,0.01063258214521496,0.010460302725048451,0.016772622062389966
2016-05-31,0.000704508445897565,0.00368082523221475,0.0023622919335041545,0.0025747070159383586,0.001958243889698573,0.005584337492581303,0.003498340577069115,0.0047748371370997375,0.008858500691874896,0.020077269206063706,0.02019369288841344,0.016396747061876292,0.012154285799770485,0.016226602589105472
2016-06-30,0.0006004234959000539,0.0034332450143228707,0.0009032251371601888,0.002219234414018822,0.002490749063668397,0.005867005228554679,0.004036674259784226,0.004638533992120855,0.009163773633645955,0.018807604446677867,0.020070065413724247,0.016364280964700276,0.012143560343542971,0.01548003623396914
2016-07-31,0.0009221768408633446,0.004493905557699806,0.0023466008654059534,0.0028251557501772864,0.0026141772895743338,0.006691001100122727,0.003932764726845839,0.004622078432878249,0.008454556662187203,0.020337099437441438,0.020248440427548257,0.01635196908977031,0.012520094098293983,0.015584030873383243
2016-08-31,0.0008830739819746691,0.004470080304637784,-0.0008616981610556988,0.0006672887979229398,0.002077659847633967,0.0045957343352378294,0.005060614317248213,0.004583475575201897,0.008475963763183445,0.01965418715779115,0.019506198228865422,0.016130860269120858,0.013121124651818444,0.014431998831480638
2016-09-30,0.0008166407731966919,0.004324019851715439,-0.00207772173558579,-0.0004358770051219256,0.001361844558671506,0.0035900887567552804,0.005015792214943656,0.004627756998969898,0.008473342497524886,0.02041077535480445,0.019918284104107408,0.016273803024077244,0.013452948150647492,0.014402786444764554
2016-10-31,0.0005688940499833942,0.004128918418332309,-0.004196578833887499,-0.003999151398367595,-0.0012566468110654933,0.0008777374570635129,0.0035289758180163566,0.00442694347977661,0.00840246408668453,0.018608420011285404,0.01749112543733923,0.016015137183492113,0.011921565260950517,0.014464956789351488
2016-11-30,0.0002716261848296281,0.0033655964614902213,-0.0024854151426596687,-0.002692879123636324,-0.000938226431076036,0.0022067326913350963,0.0048015523739257104,0.004478997627274252,0.007770714334418672,0.017323948605202484,0.01775034488064335,0.01605045064370668,0.012189233642327728,0.015904047302621516
2016-12-31,-0.00043785223084034296,0.005153925346547333,-0.004480818787881695,-0.003921072160874944,-0.0022972510514201526,0.0012966411872240378,0.00849205754880698,0.004186182129308926,0.007928121648346184,0.017219482483040227,0.0179436584958441,0.01664683663947174,0.012762793897701406,0.016896144071487793
2017-01-31,-0.0005424695172848679,0.005515313816610821,-0.0060022830738256094,-0.0054087727672830176,-0.0037715046937090418,0.0016684811435226452,0.011018142184500016,0.0041846250538669465,0.007400349336671754,0.01602890239887189,0.01677899039426097,0.015889931403656053,0.013076170304460387,0.015616398807351186
2017-02-28,0.0006717095802864867,0.00385432596492138,-0.006942521694995752,-0.007215764450287592,-0.005619578150873016,-0.0011948261181724,0.0076213922810772885,0.0031560376979383295,0.0069211185823219905,0.015339844953129638,0.01524696992730716,0.013738099306192226,0.010856412239344913,0.01609793065327402
2017-03-31,0.0006622887116315999,0.002335794367126731,-0.005950001775710014,-0.007026959250778074,-0.005780292407814253,-0.0010496871730015275,0.006098168598478888,0.0031577351451594197,0.007327145426943044,0.015329232117474105,0.015396543614624338,0.013521221895655468,0.010905874986782397,0.015922205684309996
2017-04-30,0.0009962937128723747,0.0012340206099037403,-0.0039318793928856755,-0.004477868354065142,-0.0035821144987357896,-0.00045917409563153857,0.0036809688177401705,0.00308276562297494,0.0069072450744641686,0.014576127508904893,0.015018747693459195,0.01417177442087605,0.010820730470443985,0.016162097191471964
2017-05-31,0.0013603738545993683,0.0003146023596870004,-0.0013960209296224096,0.00022272999623886418,0.000958240671695759,0.0013099120943640414,0.001931574345844414,0.002927909251198418,0.0068882371708636906,0.012780529610707532,0.009711789340490207,0.009781190267651589,0.009779562111590067,0.016562517000488323
2017-06-30,0.001291844938426326,0.00013749523135121906,-0.0010744622942837458,0.0011363406344026676,0.0020379048431531928,0.001015343023148306,0.0011574138578219634,0.0028255017207459354,0.0071470948726817364,0.01309375381644109,0.010826400618044948,0.010863351696009028,0.00964492902827435,0.017521209252840158
2017-07-31,0.0007908165506674996,-0.000771089393117049,-0.004333012933810032,-0.00027188987417414603,0.0009133921476549761,-0.00013400995331450084,0.0027987400387505666,0.0031149194195756627,0.0071756916346037225,0.009106953354502307,0.010433863012614107,0.011566204286085426,0.008386044980730391,0.017210006213222166
2017-08-31,0.0004888271879773951,-0.00030008366306984803,-0.0023408772011783655,4.0123646888373504e-05,7.08004117823775e-05,0.000817876027534381,0.0030766968865129952,0.002851942890435812,0.00722766330010193,0.009268734254387139,0.010337324487292176,0.011588849639321722,0.007751576008396387,0.017138349523066615
2017-09-30,0.0012439039734022975,-0.0011703272875063433,0.0008548469173913226,0.002158885750739028,0.001300306159569706,0.001607756956637641,0.0004656657601368105,0.003205831846477157,0.007335376259631933,0.00916521327382892,0.009963865448979804,0.011721249043962923,0.00747618654485934,0.017799494081943448
2017-10-31,0.0007092204527782612,-0.0011583675613596122,0.00046009716239248447,0.002313861507056821,0.0019669790908849205,0.0019052088941312075,0.0019278814538861544,0.0034872338440857372,0.007347997145985913,0.009335775003262419,0.009736889563305108,0.01096267269232197,0.007145711692986723,0.018011056397299392
2017-11-30,0.0012414074248787163,-0.0020716125893443563,0.002914105039269179,0.002900955116077184,0.0025943300660367864,0.0011567354881288157,-0.001254147386120659,0.003510412422984673,0.0071503927701677674,0.011307159283890068,0.010287783945262008,0.011205113137332077,0.00645910935518443,0.016373119089640214
2017-12-31,0.0012258645380434409,-0.0032587398842439477,0.0037104664310498698,0.004706496919008586,0.005014346882247758,0.002017579904450529,-0.003008690864947188,0.00352981348970287,0.004712586868417871,0.010246208802044743,0.009018282892828439,0.009788473956990484,0.005285553135612922,0.013211291688008999
2018-01-31,0.0009399094831514229,-0.002483091691977783,0.0032549649681280104,0.004080008890849787,0.005457934753670784,-3.578590277554137e-05,-0.00366946382059904,0.0038558342275860093,0.0055024403262228004,0.01065798305531444,0.009696395002177501,0.009446418720484148,0.005120514894671642,0.012264139580920598
2018-02-28,0.0011027830737035862,-0.0021236333134626397,0.004036635622757692,0.005416207382573095,0.006567953547577381,-0.0001501203871594471,-0.004022351971036114,0.004055949689649364,0.005578374902844027,0.010615243077611828,0.009477412427983271,0.009532515379226489,0.005335996386269516,0.012616689266689135
2018-03-31,0.0015354122247759686,-0.001930488407198966,0.004466936759059639,0.005632506473557634,0.006284200963014935,-0.0005938273090281898,-0.005430025624965054,0.004211873679659446,0.005402756051343317,0.010512531960808045,0.009500078669915878,0.009465151331414654,0.005257631242073336,0.013130380002010878
2018-04-30,0.0014092526609449441,-0.0017922500724027355,0.004252172938973208,0.004837004500529,0.005076331028536419,-0.0005728453480584447,-0.004679348287065489,0.004213114057582379,0.005412557972382156,0.010592354702313088,0.009728598509321257,0.009557035800349169,0.00526660086765564,0.013035594304417244
2018-05-31,0.0012170699222649817,-0.0008533006105341786,0.003845647937082268,0.0029679266729562208,0.0027092435836365246,-0.0009600422860626747,-0.003084636375819892,0.004226786333964515,0.005839501432858104,0.010709570466559452,0.010106459972451205,0.010281134129083176,0.004941675207992386,0.013342545791076538
2018-06-30,0.0013506719318731105,-0.0003449806483099427,0.00396591038546373,0.0020404681184027934,0.0018157809277748722,-0.002161761527032349,-0.003565349426036936,0.004374987890773435,0.0051760373688084695,0.010820008069853294,0.009097355131417791,0.009301948649017141,0.005490847376438579,0.014181082977930862
2018-07-31,0.0015841787893863164,0.000264575004049773,0.004006930400181562,0.0023963096972866283,0.003135023416014746,-0.002386029107658862,-0.0046675710598527605,0.004159855897017183,0.004874687863394497,0.010763839308987371,0.008864625257679481,0.008277499595336451,0.005331489543436782,0.013635477562380526
2018-08-31,0.001438243885083361,0.0001965879369036889,0.002612290406136882,0.0028545235277562934,0.0040380731398088725,-0.0014412360578784755,-0.0037890674114047494,0.0042046755611304274,0.004838335308663307,0.011094817268914032,0.008804336921605461,0.007910295281128028,0.0068095747445644506,0.014324186717536472
2018-09-30,0.001431275668965757,-1.1279206190042216e-05,0.002882819258278007,0.0029806609581213093,0.00400452719384888,-0.002285619917065016,-0.005482708777667509,0.004195224853363707,0.005205127552260714,0.011539010424629698,0.008959438034306016,0.007887173840410568,0.006766709449858395,0.017085962834286615
2018-10-31,0.001634915832338489,-0.00037468159101903214,0.0036244808498084435,0.0038641978887709143,0.004770504987224704,-0.002003879802832545,-0.006894113113339074,0.00396898018575724,0.004889220565768262,0.011242204615861003,0.008031422614255072,0.007224971411346053,0.006763559344683865,0.01615352192281102
2018-11-30,0.0006994980914520641,0.0010254547019836935,0.0010437724964436736,0.0032779299195284974,0.004044080662191613,-0.0003264902538716325,-0.003492592759441144,0.004560383898554325,0.005594065070212581,0.009566321569182678,0.0073968971275745,0.007091531095776347,0.009846057200400826,0.01928617276393249
2018-12-31,0.0008718522332283162,0.0005499806396693089,0.0008791585036586376,0.002522220288745939,0.0033634722828316693,0.0003591341459648484,-0.004406931341442033,0.004450252672444315,0.005800105810854207,0.00969719579973585,0.007286733840973265,0.006557967621960496,0.010109270532672973,0.018749071811671566
2019-01-31,0.0013709776937268344,0.00022782901975949987,0.0021084522554939236,0.004746542142604739,0.0043175601551134,0.0022472230059738998,-0.005883116027419074,0.004117375436503299,0.0055379518653916856,0.009412325278298645,0.007632039916717232,0.007015531886236396,0.009919927641787635,0.018251080265463477
2019-02-28,0.00122288695935517,-0.0009335536345962857,-0.00044680925960991256,0.0017209893680681376,0.0022487027226051675,0.0006366197395067807,-0.00463344988014088,0.003946339733771098,0.006714527454417171,0.011627471381932932,0.01116554434692265,0.007734249145003477,0.013111357881851351,0.017904204984820368
2019-03-31,0.0011501636697415607,-0.0007210767846900008,-0.0007061907345116431,0.001013418976672045,0.0020483451798063382,0.00047029601830693635,-0.005033612518965426,0.0038721086363551023,0.006598137589032743,0.011540943514710082,0.011017939969728446,0.00763641413465723,0.013162848510957687,0.01826737444249582
2019-04-30,0.0011928020885848918,-0.0006159295689502513,1.3964951084135627e-05,0.0021229369323943477,0.002973360992608618,0.0004130982010534106,-0.0063569862172063105,0.0038692456335368552,0.006608888676698141,0.011819589087341488,0.011344743848701327,0.007742588473940147,0.013158962081168764,0.018604866716073674
2019-05-31,0.0008947293463388897,-0.0013351840690725113,-0.0004522244418424404,0.0028388826650374553,0.004051507223132665,0.0004459226502266716,-0.005681932734995887,0.004109480910409457,0.006202721630211028,0.011981273526277708,0.010827985760246862,0.006008959935239333,0.013160605960313479,0.019307374823485737
2019-06-30,0.0003961341299503299,-0.0014523185755062583,0.0012433886813430514,0.004005972425072763,0.0024068761951800467,0.003261636644602571,-0.0056298635216698424,0.003717280833754123,0.006273352277351083,0.015177867147461008,0.011956331803044187,0.007676179477490058,0.014081622489118269,0.0192418150295666
2019-07-31,0.00033308528206407663,-0.0016066540270267872,0.0009199906507985986,0.0034806496326154884,0.002788753035125961,0.002329699889125641,-0.004871603824841496,0.0037445359410181664,0.006220980942115949,0.015461937624966527,0.01233038834400971,0.00788116433832566,0.014681249112723182,0.019471785605377052
2019-08-31,0.00043704512423947374,-0.0017416587206565378,0.002112295121056906,0.003659629230358969,0.0025587795698767996,0.0012530910456726124,-0.005953842469290215,0.0037353438485402835,0.00614793910091383,0.015309924572379374,0.012359062531171621,0.007819347266184308,0.014340522486349908,0.0188551954709397
2019-09-30,0.00019578506553878793,-0.0010943049946857833,0.003716181507957061,0.005155413817034801,0.0025214013246086797,0.0033239882697655627,-0.004567057415346599,0.0033763226182410557,0.005672976351752727,0.018242048380745453,0.014571036661916179,0.007787753967423622,0.014885181129896714,0.01675728717933265
2019-10-31,-0.0003953197435117952,-3.276245802729937e-05,0.0010173426979158441,0.0045582593021048475,0.002547052352387121,0.004659757315224048,0.0008443979737759235,0.0042016073869686555,0.007215104478776361,0.020525652266878313,0.01491985854680961,0.007789963676015127,0.01522387595742235,0.02513798045182859
2019-11-30,0.00032773396786950267,-0.0012778264052608192,0.0009336059973858888,0.003915589924462546,0.003168513065171691,0.002289614263550097,-0.002145875245241054,0.003693093498093119,0.006347871756998795,0.020563156253501882,0.014937991091540946,0.007972763974001373,0.014314691900792475,0.0234063871942413
2019-12-31,0.0007480241493351567,-0.0018059060166686276,0.0004563747925113738,0.002934224320719577,0.002692048685779756,0.00035787969288011604,-0.0035862134425333585,0.0038349716259286726,0.006867052052197212,0.020829898866513846,0.015635947806905193,0.008054782269363377,0.015070958386758941,0.02373777212629993
2020-01-31,0.0003973511733060179,-0.0019067338693360845,-0.0009108426310920474,0.0004050156541072318,0.001065148788375393,-0.001074728519081452,-0.002043906891813315,0.003950873895978609,0.006803712256481717,0.020911094658620556,0.01542328771535011,0.007852023811429316,0.014706308001233011,0.024004739806187145
2020-02-29,0.00016852172319005765,-0.001803827098602267,0.002613185575597575,0.0038770608185829656,0.0017651034765662403,0.0023202519926873093,-0.005705609724352111,0.0037551482944448464,0.006627560127198035,0.020433634093196797,0.013792254888476496,0.006955367086509503,0.012112431252195601,0.02719650373127722
2020-03-31,0.00030608748400555913,-0.0022992194634387894,0.002610829804038333,0.003979050447741623,0.001449587889189017,0.002188837859767377,-0.006485363726192155,0.003949767602174803,0.006931716197725238,0.02043378709828054,0.013759356263636812,0.006911384065867154,0.012197534922088872,0.02784141903536365
2020-04-30,0.0007282629198234303,-0.0031029207202584327,0.0047588668520668585,0.0076176394650634026,0.004485750199161764,0.004564405650229219,-0.011580762039509298,0.00430729314804026,0.007123820881095352,0.022331961541857088,0.020146175499728296,0.014406321190125509,0.01448841343874557,0.03484401577213313
2020-05-31,0.0016989517961793993,-0.00345887121114279,0.003638855052301682,0.0058991421329431465,0.0041412129820586315,0.0008275620883369626,-0.013195133521923893,0.004527480192595113,0.007168917364216601,0.0232812096744791,0.021724717940629638,0.014575798168604432,0.020116239614280773,0.03387966128479743
2020-06-30,0.002140806840515305,-0.004745443166293537,0.0020696845455748752,0.004307308387066965,0.005264324751390246,-0.002929526152219778,-0.015521198885530935,0.004654199951780003,0.00878130154390766,0.02162156922620264,0.021250579987351734,0.01362329964332461,0.019841198983546946,0.0358582043934634
2020-07-31,0.0026433744548967283,-0.0050463300624633564,0.0029430575267807182,0.0035134376935387554,0.003677958298252893,-0.004202599412155649,-0.01695688202663556,0.004550708192303405,0.00868439178561167,0.02115560673544553,0.021893262115875414,0.014277401264234515,0.02088805898378453,0.03531665285028148
2020-08-31,0.0024819485925082567,-0.00586598214470114,0.005498433235669051,0.00486128437051198,0.004379133819010196,-0.003713252715518056,-0.019657230656767537,0.004658765755851644,0.008568170954808246,0.023405624341814518,0.022578116636549277,0.014458767186073824,0.021051886828061004,0.0352993745830078
2020-09-30,0.0016907144094050917,-0.006068127616912426,0.0009424349633869736,0.0014758635595556614,0.0036503266835709804,-0.006328348498393026,-0.017760405421786984,0.005203895356449546,0.008484236858920224,0.021153800672007696,0.021202431625828407,0.014460174289924332,0.020000158764251486,0.0357917380741489
2020-10-31,0.0023014699076862153,-0.00849879662869236,0.004510010617407138,0.002411908302189045,0.003517022774349557,-0.008241945596063402,-0.024448505856412835,0.004240628630632579,0.005865218928119573,0.019189332874000535,0.021059908565136704,0.01447103460552872,0.018782686024572677,0.026039953509284616
2020-11-30,0.0019858795636481744,-0.00792479790648016,0.0037044417194090997,0.0015973259340250137,0.0020662777798932733,-0.007564610008432642,-0.02248787190468193,0.004421662853444539,0.0066516461041886835,0.019948381660531075,0.021348961113127708,0.014772422992521964,0.01903335897832557,0.02836149342811383
2020-12-31,0.001502277580397893,-0.005929432035107662,-0.00014592868038622366,-0.0035978434662832857,-0.002852506764081029,-0.01019521373577578,-0.01984971766397465,0.004471650209706715,0.008949423716686063,0.026725670917901276,0.03063737133644062,0.02331386644850458,0.02216035899824858,0.0303723040450333
2021-01-31,0.0019844618627856535,-0.00610909436401286,-0.000132677027960031,-0.004078674966862886,-0.003653884709912663,-0.010812103730066684,-0.0216088972080935,0.004284082591836082,0.00880778737334597,0.026720614015815894,0.03083117486285949,0.023631534715395405,0.022120171789460387,0.02905468426555726
2021-02-28,0.0026322136255572076,-0.004855027953059423,-0.0009866412241428207,-0.006588923511353158,-0.0051614315573254325,-0.014498845505710296,-0.018341229253943474,0.0048283233125598546,0.008996961221162048,0.026197272799985512,0.03020708252741047,0.024162598240950146,0.021728289025921253,0.028218241133605333
2021-03-31,0.001070433697023251,-0.0017324899111196904,-0.0027648619096213886,-0.009076678441510555,-0.008020656670787616,-0.014643918866163704,-0.01183270282818083,0.006395832209223526,0.013069154568858163,0.026740509038212967,0.030796727758143454,0.025416336812789785,0.021670296133186814,0.03340338883601722
2021-04-30,-0.00044790156424115137,0.0013792901510905318,-0.006267651698845757,-0.012415484491148349,-0.009358680757588842,-0.01368173611539951,0.0020778537851461366,0.007169038533085958,0.015402300907624672,0.024127277397930663,0.024821518510033017,0.022623041205754788,0.023942130481959013,0.03737037136893741
2021-05-31,-0.001409896652513882,0.001777803007480769,-0.004401558127764046,-0.00986120454210837,-0.008136314065598386,-0.008983909839285735,0.002799516755379549,0.006697823973557743,0.015248150449675757,0.023812306650856544,0.02540772820835502,0.023307852281713965,0.02304964126061554,0.03734155888731351
2021-06-30,-0.00233767888280052,0.005328073382460566,-0.004941084452644938,-0.009598005835897119,-0.007900105327400755,-0.006460545600850422,0.011168498975110528,0.006374973727507883,0.014403112211728656,0.023397387017086553,0.02555115794786754,0.02341721973735346,0.0231223272528004,0.03420967735308304
2021-07-31,-0.0016587454993926378,0.004154717589508093,-0.005787766412480944,-0.008790819754835755,-0.00723181376937242,-0.006513249351838831,0.006939137560504703,0.007507180363018703,0.01575327940758448,0.023493095017662054,0.02545365986896868,0.023456286568487854,0.02317295867978883,0.04004747149319459
2021-08-31,-0.0018544170871163097,0.004180480388854165,-0.007948344493584497,-0.008008502750622424,-0.004681585020762813,-0.004070494732869113,0.01054748987483701,0.007525607539059315,0.015729594422501793,0.02009262199039232,0.026624542974091215,0.02707876907057295,0.025925983909564135,0.0378861462606061
2021-09-30,-0.0011966052246408817,0.004377409813387519,-0.005820865788599391,-0.007287153066734816,-0.005046674554321596,-0.003437881958519358,0.009991575045941312,0.007496653035470174,0.015633256249399336,0.02073253263207264,0.026712651050314735,0.027045067983685837,0.025776637528876933,0.038085315103809705
2021-10-31,-0.0013092808620029292,0.006488193578215407,-0.0075042646386527,-0.0088799761085285,-0.006703333098594687,-0.003007769922155278,0.01358212631075601,0.007506315091216767,0.014478688602450013,0.01977949357345739,0.026507778163348848,0.027202409140077145,0.025746510558712955,0.03702614262000602
2021-11-30,-0.0011905558152395298,0.005371315889448534,-0.004445838228406929,-0.007059936325570618,-0.005012692249747261,-0.003459766551905786,0.011135920490653387,0.0075051924061764795,0.015260300559629255,0.020878656395812857,0.027181576383679483,0.02769323272607163,0.025687129543655284,0.03768457799633042
2021-12-31,-0.0008796524949906342,0.00511596639282482,0.0022409155710017103,0.0015813022426817275,0.0030483132711698682,0.0014152203607334247,0.012014414951181107,0.00756468403991406,0.015141118882995337,0.013300424369101898,0.018928335387562386,0.023994445624926017,0.02192648535398175,0.037909586008675764
2022-01-31,-0.0017095669680880457,0.006676052244298604,0.0031687363639742333,0.004542701220393751,0.006412403939290952,0.005995159279752267,0.01745125739207417,0.007637277338803665,0.015450816020582923,0.01279260841810258,0.018343740736993002,0.023819980670280377,0.0242818008730218,0.038990074672422805
2022-02-28,-0.003747011563554095,0.009663136225636882,0.0019561971056988423,0.006374686740712224,0.007445585186232837,0.011568393557796888,0.02702379484769954,0.007576624882594548,0.017989534025085494,0.012860401429076875,0.01746107038673715,0.022760167409562517,0.02219337129399809,0.045905369207304675
2022-03-31,-0.0026583711979660924,0.00799360837062102,0.0044922841729994395,0.00879465311477715,0.009769600793586422,0.011763201417140183,0.024706184957728652,0.007099498395046384,0.01696994120837124,0.011014403338088018,0.013650930568976365,0.019343027701073778,0.022020455592996042,0.04553519034989433
2022-04-30,-0.0016122344638071732,0.006181624256751316,0.006425333363515703,0.008442378163417306,0.0069061050126539665,0.008769492292189646,0.01758911731979865,0.006503372677358879,0.015722105956623416,0.010624599288916126,0.01353474631966797,0.018731159406929765,0.02004168126237521,0.04124304102166968
2022-05-31,-0.001815175721249988,0.008408288284522796,0.008712368795975107,0.010410724238431231,0.007848600982345357,0.011405388551656181,0.021828749785125546,0.006607780858650799,0.016417530884758204,0.012423029328937806,0.015300288372881683,0.019200536823184015,0.022539025609975578,0.0424728801164535
2022-06-30,-0.00169475232987159,0.007437456541602356,0.010437565872254832,0.011724843659729601,0.009555696207100351,0.01197009792342596,0.023153363650403002,0.006550313076075342,0.01590160725350281,0.01378843509426368,0.015430387819049618,0.019665808939328403,0.022531591342134234,0.04349427288903747
2022-07-31,-0.0024899632215396373,0.00906982471772844,0.010884660670022488,0.013448275302995673,0.009438726179629275,0.016702358302863155,0.026831378727879274,0.0050541460688638025,0.013911027305829913,0.013029958527961582,0.014236295218708016,0.019746745751736898,0.019290019643512533,0.0368824581090477
2022-08-31,-0.00259542557908234,0.00812191418333529,0.008409301843669347,0.009657653468829111,0.006884434150777074,0.011646336796534611,0.023799690730305207,0.005092009023041447,0.01554201059821302,0.015472381522422128,0.014883226004431508,0.01689369677760436,0.02190965620587672,0.03985685241951655
2022-09-30,-0.0025581805466209657,0.008508732572476224,0.0086180334394311,0.008921169132827386,0.004985193292439769,0.01139222737018175,0.023663650735732993,0.005131105953153026,0.015335209391365203,0.015534760532493195,0.015622878144560074,0.019415312592697465,0.02214370094689683,0.03996873198321521
2022-10-31,-0.002134518484580564,0.008140994722475604,0.010297060368759546,0.011679644729728524,0.006850642934432341,0.01272791063119042,0.021489839053157326,0.005340286611391305,0.015334762018118678,0.014855593124414727,0.013942957854647128,0.01801232928527658,0.02172235981016309,0.04070040965955544
2022-11-30,-0.002383581562920838,0.010582127570721028,0.010516527768414698,0.011943557333413702,0.007207107100950541,0.013389117989020144,0.026235366671948614,0.005332035781123196,0.014435750481444604,0.01501561685458947,0.013980738521320698,0.018156406321802862,0.021322191161044578,0.039809891825434505
2022-12-31,-0.0027974636189509617,0.01049443128117778,0.008052922166760585,0.010416711217566328,0.006751908181763937,0.012750909856356544,0.026506351151392174,0.005137168720758278,0.01444137835612806,0.01550906462539626,0.0129178734588281,0.017407914062605355,0.0215012304401788,0.03981713405793188
2023-01-31,-0.0021749185339004352,0.010091875248189724,0.008294709216020331,0.009979816545601363,0.005156187221117807,0.010630361596408974,0.02280236759690001,0.005048880447136329,0.014278332520520562,0.01542384618746591,0.012745584813405408,0.016562382004671486,0.01950858306553347,0.03905065704189312
2023-02-28,-0.0009662023618298186,0.005470258515193903,0.004393513056023071,0.005119345405559797,0.004383569171819552,0.0043187047811440475,0.013440777503583606,0.0031420265796158206,0.012941934772184478,0.023169766784931278,0.02147482741115549,0.01746292570958598,0.023097951574662597,0.0289981477318394
2023-03-31,-0.000894405398293311,0.00430902912198032,0.004475466839115151,0.005347124643204598,0.005384006125918532,0.004900149772499328,0.011293515902800836,0.003185158304688268,0.013257231453916885,0.023194961478250585,0.02142601886810243,0.017166455854330666,0.02292502540571999,0.029526267395483335
2023-04-30,-0.0002399725560105565,0.0033372497940478206,0.003803988519335525,0.005892028386753372,0.008705465254914101,0.004067580298470291,0.007267008062860649,0.004171619927705214,0.013504370261582464,0.022976384022109213,0.021654085683754907,0.01873480923924203,0.023099969316891646,0.03382610983385441
2023-05-31,-4.5477159597137554e-05,0.0018879430439604483,0.0013811158554737706,0.0037997449197094218,0.0071625054949618835,0.0016598448160141585,0.003753164549577961,0.003924578473972891,0.011758632185123059,0.021494305888603994,0.019931593353161903,0.018326161359042418,0.019782188694176184,0.030275925920716852
2023-06-30,0.0014086368979903225,0.00010286055367204489,-0.00038972829766704487,0.0016868680474783316,0.003985950308123809,-0.0010994867168133686,-0.005736538802592706,0.005339828584204252,0.01204271159352426,0.01977998769972809,0.019353509931046772,0.018483129407558238,0.020089028650574842,0.02856064712675819
2023-07-31,0.0007113125955342711,-0.0006569292234720833,0.00042761787402677097,0.00024684110161103326,0.005551984072799162,-0.004667499626181937,-0.002908603883942231,0.005631128004246825,0.012240443479272715,0.019661363392955093,0.019034378669100748,0.018568271705303976,0.017814386162865545,0.02878938512595357
2023-08-31,0.0012724447791496157,0.0010346096778119291,0.0005331262373431105,0.00010745828165411332,0.0035393264569919427,-0.004243977854932541,0.0009326421095231507,0.005355882771993473,0.01056409259844766,0.01955604519247949,0.01914971704486109,0.019153590214418745,0.017315970902572336,0.028298073283832725
2023-09-30,0.0009189853923663754,0.0015269234261816598,0.0005664276272840067,0.0031057616768353454,0.00846263062811623,-0.002034297994590134,0.0021651510358011512,0.005402564264780397,0.010802549866972566,0.019581410532976583,0.020344243460588697,0.017992006856026425,0.01836909389951871,0.02823493230187264
2023-10-31,0.0008028165341939239,0.0018252844054009662,-0.00025198761738684153,0.002737964574879445,0.009075736103244239,-0.002412125012629844,0.0039126695475660755,0.005378881960641438,0.010989239366536275,0.019174591378262884,0.02007682775879427,0.01795920718940566,0.018059339314739024,0.028539507361322512
2023-11-30,0.0007541364745066916,0.0008727619025443133,-0.00138183933468822,0.002498095619308036,0.008685344785036105,-0.0011799534917028194,0.0012603969169200718,0.0054247139051358815,0.009797584650238151,0.018134322337376507,0.0199307097498535,0.017848715108508786,0.01909229589783419,0.02566661639441037
2023-12-31,0.0014224952791374445,1.8268963191894656e-05,0.0004099865435070499,0.000352722317346115,0.004871352060551843,-0.002542985580678517,-0.0026885389835460596,0.005439107779479305,0.009449824284159605,0.01844826825388335,0.020360150407462717,0.017521951152864975,0.019292347997928186,0.024640289286864313
2024-01-31,0.0017172154454015924,-0.0015207875258043348,-0.0022819162687804555,-0.004482410287511263,0.0022771164431470998,-0.0064153283799335,-0.0038725208150724947,0.0054853403698134455,0.008569068650599525,0.020062989392520544,0.023873292080190227,0.019726812745801,0.019752188638219807,0.02431910850174493
2024-02-29,0.001698207726807993,0.000498820422950462,0.0042586097742985515,0.002253597252193883,0.005342559242228512,-0.0013562108050310538,-0.003520333823392211,0.005493131657814941,0.0075544982264114475,0.014273880376367058,0.02118173316795159,0.01913126792090828,0.017607083569466758,0.0243388876961149
2024-03-31,0.0022133892886952076,0.00030283056133303493,0.0050206903000562944,0.0031142131578816017,0.006171427553869559,-0.00293730994450339,-0.005502743015690414,0.005731259952167202,0.007747731932169321,0.014922646237102946,0.021396340247020678,0.019384774656751046,0.01813932363599965,0.025594591546317522
2024-04-30,0.0008538245657326735,0.0010425100529442568,0.004011174079327281,0.001987917936510259,0.00321285453530233,-0.0022393807581046065,0.0010825203922958427,0.006045849788757729,0.007604610402992099,0.015184089630748512,0.020941033400803104,0.01721552874523016,0.01821604989735444,0.024397648128816757
2024-05-31,0.0010502348666226776,0.0003608969110436152,0.0035398509324269106,0.0016503722319218418,0.0031411341851340234,-0.0027730730107114326,0.0004960250796222581,0.005921863455431934,0.007297999159526188,0.015388601672846109,0.020868122265241377,0.017217493463256878,0.017736571238388097,0.024139208833272065
2024-06-30,-0.000314962070145924,0.0010777970207847022,0.0033075240698535392,0.001848424258925351,0.003938121825651882,-0.001527571302872544,0.005790957446739869,0.004498282831461035,0.006399404337176756,0.015333055527366683,0.020810387365453896,0.016543990851172613,0.01705830976929791,0.017334284840916103
2024-07-31,0.0007336777772182249,0.0018731518448233265,0.0035053847816113423,0.002787328935498089,0.003360468490400012,-0.000511098036107859,0.0024814851510656577,0.004711426126121931,0.005766732444264943,0.015334183246302613,0.020787805121766628,0.01623744741486621,0.016657169946202904,0.01915896157823394
2024-08-31,4.8513695908829214e-05,0.0020200042020753445,0.0034029602631493786,0.0029495680092545724,0.002302514629101557,0.0029358748960344717,0.003949360982453389,0.005109255145641295,0.005736494070740067,0.015485709075409715,0.020642249075239684,0.017715265194767987,0.016339476780856312,0.021092770562848175
2024-09-30,0.000611685626185886,0.0013721321470718268,0.004140964150414732,0.001988026244209779,0.0002501506102561615,0.002301959928494702,0.0025627559666220267,0.005271728950299292,0.005301773995962349,0.016250258243230124,0.01967598240841074,0.015281577856024377,0.015845651431611554,0.02137481364278273
2024-10-31,0.0004711226159751721,0.0006931292025062517,0.004603549719623136,0.0005546600305740653,-0.0007139459856155738,0.0006976882562135054,0.0004064147591796941,0.005277935939666456,0.004613071240007665,0.01632708264133998,0.019330140507203795,0.014861933617437624,0.016057119042004336,0.02097076360326229
2024-11-30,0.0013616174662345736,-0.00014820756061945358,0.005179665060155888,-0.0004909862148207943,-0.002644183164905086,-0.0013126262371567644,-0.0012685977469056938,0.005323943714238648,0.00414515053585704,0.016583484223688584,0.018970175300727084,0.014679327943962943,0.014907283490530204,0.02062238218689394
2024-12-31,0.0017414529339883685,-0.0005689075987682218,0.004775300143374906,-0.00035472699783533067,-0.002554269286677392,-0.002724854540168608,-0.0015660658211747915,0.0057672690728343716,0.004491290187048093,0.016428502130051,0.018860920415033008,0.014601758509025191,0.016763228109898557,0.02091585366192054
2025-01-31,0.0016991588028404641,0.00034181744696701945,0.006902247182765171,0.003541042955811044,-0.00013573937016322067,-0.00015192203207409482,-0.0017022139167587106,0.005750046565259932,0.004561196846854583,0.013175441642062496,0.01230964302611196,0.012531572284137819,0.014430511832218504,0.0209405501880035
2025-02-28,0.002322382269584224,-3.969616490246558e-05,0.0061101735546590956,0.0014471172311293524,-0.0016666046221102083,-0.0025397558400105714,-0.002861037338918538,0.005897110987965987,0.004032934770296019,0.012148878532175597,0.008857985883209943,0.011050270569340128,0.013258792880951923,0.021240380469242197
2025-03-31,0.0009213993945461036,0.0004809233931017634,0.004396274743129623,0.0009377689763768789,-0.0031434442531444104,0.001530756510954596,0.0022655956276829534,0.006537006941284583,0.0032904609694531547,0.011342209757303733,0.008310009945592388,0.009536195238561897,0.015648701294508068,0.02128112475476935
2025-04-30,0.0008517926473851251,0.00023234825817945674,0.004034596916164098,0.00156860426885928,-0.0028933417284189955,0.004007292778364379,0.002165473070938184,0.006642753031233876,0.0031298636915993087,0.011735449804432536,0.008806119078439485,0.009643154004371325,0.018131425382922613,0.021124932737788198
2025-05-31,0.0014686452254617656,-0.0004970945527509392,0.006007083110531344,0.0017108246732374622,-0.0029316441172128134,0.0019663427377007952,-0.0017021448129355004,0.006764098546645179,0.004129519787263688,0.012039819054444805,0.008861384650753429,0.009621477214810735,0.018869932892251234,0.02417337921401662
2025-06-30,0.0021735275109152174,-0.00029368716356658193,0.0053679491614583635,0.000643708964066704,-0.0021998947728595797,-0.00085277700469721,-0.0045334633093927525,0.006714442327070466,0.004062751031421121,0.01227643889929633,0.01011423634605909,0.009802416420154702,0.022004923094000647,0.024602283557556115
2025-07-31,0.0016652375961677256,-0.00047068857638966416,0.0038406196235672035,-0.0020230915539782607,-0.003946617331913358,-0.003292849884741007,-0.0034898778037676277,0.006514075826383474,0.004008579751790042,0.013454261814327805,0.012156840645162892,0.009655615412842714,0.023591271489165226,0.023913835401554458
2025-08-31,0.0024551218192340922,-0.0010375094668091762,0.004718096935529719,-0.0015873932546426079,-0.0018075966880693923,-0.006510017571354466,-0.007179422640000275,0.00601127781637074,0.0041457958979947435,0.012179166257712152,0.011808779738551458,0.006978279331295922,0.022665811882099998,0.02036415597681911
2025-09-30,0.001963140504898052,-0.0007962157290347293,0.0018841861614168401,-0.00389708714312062,-0.002964190108510533,-0.007219351004881008,-0.003915584758258687,0.006018347567210573,0.004366476856245708,0.011401932412896281,0.010886497208757989,0.006541141645548121,0.022220491893090506,0.0230087853042402
2025-10-31,0.0027047798511042817,-0.001471830681755681,0.004378370618554262,-0.0035481414078848907,-0.0038690532770516897,-0.008494593089314367,-0.0057856408488795134,0.006229777507629857,0.004588988372387006,0.015709663816850423,0.0109840025055696,0.006838527582374697,0.02282870962147851,0.02423400109450688
2025-11-30,0.0028651338029603776,-0.001537648187773889,0.004563978986806966,-0.004936627223400877,-0.0038908902530006245,-0.01157619651780395,-0.00805007034294416,0.006360041806780359,0.004611357927333423,0.015859798637999075,0.011560142188349084,0.006867139340561592,0.024628847107125505,0.025542667318728163
2025-12-31,0.001479280771895904,-0.00041169808587379126,0.0039217516756393095,-0.00276506353935254,-0.0019846594422311264,-0.006694234129716083,-0.0026656650717277065,0.0065297823742505035,0.005017228005927188,0.015848566561226414,0.012231656126804664,0.007086936431970434,0.02647520706740214,0.02892452975820305
