return_month,age,aliq_at,aliq_mat,ami_126d,at_be,at_gr1,at_me,at_turnover,be_gr1a,be_me,beta_60m,beta_dimson_21d,betabab_1260d,betadown_252d,bev_mev,bidaskhl_21d,capex_abn,capx_gr1,capx_gr2,capx_gr3,cash_at,chcsho_12m,coa_gr1a,col_gr1a,cop_at,cop_atl1,corr_1260d,coskew_21d,cowc_gr1a,dbnetis_at,debt_gr3,debt_me,dgp_dsale,div12m_me,dolvol_126d,dolvol_var_126d,dsale_dinv,dsale_drec,dsale_dsga,earnings_variability,ebit_bev,ebit_sale,ebitda_mev,emp_gr1,eq_dur,eqnetis_at,eqnpo_12m,eqnpo_me,eqpo_me,f_score,fcf_me,fnl_gr1a,gp_at,gp_atl1,inv_gr1,inv_gr1a,iskew_capm_21d,iskew_ff3_21d,iskew_hxz4_21d,ival_me,ivol_capm_21d,ivol_capm_252d,ivol_ff3_21d,ivol_hxz4_21d,kz_index,lnoa_gr1a,lti_gr1a,market_equity,mispricing_mgmt,mispricing_perf,ncoa_gr1a,ncol_gr1a,netdebt_me,netis_at,nfna_gr1a,ni_ar1,ni_be,ni_inc8q,ni_ivol,ni_me,niq_at,niq_at_chg1,niq_be,niq_be_chg1,niq_su,nncoa_gr1a,noa_at,noa_gr1a,o_score,oaccruals_at,oaccruals_ni,ocf_at,ocf_at_chg1,ocf_me,ocfq_saleq_std,op_at,op_atl1,ope_be,ope_bel1,opex_at,pi_nix,ppeinv_gr1a,prc,prc_highprc_252d,qmj,qmj_growth,qmj_prof,qmj_safety,rd5_at,rd_me,rd_sale,resff3_12_1,resff3_6_1,ret_12_1,ret_12_7,ret_1_0,ret_3_1,ret_60_12,ret_6_1,ret_9_1,rmax1_21d,rmax5_21d,rmax5_rvol_21d,rskew_21d,rvol_21d,sale_bev,sale_emp_gr1,sale_gr1,sale_gr3,sale_me,saleq_gr1,saleq_su,seas_11_15an,seas_11_15na,seas_16_20an,seas_16_20na,seas_1_1an,seas_1_1na,seas_2_5an,seas_2_5na,seas_6_10an,seas_6_10na,sti_gr1a,taccruals_at,taccruals_ni,tangibility,tax_gr1a,turnover_126d,turnover_var_126d,z_score,zero_trades_126d,zero_trades_21d,zero_trades_252d
2005-01-31,0.025522035,-0.016050661,-0.034571227,0.017661447,-0.04202954,0.0014830183,0.040139228,-0.009324195,0.020896072,0.017265191,-0.017201237,0.01974626,-0.017929455,-0.0075598243,0.026698992,0.021884887,0.030887218,0.014965978,0.021994112,0.011884291,0.032370053,0.009584273,-0.004014208,-0.03510176,0.025979685,0.023347849,-0.0028428694,0.008128225,0.037185486,0.012128194,0.017433792,0.017085752,0.0009577757,0.0015835259,0.01234098,-0.0006504532,0.043168515,-0.035122138,-0.0029941837,0.0059066056,0.0117438985,0.007393161,0.034699805,-0.008163766,0.041830007,-0.0031166924,0.0050959433,5.0024366e-05,-0.008071223,0.047363047,0.06284839,0.0108223595,0.002556273,0.001293444,0.020379195,0.03022017,-0.014745573,-0.01669844,-0.026325863,0.052479845,-0.0031114812,-0.0011831324,-0.0114198625,-0.004969997,-0.023300866,0.037082843,0.0073224423,0.021499986,0.019347884,0.009878542,0.022092687,-0.0072591286,0.0014448207,0.025649818,0.017519332,0.008504246,0.032333326,0.025614575,-0.028385228,0.023206908,-0.00028180916,0.01483098,0.03923448,0.005909256,0.010328806,0.022826051,0.04088171,0.020821963,0.010069314,0.04390735,0.045316473,0.008826303,0.017959338,0.050792217,-0.0006624638,-0.017574921,-0.015734244,0.02616241,0.023218917,-0.007406974,-0.0026232915,0.019439448,-0.00045934747,0.0068962323,0.010691374,0.020997083,0.016500928,-0.001646841,0.01625551,0.020532493,0.03920481,0.05962798,0.010494736,0.047366384,0.067907825,0.0861268,0.008582838,-0.013254418,0.0047542723,0.060609974,0.005050297,0.019409344,0.063387014,-0.020339118,-0.0104912,0.012421782,0.020018801,-0.024620539,-0.008393824,0.021989033,-0.025239354,0.0020863235,0.032264635,0.016856506,0.0034572636,-0.004913549,-0.0016447008,0.02531182,0.05800703,0.0033898626,0.05728261,0.03346811,0.00403967,0.012734514,0.014164308,0.009595493,0.021325914,-0.008710473,-0.002457403,-0.006206279,-0.0049162824,-0.027579945,-0.0008630366
2005-02-28,0.025301676,-0.017009534,-0.034349445,0.012456173,-0.03540615,-0.0015166422,0.03284247,0.0001388093,0.013751587,0.011283567,-0.013366305,0.016007343,-0.013296651,-0.006150211,0.021105025,0.023240702,0.027082724,0.013536731,0.02108835,0.0082145715,0.030051941,0.005543875,-0.0053227786,-0.034874454,0.028184596,0.0254893,0.0063837916,0.021107698,0.03401804,0.018498499,0.020429611,0.012793384,-0.0028074794,-0.0023525525,0.006574688,-0.002780596,0.03770424,-0.03408443,-0.00016977913,0.007998657,0.015911365,0.006359482,0.03581461,-0.010420505,0.03875604,-0.004871125,0.0002615727,-0.002634574,-0.009885718,0.049107127,0.057554696,0.011594588,0.008484829,0.00772332,0.015286537,0.024090383,-0.01021492,-0.0111850295,-0.023058955,0.049883842,-0.012506657,-0.004734461,-0.019705923,-0.014712177,-0.017698264,0.035649903,0.011377252,0.016403219,0.01460541,0.021219436,0.020665124,-0.0087595135,0.0026925928,0.030477783,0.019853985,0.006964898,0.034129385,0.02699412,-0.024259444,0.024193458,0.007429004,0.015063443,0.041484583,0.008162874,0.012525293,0.02270915,0.037381347,0.018617857,0.0111178495,0.042536456,0.043245822,0.013625738,0.014098578,0.048317026,0.0014457756,-0.008953089,-0.007892841,0.028416418,0.026474137,0.0008663912,0.00048096429,0.011904146,-0.0058844252,0.011788382,0.0123598445,0.019917954,0.020756382,0.002174605,0.01103385,0.012855573,0.030814836,0.060912877,0.014922546,0.058059186,0.07788448,0.085898966,0.0042229583,-0.022109108,0.011109228,0.06629271,0.0003628954,0.013314341,0.056682847,-0.014753221,-0.017999927,0.017817203,0.02179365,-0.027244559,-0.010934048,0.023972746,-0.026125273,0.0015843252,0.021668797,0.01871234,0.00019431877,-0.013492682,0.0036643979,0.035626363,0.055227935,-0.0053918962,0.05182354,0.035867747,0.0068179057,0.009139103,0.008957788,0.0132291075,0.02873289,-0.01217944,-0.004315658,-0.0024141439,-0.008364838,-0.031351905,-0.0034781897
2005-03-31,0.019928578,-0.01531445,-0.042251132,0.012703124,-0.03562357,6.977409e-05,0.033653766,0.00022129672,0.010260479,0.013273519,-0.007555036,0.015364547,-0.0061198864,-0.0034119803,0.0218054,0.020749768,0.025339287,0.014616756,0.0206626,0.0066833324,0.0241059,0.0061274637,-0.0077231107,-0.035096318,0.027407998,0.024147892,0.012960658,0.02583095,0.034612898,0.022102786,0.017952928,0.014734224,-0.0032187004,0.0008344658,0.0066039846,3.1295935e-05,0.039690103,-0.034288313,0.0016680282,0.008803845,0.014850286,0.0062855207,0.04042201,-0.0058530113,0.041135572,-0.0040348545,0.001230727,-0.0016691023,-0.008299345,0.05060793,0.057132944,0.011680982,0.007768896,0.005611998,0.012676171,0.021896144,-0.008582055,-0.011615957,-0.020810971,0.052852795,-0.010923277,-0.003336893,-0.016857482,-0.012811294,-0.007354375,0.03506893,0.012020252,0.015024192,0.013313055,0.02570273,0.020378,-0.010286658,-0.0011677123,0.031490896,0.019052338,0.0005340087,0.0325351,0.0227816,-0.020490156,0.02677379,0.01164574,0.017792573,0.04384022,0.011764808,0.016061146,0.02134884,0.03277407,0.018302156,0.011459399,0.042539924,0.0422889,0.017382275,0.012752605,0.05163826,0.0019458784,-0.0057500885,-0.004952578,0.029218104,0.02838298,0.0013534158,-0.0022767507,0.005352089,-0.010665051,0.020494873,0.01660425,0.026539624,0.021242587,0.00011715023,0.0032700838,0.0066452,0.020722402,0.0642418,0.015672388,0.06548819,0.08266481,0.07029328,0.004124389,-0.021910908,0.011567354,0.07154002,0.0031426733,0.011750857,0.052398138,-0.00851182,-0.015846098,0.016450563,0.028269682,-0.028680015,-0.0113848485,0.026766269,-0.03007745,0.0011998069,0.02648878,0.02540856,-0.00286624,-0.013771068,0.009920139,0.045005538,0.059507765,-0.00032026047,0.04911337,0.036561895,0.009336097,0.00990193,0.010183575,0.017060567,0.030050652,-0.011332314,-0.0012979637,-0.0069416743,-0.0072819716,-0.030257136,-0.0018169866
2005-04-30,0.016742835,-0.006229449,-0.03617839,0.009240061,-0.02899142,0.0048730373,0.032100976,-0.00017345551,0.011078706,0.016406408,-0.00568061,0.012617208,-0.004285922,0.0040239105,0.022084909,0.018081466,0.020116681,0.013499724,0.0154605545,0.005397281,0.018353343,0.008649805,-0.0017408049,-0.027252983,0.022688791,0.020177552,0.009487485,0.022899214,0.032135714,0.0181406,0.01650519,0.014691295,-0.006446705,0.0017920353,0.005247584,-0.004208055,0.03153403,-0.029211737,-0.00053540163,0.012110165,0.014285105,0.007790938,0.041608036,-0.0043356833,0.042239502,0.00053837575,0.005030501,0.0019978783,-0.0028377408,0.043753557,0.050998442,0.0141007155,0.008291727,0.005352955,0.0135089895,0.02270042,-0.0052248635,-0.008346705,-0.017418643,0.04884908,-0.004462842,-0.00014040047,-0.0102222385,-0.008026239,-0.005313947,0.030403646,0.009544736,0.00859669,0.0143958405,0.022650043,0.017407766,-0.009668405,-0.0033641066,0.030228024,0.020442141,-8.961212e-05,0.028381795,0.021283308,-0.025500154,0.02909412,0.010197046,0.011764437,0.03857772,0.006511654,0.009532832,0.019101027,0.027014017,0.018337032,0.01244842,0.037735432,0.03660877,0.014953681,0.0075961016,0.047358245,0.0059919273,-0.0048297676,-0.0061823833,0.022769528,0.021513587,0.00026110088,0.0035342337,0.00012682914,-0.0070967544,0.019264549,0.016866665,0.023711318,0.018534912,0.0037412802,-0.0051500206,-0.005152656,0.01185178,0.059915956,0.022224795,0.059516102,0.07497468,0.06506599,0.0070847822,-0.02323176,0.01090112,0.062317587,0.0080893235,0.012533095,0.046198793,-0.005713825,-0.0095822895,0.015016851,0.023366045,-0.019838095,-0.0095371315,0.02723429,-0.019380618,-0.0046185995,0.022365369,0.023182787,-0.0062152357,-0.0063137026,0.01033759,0.039425753,0.056441233,-0.0032937196,0.04622044,0.03346617,0.009928575,0.005428595,0.0064274943,0.011561106,0.023326315,-0.008079115,-0.004095671,-0.005258073,-0.00480991,-0.022571115,-0.00056177593
2005-05-31,0.01072425,-0.003372051,-0.023847047,0.0013649514,-0.025806122,0.0028793972,0.023818128,-0.0038961952,0.010215577,0.011226571,0.0036809726,0.010425975,0.0037475764,0.0059248568,0.015658656,0.007345848,0.012555305,0.009214712,0.013208482,0.00074049394,0.011844117,0.0057249465,0.0011792439,-0.019370042,0.017217709,0.015671209,0.00975129,0.018266618,0.02660968,0.015266416,0.010487925,0.013014536,-0.0041055926,0.0036745502,-0.00010485324,-0.0017200935,0.023921108,-0.022817628,-0.002790951,0.0118553275,0.010465186,0.009423577,0.02815456,-0.0055872984,0.030591391,-0.00083256915,0.0039395657,0.0007332644,-0.00070316787,0.030850654,0.041215096,0.009241526,0.004851745,0.0032851275,0.011985188,0.020107962,-0.0034392374,-0.004109319,-0.0105720665,0.037894424,0.004789166,0.005835874,-0.00013730676,0.0011377075,-0.007525608,0.023204317,0.0073136496,-0.00025426465,0.0121470615,0.016156375,0.009429297,-0.008952559,-0.0031776775,0.0245243,0.012938461,0.0010374563,0.021465817,0.016732503,-0.023852635,0.02196346,0.008038853,0.0034322327,0.030890467,0.0011770929,0.0043939305,0.013523046,0.020178003,0.013253961,0.007303242,0.028915284,0.028285658,0.011108406,0.0052915122,0.03527045,0.0016458614,-0.0062449104,-0.0049544456,0.016157115,0.016023692,-0.004006579,0.0063709742,0.0022532751,-0.009531267,0.01766167,0.011811946,0.017938405,0.013531249,0.005445327,-0.0035206093,-0.004152479,0.013678825,0.043751,0.016580421,0.043525036,0.06160923,0.04650423,0.003566051,-0.02046781,0.0030369952,0.04413128,0.012034957,0.01596337,0.034213282,-0.0020884692,0.0006808461,0.0077993986,0.01506459,-0.013298126,-0.0076094093,0.016937317,-0.011399533,-0.0058693695,0.020277169,0.014413092,-0.009535799,-0.0070160204,0.016578866,0.025447713,0.039060008,-0.004527449,0.024850713,0.02359465,0.007491581,0.0071576578,0.0068971706,-0.00086473406,0.016981516,-0.00197172,-0.0015843252,-0.004197785,0.00046462956,-0.012123771,0.004375853
2005-06-30,0.019739429,-0.005132443,-0.030986272,0.0033131444,-0.028842619,0.0016036164,0.028141646,-0.0007104615,0.010020851,0.013172447,0.0001415918,0.008428814,-0.0022623301,0.0039647724,0.01671432,0.012524756,0.018565644,0.010481721,0.017712144,0.0017349634,0.018056417,0.0072652726,0.0021378326,-0.028754098,0.024981275,0.023677286,0.011610151,0.019673781,0.037590034,0.023009367,0.017041083,0.013412984,-0.007736082,-0.0035103448,0.00034802643,-0.005312713,0.03002006,-0.027620355,0.002094516,0.016110815,0.018407604,0.0072179465,0.03767806,-0.010487116,0.037419073,-0.0017533972,0.0029173973,-0.0025982484,-0.0026459706,0.042036563,0.049156167,0.013923779,0.0094143525,0.007747506,0.012968428,0.02530003,-0.0052370294,-0.005351845,-0.01187541,0.044332284,0.0047230595,-0.0007092956,-0.001855985,-0.0005455965,-0.006996591,0.028385166,0.004203201,0.0024508946,0.013479807,0.025739936,0.012178252,-0.013815642,0.0014474136,0.03291365,0.01912596,0.0006975205,0.02786198,0.024397943,-0.028276961,0.026660338,0.0143697085,0.0022560377,0.040174816,0.0028251973,0.006023227,0.017389482,0.02677373,0.018914519,0.012308713,0.039527584,0.037363686,0.018095948,0.008861595,0.041788116,0.0004467809,-0.0030124863,-0.00036131038,0.021548482,0.020956881,-0.0018469263,0.0107879825,0.00047089712,-0.0075905276,0.01681999,0.018022485,0.025166484,0.020055275,0.009322274,-0.006197482,-0.0034150884,0.018657232,0.059910607,0.020591194,0.058543324,0.08100593,0.06703887,0.0011217396,-0.022326684,0.001809314,0.059633367,0.014326931,0.019594528,0.049469747,-0.0025766762,-0.0011656003,0.015600202,0.01861812,-0.020376362,-0.013307984,0.02270369,-0.015076485,-0.010651151,0.030410457,0.014228725,-0.015925357,-0.0096634785,0.02373759,0.033965424,0.04642713,-0.0066509163,0.03435106,0.025215631,0.010398494,0.00763371,0.0070586763,0.0007952589,0.025975874,-0.0095190555,-0.005226095,-0.002129097,-0.0062000356,-0.021627652,-0.0014601264
2005-07-31,0.022746885,-0.0058260607,-0.040025316,0.00832093,-0.033354986,0.0022479896,0.032825865,-0.003094371,0.011654058,0.017559184,0.0029030435,-0.00227128,0.0012703745,0.008523237,0.021105103,0.016026057,0.018918118,0.011864305,0.018952293,0.0018111812,0.013943339,0.00543185,0.0009303432,-0.027317986,0.020206176,0.01844437,0.018216169,0.025826387,0.035223342,0.02089569,0.0154998265,0.018182069,-0.00550774,-0.0039652265,0.00427011,-0.0074888486,0.0295567,-0.024919802,0.0004943705,0.019293847,0.013811042,0.005387484,0.04191818,-0.009600831,0.042069618,-0.0044197785,0.0023260075,-0.0037763955,-0.0030794402,0.04006127,0.045053817,0.01149607,0.003876334,0.002728368,0.013676787,0.025648294,-0.0040867124,-0.003103523,-0.0113360835,0.047215912,-0.000115375566,-0.0036309164,-0.0069555365,-0.0053536748,-0.0023896387,0.02880596,0.0059907,0.006545594,0.011080894,0.022232205,0.012635958,-0.015480631,-0.0016952024,0.027735038,0.014978206,-0.0011672673,0.025048314,0.021769103,-0.031450685,0.027867543,0.010040119,0.0034167345,0.03724804,0.005348736,0.0075631835,0.017535796,0.024375433,0.019477006,0.0059929057,0.040448017,0.04214028,0.013473051,0.007116367,0.044655047,-0.004827147,-0.0072887233,-0.0058158278,0.020506946,0.020105693,-0.0042488878,0.016111571,-0.0023717124,-0.00320072,0.020421067,0.01529343,0.030144844,0.015017855,0.0053368905,-0.013905353,-0.0067741103,0.010602756,0.063863195,0.023147557,0.06274721,0.08543415,0.0652613,-0.0021948733,-0.023589792,0.005669299,0.06421139,0.011415533,0.016516494,0.042690597,-0.0003720836,-0.0066464962,0.01147219,0.01775345,-0.01739727,-0.011742166,0.0245542,-0.014633173,-0.0118299,0.033944707,0.017960658,-0.017872721,-0.005697434,0.026381342,0.038783636,0.04650714,-0.009805923,0.034528114,0.024295071,0.0048191017,0.011751714,0.011216368,0.0049333344,0.023848707,-0.010772159,-0.007353472,-0.0084696105,-0.007844591,-0.021927085,-0.0028664544
2005-08-31,0.01611904,-0.0007266691,-0.035790704,0.013736587,-0.030028712,0.0043914565,0.029294787,-0.0043256856,0.011898543,0.015227704,0.0010284155,0.004895549,-0.0002539861,0.009568406,0.018483099,0.017325679,0.01960013,0.011900195,0.017580975,0.0067711025,0.008913169,0.0076601175,0.00088228367,-0.023890028,0.020410892,0.01805686,0.016168645,0.015092606,0.029985178,0.018026713,0.012923864,0.016390039,-0.0043079588,0.00010425261,0.01018127,-0.006323293,0.027775764,-0.022377515,0.0004314387,0.014395206,0.009069173,0.0019868047,0.036042262,-0.0045991726,0.03640323,-0.0034696322,0.004843222,-0.00031145685,-0.0007477514,0.038492072,0.040887743,0.012585307,0.004644346,0.002788139,0.011607027,0.024098476,-0.0021172157,-0.0005237616,-0.0071442476,0.039881587,0.001362325,-0.0017992022,-0.0048789415,-0.0034681768,0.0013110996,0.027664382,0.0074325404,0.010731235,0.011383897,0.018714668,0.012031261,-0.011920411,-0.0029231864,0.02709237,0.01362483,-0.0005691676,0.020209583,0.016042717,-0.027703576,0.023662057,0.0076694917,0.0062684636,0.029132124,0.0067479783,0.0081897285,0.01723449,0.019420298,0.016668204,0.0044929567,0.036579378,0.037986007,0.012899251,0.005334011,0.039479893,0.0002073364,-0.0053057824,-0.0055137444,0.017608482,0.015798125,-0.003572204,0.013931378,-0.0011197998,-0.0017310826,0.015243528,0.0145847155,0.025910696,0.01337341,0.003531897,-0.010558161,-0.0037742571,0.01000642,0.055893462,0.017670099,0.051363602,0.07738162,0.060557943,-0.0016400571,-0.011354008,0.0020758316,0.053852845,0.011062764,0.016512282,0.04152507,-0.0028705555,-0.003876063,0.008740754,0.021727707,-0.016320767,-0.0074049938,0.020991901,-0.013531971,-0.009959455,0.026121622,0.018940313,-0.018151846,-0.006657336,0.020141954,0.03233537,0.03775505,-0.0003243813,0.040284913,0.021555213,0.006521885,0.009149868,0.010638368,0.0063608433,0.019691756,-0.003914068,-0.005918356,-0.0066479766,-0.0009985802,-0.014223915,0.0036143663
2005-09-30,0.014464225,0.0026269783,-0.03246211,0.011381022,-0.026976746,0.0055604517,0.024807664,-0.007138434,0.0115038445,0.012367464,0.0050763017,0.013993705,0.0060956827,0.015959768,0.015604752,0.010697241,0.020274494,0.013380064,0.016828462,0.0069169914,0.0052903965,0.009180674,0.0019489292,-0.020304224,0.020231752,0.017248146,0.021835087,0.010317662,0.028431829,0.016666833,0.013356951,0.013516415,-0.004534924,0.0017167979,0.007635086,-0.0045617973,0.02484077,-0.023203826,0.00074542314,0.010621861,0.005407891,-3.958431e-06,0.029644812,0.00013447739,0.029604008,-0.0027894422,0.005690589,0.0017396437,-0.0017020286,0.037405763,0.035103455,0.010920542,0.0008254567,-0.0012244033,0.010452832,0.023635723,-0.0016340414,-0.0018247938,-0.006462022,0.03262187,0.0019973307,-0.0020650483,-0.0033680454,4.4139135e-05,0.00598873,0.022977646,0.0059803785,0.0068826396,0.011885806,0.01606546,0.008546602,-0.0126493005,-0.0043374295,0.023278637,0.011588583,-0.004240116,0.015106367,0.012682456,-0.020373194,0.016867155,0.0054601016,0.0051142196,0.022598825,0.0028838783,0.004749388,0.0127139315,0.015665945,0.01551596,0.0028501425,0.035249483,0.035617292,0.01263393,0.0066435016,0.0357582,0.00034011225,-0.004857218,-0.005342632,0.0150135625,0.013681474,-0.0050264983,0.010583597,0.0023829031,-0.004104454,0.018741982,0.012120446,0.022489456,0.010640633,0.0014629913,-0.0060174013,-0.00072172005,0.013326097,0.052214157,0.016375491,0.048045985,0.067953095,0.051655084,0.0033048387,-0.004150274,0.0051796963,0.05087993,0.0105892215,0.015210958,0.0360606,-0.0067883777,-0.0012931203,0.0062144976,0.022475692,-0.012769428,-0.0061336295,0.015143259,-0.01055178,-0.012077955,0.028218728,0.023470303,-0.010490352,-0.002926206,0.012898071,0.032106612,0.03842189,0.008890708,0.041663498,0.019271635,0.006383627,0.0124560855,0.013445147,0.0035648777,0.016861934,-0.0016568175,-0.00459805,-0.008213954,0.0010440261,-0.010998922,0.0044649043
2005-10-31,0.012746401,0.0010680303,-0.040846262,0.012471952,-0.029245388,0.0030885683,0.026987087,-0.012102585,0.01053864,0.0151982065,0.0041461005,0.0062328945,0.0062719104,0.018962957,0.017941982,0.009356103,0.021979304,0.013951352,0.017554933,0.006153884,0.005383985,0.006423494,0.0033756709,-0.023468921,0.024162559,0.020779008,0.026361821,0.01224445,0.034077857,0.02115789,0.015943393,0.015402308,-0.003313101,0.001048432,0.008302807,-0.0032386775,0.026793482,-0.027377766,0.007789673,0.0094335945,0.0047623464,2.7015089e-05,0.034079205,0.0007655987,0.03184554,-0.0042624776,0.001521741,0.0005662032,-0.0034415,0.04492486,0.03254374,0.012912392,-0.0025313038,-0.0045286505,0.008535606,0.027291708,-0.003433261,-0.002726614,-0.010257569,0.034028634,-0.0005056415,-0.0035127648,-0.0058905343,-0.00046930622,0.013442022,0.02157229,0.005969416,0.004598731,0.008155146,0.016383318,0.004864546,-0.014850143,-0.005761679,0.02686046,0.013757999,-0.007557484,0.015003481,0.0141034825,-0.017190285,0.017976869,0.0065949713,0.009280651,0.024737876,0.005992379,0.0052963723,0.009581556,0.014404551,0.013041267,0.0030478954,0.042364515,0.044065833,0.016799899,0.008194792,0.041491996,-0.003013844,-0.0049255406,-0.0054237745,0.017243309,0.0151981395,-0.010096153,0.011123955,-0.0014455692,-0.0048945285,0.027357804,0.013563923,0.027138527,0.012113921,-0.0013698973,-0.005723836,-0.00038931033,0.01454999,0.057062626,0.018383529,0.054238286,0.07361996,0.047517147,0.010617942,-0.00030659596,0.008101005,0.05924247,0.008174813,0.010829103,0.03380976,-0.008221587,-0.0032846031,0.0035505663,0.029678568,-0.01878481,-0.009990105,0.015856864,-0.014633021,-0.012394289,0.029995749,0.032697562,-0.007923441,-0.007236832,0.019813027,0.03886356,0.039084826,0.01152735,0.0489276,0.021813672,0.0077735414,0.013003234,0.015480311,0.009085023,0.020918978,-0.003815985,-0.0025640053,-0.014603519,-0.00086693047,-0.0135863125,0.0033702836
2005-11-30,0.015439748,-0.0026438618,-0.037620094,0.0106783975,-0.030884327,0.00092604547,0.02661182,-0.011396697,0.011214395,0.01368014,0.0031826752,-0.0036288362,0.0020134645,0.013435315,0.016379228,0.0043111476,0.02041779,0.010230639,0.018114321,0.005023515,0.009269421,0.010757405,0.0007450414,-0.027449783,0.018494746,0.015135663,0.021175057,0.016580932,0.033826243,0.017882176,0.015581163,0.010956425,-0.0037593339,0.0007868797,0.0078675365,-0.002293382,0.029202785,-0.021152196,0.0074510863,0.012300159,0.007979072,0.00081828656,0.032561865,-0.0030172265,0.03146352,-0.00045489,0.0035279626,0.00041985064,0.0008212325,0.041161288,0.032635026,0.01328302,-0.0025520313,-0.004616675,0.009211703,0.025753645,-0.0028367047,-0.0020784123,-0.014057966,0.03385859,0.0048430017,-0.0022157487,4.37273e-05,0.001366896,0.0026587062,0.020055847,0.0051912377,0.005802193,0.011335941,0.01584039,0.003835601,-0.011861143,0.0010241353,0.023866545,0.014222084,0.00010380927,0.018621428,0.016996482,-0.022318168,0.021268642,0.006542818,0.011661274,0.02746567,0.0060032518,0.007333401,0.00841207,0.017880648,0.011789385,0.009996185,0.03789421,0.039688386,0.015678562,0.008279668,0.03837303,-0.0052494393,-0.007453077,-0.008494717,0.016312417,0.015235892,-0.011051492,0.015332949,0.0015527426,-0.0024531083,0.020585343,0.0152737405,0.024283445,0.011818741,0.0068375063,-0.0111490255,-0.004152976,0.010682528,0.048038505,0.013533904,0.04675419,0.062504016,0.050306864,0.0014634879,-0.0035909438,0.0035791069,0.05343496,0.010140951,0.014068738,0.036214396,-0.007340532,0.0012297233,0.008366944,0.025811138,-0.01752173,-0.008136336,0.014242679,-0.017434012,-0.0045821494,0.034094404,0.024816878,-0.0075178696,-0.010615643,0.022170903,0.03087789,0.03779631,0.0066564707,0.0469009,0.02101087,0.0116256615,0.009864241,0.016718859,0.0072940495,0.020455435,0.00028157912,-0.0006155297,-0.008665857,0.0031715545,-0.009531796,0.0072862934
2005-12-31,0.023139864,-0.012566055,-0.047958773,0.015507047,-0.031880688,-0.00600907,0.028856128,-0.010259867,0.011294205,0.015548889,-0.0029594454,-0.0018267463,-0.0034888927,0.016693344,0.016673313,0.0058368994,0.016524443,0.0065285936,0.014213857,-0.00020981344,0.01651347,0.012266819,-0.003614746,-0.03266515,0.024441672,0.019107187,0.015313302,0.019424213,0.039401792,0.0140539035,0.017345823,0.007617746,0.0017516835,-0.0035602609,0.012414942,-0.005725256,0.03830442,-0.021964064,0.012110676,0.012953899,0.01292442,0.0045016473,0.04056066,-0.008333395,0.040021785,-0.0014385838,0.00067515153,-0.0020305938,-0.0023941728,0.04578626,0.04067577,0.012324189,0.0014502142,-0.0025554553,0.012295064,0.032234598,-0.003694794,-0.0005118787,-0.017587362,0.039571874,0.004699857,-0.0062415926,-0.0016924702,-0.0011206352,0.00061250833,0.0251949,0.004155964,0.010785973,0.009601189,0.023742743,0.0019334991,-0.013828815,0.008519847,0.021286612,0.013677822,0.0055336794,0.022968397,0.021716638,-0.024360778,0.026268108,0.012730925,0.01145108,0.03422098,0.007864137,0.008661261,0.010391555,0.020883195,0.011028044,0.01581393,0.04335158,0.043229416,0.021749008,0.013045472,0.044796914,-0.0045256126,-0.0018025428,-0.0052062324,0.020652462,0.019682443,-0.012570859,0.015496229,-0.00027728945,-0.0020094397,0.029368853,0.02098098,0.030256992,0.014909724,0.009733777,-0.0127996085,-0.006594322,0.007983517,0.056610625,0.014581328,0.05833918,0.072601534,0.05804351,-0.000743526,-0.0023264447,0.010283147,0.06657444,0.0141478665,0.016711837,0.04482921,-0.006151738,0.0011075279,0.011334774,0.035935722,-0.022937572,-0.011317566,0.018694686,-0.020006731,-0.007385638,0.043389525,0.018322444,-0.009631181,-0.005426209,0.033334885,0.03858947,0.053685274,0.008402894,0.053067382,0.022603253,0.016518954,0.015170664,0.018967407,0.012816688,0.025747139,-0.0041865106,-0.0055086464,-0.006655364,-0.00067646586,-0.011627224,0.005738452
2006-01-31,0.0207634,-0.01729809,-0.057260003,0.0073376903,-0.034954432,-0.012755312,0.0328563,-0.0068480005,0.0072066532,0.01651767,-0.0052653556,-0.011996406,-0.010951714,0.007882182,0.017941859,0.01004624,0.013740239,0.0021435572,0.009535532,-0.005787462,0.018708868,0.011920702,-0.008722759,-0.043595094,0.030660026,0.02459096,0.010868145,0.026861737,0.043344498,0.016153205,0.019070024,0.011039173,0.0036556658,-0.0030566496,0.0048754807,-0.0034341796,0.04129236,-0.024624739,0.017265595,0.009372622,0.018580992,0.0060759704,0.045878857,-0.00917527,0.04305266,-0.0019459757,-0.0011548203,-0.0048244516,-0.0031783844,0.051476095,0.042630006,0.011971873,0.0045238496,0.0010651663,0.012137782,0.031533998,-0.0010278042,0.003827256,-0.015445485,0.043631624,-0.00014965326,-0.01064453,-0.0076458645,-0.006773261,0.0017318478,0.025361191,0.002244991,0.0034108632,0.0074591413,0.030121488,0.0016049304,-0.0203612,0.0074234377,0.024994714,0.014849826,0.003956349,0.027697906,0.02477211,-0.018450204,0.030079013,0.015089763,0.018768078,0.03900307,0.013347826,0.014415845,0.011528494,0.021411989,0.010302578,0.021591596,0.05038555,0.05080295,0.025985856,0.018047474,0.05236825,-0.0026563692,-0.0013374034,-0.00418288,0.026901048,0.027375806,-0.01093271,0.021364244,-0.0048128814,-0.00541468,0.021393303,0.01939859,0.02840343,0.019712554,0.006820795,-0.016757179,-0.01120599,0.0045752884,0.062353015,0.015727585,0.06536766,0.082060106,0.06727789,-0.009615839,-0.01305345,0.014474438,0.07409824,0.011278192,0.013936464,0.04423295,-0.0038779518,-0.0042307605,0.014627871,0.044710062,-0.029416876,-0.014978624,0.024803653,-0.028394971,-0.0006595433,0.04608223,0.018326003,-0.008550658,-0.003676231,0.03327644,0.043920342,0.071925774,0.0036401085,0.05566296,0.033417746,0.018990528,0.015729515,0.020690087,0.015790582,0.031563602,-0.0077163246,-0.0018328746,-0.007379874,-0.0042919437,-0.01555371,0.0014404427
2006-02-28,0.02400794,-0.017207526,-0.057196084,0.017926471,-0.028749295,-0.010498693,0.030601216,-0.0008863121,0.007607054,0.018329788,-0.00633638,-0.01405346,-0.013506838,-0.002489065,0.019459661,0.02204883,0.014647445,0.0016176307,0.007938253,-0.004429238,0.015097422,0.011983067,-0.008889285,-0.04141894,0.03339889,0.026407704,0.01627035,0.021119466,0.04049834,0.012960079,0.016438404,0.00949357,0.0023293104,-0.0039277766,0.015379887,-0.007379172,0.045360852,-0.03137882,0.016245635,0.0045806863,0.014808037,-0.0004545615,0.040410586,-0.0077380566,0.042009644,-0.0043887133,0.00032301262,-0.005397879,-0.006441195,0.048749145,0.036490116,0.013862506,0.009907895,0.004856454,0.009982867,0.029781433,-0.002126797,-0.00018679007,-0.015925927,0.038482808,-0.008289535,-0.020976951,-0.01629575,-0.01433846,0.0028559724,0.024595538,-0.0052189566,0.01554142,0.008149502,0.02859558,0.005289481,-0.017486935,0.004953919,0.023227708,0.017742788,0.0070887096,0.023764223,0.020666592,-0.013518262,0.023451159,0.012761346,0.016534062,0.033163417,0.008998815,0.0072503737,0.0118117295,0.017412584,0.010414973,0.02023932,0.04871138,0.045740508,0.025082454,0.022541862,0.04934483,-0.0025984484,-0.0018549011,-0.005852877,0.0254003,0.02730429,-0.004805895,0.017518055,-0.008518918,-0.0024061827,0.021954581,0.017249726,0.024000648,0.020058654,0.0096115675,-0.028202135,-0.021522602,-0.00092419743,0.06948858,0.015986426,0.06305822,0.07215615,0.05903618,-0.012388963,-0.008424209,0.020913778,0.07349674,7.802188e-05,0.002045648,0.03523554,-0.008096102,-0.014185553,0.019154841,0.04385192,-0.03045019,-0.0145298615,0.025239205,-0.030336786,0.0021799915,0.04838293,0.014045424,-0.0063951793,-0.00078183215,0.029117506,0.045773476,0.079151966,0.010588963,0.05930812,0.039171148,0.01947964,0.014540993,0.020360887,0.024158513,0.031082422,-0.004870823,-0.0055892924,-0.0029533282,-0.00083948555,-0.015180451,0.0036363911
2006-03-31,0.022506889,-0.007707621,-0.05403831,0.021012237,-0.03089846,-0.0012237196,0.03649293,-0.00019490681,0.013485331,0.021243727,-0.0062341,-0.017448395,-0.008026915,0.013885205,0.024081359,0.015480884,0.01527309,0.0061209006,0.014009143,0.003900439,0.016660538,0.013206226,0.0006810858,-0.03153148,0.025310911,0.01803228,0.0072670826,0.030876514,0.036268927,0.011621599,0.019849187,0.015125106,0.00030730412,-0.00057698996,0.0176505,-0.010997179,0.042079855,-0.036264487,0.01279127,0.003420934,0.01000071,-0.0052852933,0.041860446,-0.004072108,0.047541335,-0.00297085,0.0032102184,-0.004241814,-0.0020451911,0.04380884,0.043042354,0.014849459,0.006993676,0.001283779,0.015001379,0.028376596,-0.004417019,-0.004693891,-0.014312406,0.04436698,0.0001190918,-0.009992763,-0.0074688266,-0.007707681,0.000694904,0.029142482,-0.0026554235,0.01653786,0.014440301,0.019913156,0.010096144,-0.013272217,0.0021289499,0.017211543,0.018528758,0.0055134185,0.019806271,0.017362686,-0.019517083,0.029510437,0.0074801384,0.0134924725,0.031385742,0.0050797425,0.0036169984,0.017927488,0.024206866,0.014531744,0.0125096105,0.040156905,0.04137089,0.014861833,0.01885766,0.047196656,-0.00086222484,-0.008104998,-0.01261827,0.018714882,0.02074232,-0.0013226934,0.010560455,0.00094512006,-4.6962086e-05,0.019334571,0.00869479,0.016474543,0.010258796,0.0063835746,-0.019809691,-0.007941886,0.006562778,0.060888432,0.022824867,0.053757373,0.06042153,0.068240866,-0.01112716,-0.00071322307,0.020892557,0.06363644,0.01048987,0.012788369,0.039736703,-0.010016369,-0.0039441166,0.021340191,0.03749141,-0.021690868,-0.0022106199,0.03231055,-0.021361664,-0.004443146,0.03885418,0.01054221,-0.0032473449,0.007382758,0.0116797285,0.039238308,0.057335723,0.011165008,0.050342396,0.03566159,0.014087621,0.006593753,0.015214682,0.018927056,0.025304182,0.005867842,-0.00809548,-0.009092935,0.00976722,-0.0038192836,0.013583489
2006-04-30,0.025441907,-0.006515514,-0.05207872,0.026423864,-0.026194457,-0.0006823621,0.035693776,0.0011334211,0.008050919,0.02156212,-0.0087991385,-0.01968349,-0.009621992,0.012877715,0.021943113,0.020774433,0.015570521,0.0056527583,0.012891715,0.002743996,0.02411661,0.015697282,0.0025941713,-0.028385004,0.02944585,0.019716868,0.007639816,0.03969233,0.033203494,0.010698751,0.024193423,0.009151405,3.6326266e-05,-0.0028393771,0.022695333,-0.015744543,0.050562844,-0.032224603,0.019204374,0.002671332,0.012949569,-0.0060144025,0.04369832,5.945048e-05,0.050288506,-0.00068008463,0.0043162256,-0.0049282545,-0.0017485626,0.048531678,0.05078605,0.02044183,0.00825004,0.0025894379,0.023403144,0.03617763,-0.0052228156,-0.008670166,-0.020216342,0.05286053,-0.006937102,-0.016939472,-0.013121811,-0.014280593,-0.005398705,0.030107696,-0.0045132693,0.024305198,0.01814404,0.01986157,0.0086334385,-0.014458024,0.011986668,0.016437018,0.022446856,0.0034499583,0.021084858,0.017854335,-0.021606635,0.03436734,0.0074635823,0.013651393,0.030414727,0.0058137244,0.005267582,0.018183038,0.028684862,0.012439492,0.014572372,0.043043923,0.042009618,0.018070238,0.025803734,0.050812047,-0.0016225713,-0.006936824,-0.013292654,0.016433675,0.01920559,-0.00056211575,0.008644825,-0.0018940093,0.0019922222,0.017835803,0.013818976,0.020680735,0.012663222,0.009769388,-0.013454026,-0.0067484984,0.011595892,0.0694695,0.033558514,0.05680192,0.054992903,0.081103005,-0.0049005547,-0.0014853152,0.029488353,0.07395245,0.006140289,0.011978751,0.04195304,-0.010163434,-0.010634104,0.02560497,0.039788418,-0.020739507,0.0015700224,0.03530701,-0.019992638,-0.004161687,0.046882316,0.0059336894,0.0083341515,0.015676841,-0.0011932813,0.043916624,0.055467524,0.008437176,0.049497828,0.048504733,0.011546773,0.0065524336,0.013347601,0.021652522,0.026587857,0.008710323,-0.012160427,-0.005906666,0.011863345,-0.0009399591,0.017102892
2006-05-31,0.013299228,-0.0013433251,-0.049760632,0.015689114,-0.025214182,0.00064083276,0.03555538,-0.009116675,0.010041227,0.023984794,-0.012689825,-0.03543939,-0.010903236,0.002135939,0.025054727,0.010983449,0.010145979,0.003264608,0.008759171,0.0027185117,0.0143614765,0.013245032,0.006306596,-0.016598029,0.012483883,0.005487332,-0.0005550793,0.043269396,0.024162192,0.011142605,0.017041618,0.017202713,0.0024237197,0.0039875368,0.013744412,-0.007315309,0.04073711,-0.02863465,0.016203083,0.0025868823,0.0027891847,-0.00038153652,0.036063027,0.007321855,0.042235866,0.004847192,0.007142283,0.0017299599,0.0050149243,0.041211527,0.03558253,0.014105533,-0.006812269,-0.010689234,0.018147543,0.027429614,-0.004381288,-0.0058969804,-0.018303366,0.043105483,-0.0023878228,-0.011776475,-0.005774357,-0.0057446393,-0.0009980735,0.021141674,-0.00073315494,0.013301404,0.014517849,0.010239613,0.0063637835,-0.012686886,0.0020013214,0.013733254,0.015045998,0.0027511306,0.012387633,0.014378874,-0.020289563,0.03127002,0.00067662314,0.01330037,0.022721274,0.008149171,0.0064324713,0.015611528,0.021577956,0.0116936825,0.0077158706,0.02573826,0.027066506,0.004069828,0.020196449,0.042890754,-0.0032684929,-0.015700752,-0.019610355,0.0065698656,0.0092075905,-0.011021726,0.004214062,-0.0041694315,-0.0008368856,0.015622235,0.004091007,0.01769622,0.000659918,-0.00015454898,-0.020670535,-0.008744235,-0.0030064601,0.058907926,0.034110315,0.04914784,0.035906535,0.062670335,0.0013225031,-0.0009819821,0.034371577,0.064954855,0.008866827,0.011827322,0.029353565,0.0012313684,-0.0076239384,0.010792153,0.0307582,-0.016334938,0.0031860818,0.029159013,-0.015350526,0.0021538557,0.044572193,0.0016124038,0.0089781815,0.020791953,-0.0058458513,0.04059928,0.0478463,0.009163124,0.036552288,0.04095591,0.0048852214,0.004776187,0.01317122,0.015298886,0.01651563,0.008760431,-0.0041591004,-0.01339186,0.0090956865,-0.00085139816,0.013997157
2006-06-30,0.005022105,0.00022259171,-0.037461087,0.0028454175,-0.020170331,0.0017411072,0.02965598,-0.007594328,0.006018442,0.022282247,-0.004713192,-0.01785711,-0.0055541634,0.0006694192,0.021338666,0.005663495,0.0066306726,0.0020896387,0.0068541924,0.0031757744,0.008333514,0.010205673,0.005144191,-0.01503966,0.011790938,0.0061837384,-0.0027814612,0.031049397,0.02082959,0.008186464,0.012862542,0.016406843,0.0013101248,0.006576264,0.0016335285,0.00082399294,0.03060005,-0.021437636,0.015202199,0.003339679,0.004847187,0.0022323204,0.03449472,0.009632218,0.036519196,0.0025106834,0.0069412603,0.0012567522,0.0049459944,0.035503138,0.026090696,0.010684171,-0.007845291,-0.010078393,0.013224044,0.019555636,-0.0041671335,-0.003437205,-0.016171472,0.03650961,0.0014394526,-0.0051378733,-0.0015433329,-0.0007853713,0.003496258,0.016126072,0.0045308396,-0.0009627875,0.011063096,0.0068549337,0.0041537783,-0.008674251,-0.0010295097,0.011788922,0.011566875,0.0002790521,0.010609541,0.0141626,-0.018075572,0.029317113,-0.0008690365,0.012177566,0.015705345,0.00860032,0.0053970516,0.010287658,0.016684845,0.008147947,0.0068164063,0.022285543,0.025182562,0.0054546585,0.0149193285,0.03889079,0.004150092,-0.0091843875,-0.01280084,0.008276373,0.008101271,-0.010199849,0.004255912,-0.0046033994,-0.006790668,0.011691484,0.0042297146,0.015709898,0.0014461573,-0.0015116216,-0.017778773,-0.005412858,-0.004310801,0.041045904,0.026460528,0.033025984,0.024500722,0.045525208,-0.0030852482,-0.0053513027,0.020992137,0.047186438,0.009062542,0.01177778,0.021649841,0.00089277036,-0.0028604912,0.005842531,0.02628247,-0.012399586,0.0022468336,0.02543479,-0.009039702,0.00050406024,0.028919261,0.011073562,0.0041382355,0.0075110295,-0.004562055,0.026279239,0.035673663,0.005048691,0.024012487,0.028385548,0.0032813384,0.0054573724,0.010863696,0.01542138,0.0140641285,0.0040581236,0.0021972847,-0.013141674,0.0042287665,-0.0027352108,0.007516306
2006-07-31,0.005626255,-0.00017523073,-0.03567971,0.0018947031,-0.020409474,0.0008058209,0.029083762,-0.0077228113,0.005948006,0.021822961,-0.0029287299,-0.018791508,-0.004502425,-0.003146012,0.021220936,0.004933033,0.009306649,0.001291701,0.006690033,0.005161658,0.007412773,0.010804996,0.0028456857,-0.015309414,0.0122718215,0.0071521397,-0.0015041946,0.031636946,0.019671889,0.008263038,0.013958038,0.016028596,0.0021570472,0.0075776507,0.00071363925,0.0034214486,0.030279033,-0.0205102,0.016280582,0.0020776798,0.0057125697,0.0031165665,0.034833424,0.008961628,0.037667923,0.0035670437,0.00748811,0.0023338492,0.0049399063,0.03551718,0.024908835,0.010194008,-0.0061316486,-0.008585475,0.012263837,0.0186073,-0.0037862714,-0.0025671348,-0.015782876,0.03807187,0.0019217052,-0.0047973325,-0.00081120315,-6.949535e-05,0.0040504904,0.015420276,0.0034253239,-0.0019095786,0.010942208,0.007998445,0.004004394,-0.008655899,-0.0013816933,0.011448389,0.012688164,0.0019255837,0.01204256,0.015819889,-0.017533354,0.03052395,0.0012465079,0.013832639,0.018196266,0.010055782,0.007885132,0.00969733,0.016673062,0.0071236473,0.0067549264,0.021848928,0.022601517,0.005898271,0.014958099,0.03894481,0.0031226298,-0.008389073,-0.011835375,0.009482703,0.0095704,-0.010695232,0.0049102884,-0.0064958087,-0.009810219,0.013174697,0.0053566345,0.016091608,0.0028280828,-0.0016211245,-0.017261634,-0.007573263,-0.004324663,0.04024831,0.02627265,0.033912215,0.024838781,0.042491946,-0.0011532455,-0.0060433014,0.021973144,0.04624386,0.008403278,0.010547738,0.020570546,0.0011042553,-0.0033095186,0.0062701674,0.027152801,-0.01324611,0.0018718292,0.024679504,-0.010449814,0.0027782845,0.026558904,0.014839964,0.0052577313,0.008279793,-0.0033959222,0.026684204,0.03402661,0.0037352452,0.02280596,0.027691621,0.0037469415,0.00595445,0.010391989,0.01687482,0.0150229735,0.0038640562,0.0046420605,-0.012830642,0.004075407,-0.0026797259,0.007264442
2006-08-31,0.004000081,-0.0037593103,-0.03782433,0.00035643158,-0.020685503,-0.001976491,0.03016548,-0.009139922,0.004897738,0.022275768,0.00041911987,-0.014252641,-0.0034145177,-0.002851541,0.021535533,0.006874815,0.012747261,0.0013269822,0.009181669,0.006478895,0.008070021,0.008719325,0.0012669443,-0.018177168,0.014086465,0.009738547,0.0007482933,0.033878222,0.021748563,0.008652312,0.012697739,0.01662854,-0.00012972228,0.00839099,-0.0010959606,0.00487179,0.03118283,-0.021013465,0.016076807,0.004716016,0.008417217,0.007641405,0.036831256,0.008490244,0.039030388,0.000986906,0.0060943915,0.0012035539,0.004901965,0.03685969,0.026990453,0.009240588,-0.0055745337,-0.0077599683,0.010361944,0.018387591,-0.0025236588,-0.0010830672,-0.015633734,0.039517112,0.0015433546,-0.0045675733,-0.001373864,-0.0003071357,0.0016229742,0.01631097,0.004928837,-0.0033999889,0.0092252,0.010071939,0.004886303,-0.009805544,-0.0007222087,0.010891799,0.012737734,5.5056666e-05,0.013423777,0.017303325,-0.018770546,0.03312067,0.0017191492,0.013252876,0.020393396,0.011244115,0.009507315,0.010225681,0.017388307,0.00795025,0.009401483,0.023045817,0.023651885,0.0070874076,0.014629307,0.040672414,0.0012642454,-0.0073561594,-0.009619965,0.010560566,0.010959171,-0.013539639,0.005854717,-0.0082353065,-0.010250432,0.016355446,0.0059935325,0.016792411,0.004213561,0.00063496176,-0.011507236,-0.0037715465,0.0021653494,0.041612506,0.027052158,0.03729958,0.029087162,0.046071004,0.0025004535,-0.0072800466,0.022177024,0.048575796,0.010690041,0.012947638,0.024254182,0.004139765,-0.002886903,0.005216241,0.029561283,-0.016043227,-0.00079877605,0.022482172,-0.012612134,0.0036426415,0.029143425,0.014882184,0.0066796807,0.0074550295,-0.0022161882,0.02906775,0.037271608,0.0030412744,0.022963861,0.026293533,0.0035919638,0.0055045267,0.010603836,0.017945038,0.017362734,0.0036335394,0.0064628487,-0.01131907,0.0038624573,-0.0036247529,0.0069684703
2006-09-30,0.0102861095,-0.004820353,-0.041286495,0.0033424941,-0.022180447,0.0003360457,0.034844972,-0.011655319,0.0076867417,0.024348058,-0.006313946,-0.010252966,-0.0013647049,0.0056997403,0.023565043,0.005282814,0.018872289,0.0038757755,0.015185763,0.0088218525,0.016002141,0.010693784,0.005755174,-0.017698808,0.019158196,0.014210305,0.0028068055,0.03696102,0.031619716,0.008468183,0.014396447,0.016511906,-0.001958866,0.0030913546,0.0013033961,0.0003085289,0.032930095,-0.023151837,0.010062922,-8.7067376e-05,0.0072680824,0.005470894,0.041963615,0.008732028,0.04081961,0.001023019,0.007946646,-0.00028971283,0.0062983274,0.041919637,0.039741646,0.011415155,-0.0031596806,-0.005496659,0.013073482,0.022119746,0.001126374,0.0037326228,-0.010690184,0.041267283,-5.8536283e-05,-0.0066682375,-0.004098142,-0.004423782,-0.0020795905,0.019106505,0.011079705,-0.0037841222,0.014391239,0.011912912,0.0074816956,-0.00846753,0.0063294177,0.012705144,0.014697832,-0.0043032886,0.010158682,0.014767894,-0.017052688,0.031877168,8.250591e-05,0.012340183,0.018714208,0.013645449,0.0043364638,0.013094597,0.026061656,0.014210633,0.011720283,0.033045627,0.03469071,0.009568316,0.016064432,0.047268536,-0.0005592279,-0.007689802,-0.01034322,0.0087472,0.009918876,-0.015823947,0.0026705603,-0.0048095887,-0.0025839077,0.011549458,0.0076053897,0.020578228,0.0062627206,0.00054725906,-0.004801586,0.0076105106,0.013904743,0.045461252,0.02979957,0.03638269,0.03334597,0.054201487,-0.006623457,-0.0035266613,0.015412957,0.05052171,0.013900571,0.016882136,0.031627003,0.0058843987,-0.0036603445,0.008336547,0.02695445,-0.014593773,0.0014954724,0.026070789,-0.011124093,-0.0020897738,0.035811227,0.01669275,0.002100887,0.0088518,-0.005765623,0.026430696,0.043265283,0.0038486414,0.02523929,0.02484312,0.0031677608,0.010289748,0.015526575,0.017637298,0.017814724,0.0044245976,0.0012326379,-0.013726601,0.004575479,-0.005050711,0.0065291678
2006-10-31,0.014894252,-0.008025288,-0.04697073,0.0006507376,-0.024467936,0.0009430332,0.03877951,-0.0066852137,0.010473049,0.026718177,-0.013525242,-0.023239926,-0.0061641997,0.01340138,0.026391447,0.008339953,0.02246276,0.0071366243,0.019416396,0.011122881,0.026321115,0.012548856,0.0043491414,-0.02139769,0.022322588,0.016532024,-0.0029478031,0.052900724,0.033071674,0.00856457,0.019716384,0.01822508,-0.001628312,-0.001687271,-0.0017721878,-0.0044248444,0.03464561,-0.022247266,0.0052263006,0.0021154797,0.009373547,0.0041255043,0.049773414,0.00391368,0.04266901,0.0038116125,0.0077550835,0.0005277987,0.011085632,0.04410517,0.046700805,0.009335767,0.003146683,0.00018879092,0.017187612,0.024163375,0.00095719215,0.0046522096,-0.009022522,0.04523622,-0.0009812097,-0.0070478967,-0.0074394504,-0.00649129,-0.006862382,0.022734461,0.013733989,-0.005721004,0.01630129,0.015792133,0.010421159,-0.005460907,0.009702445,0.017283143,0.013362444,-0.0027573428,0.013860165,0.016553365,-0.020674732,0.038128685,-0.0005467311,0.01075368,0.020104364,0.013718666,-0.0012309281,0.01623985,0.031445514,0.0149147445,0.015582368,0.036969356,0.03831203,0.011985447,0.015893051,0.04982812,-0.002813191,-0.00587458,-0.009033562,0.011833398,0.011437057,-0.011856685,0.006543795,-0.004501927,-0.0004113556,0.010499251,0.009834523,0.02391617,0.008839752,0.0010551242,-0.0074816355,0.007903848,0.011912006,0.055257455,0.032927647,0.03881588,0.036547255,0.05858244,-0.010796144,-0.0014071364,0.014091275,0.05462991,0.010845975,0.013872773,0.026483906,0.007909068,-0.007848281,0.013726202,0.025421418,-0.015712997,0.002334881,0.03344596,-0.010630694,-0.0044049216,0.042604573,0.015234274,-0.006375034,0.0021971837,-0.013460854,0.03282755,0.04249496,0.004426128,0.027639812,0.020780517,0.0017854732,0.0139340265,0.017890146,0.020731153,0.019629467,0.0014435399,-0.0028663166,-0.013642413,0.0018592703,-0.011040895,0.0042636525
2006-11-30,0.012571538,-0.008371711,-0.04955542,0.0050163735,-0.024205405,0.002976383,0.038361143,-0.006835599,0.010029063,0.028436482,-0.015912782,-0.024619073,-0.00810301,0.007853337,0.028028378,0.011179653,0.021221153,0.005649213,0.015003808,0.010373829,0.025408309,0.0116248,0.005575297,-0.01828135,0.023851406,0.017584492,-0.004914762,0.052718658,0.032318298,0.00813136,0.021873148,0.02037332,0.003530893,0.0003473143,0.0014250213,-0.0060490244,0.033870272,-0.021778233,0.0022042028,0.00038110302,0.00819577,0.002354904,0.05233968,0.0055603758,0.046681806,0.004311907,0.009278629,0.0025798522,0.010908029,0.04654882,0.042301476,0.011103649,0.0026918137,0.00021184915,0.016938169,0.025040783,0.0018353314,0.005248759,-0.009061714,0.04757353,-0.0038526333,-0.010374017,-0.009985562,-0.007713434,-0.00059917604,0.023690915,0.012703058,-0.0015291951,0.015625173,0.013281472,0.011161101,-0.0044879788,0.005981471,0.018574605,0.014401811,-0.0028173006,0.013260416,0.014092622,-0.017100297,0.040433515,0.00019374184,0.012300565,0.018818667,0.015194904,0.0006048955,0.018253002,0.032408547,0.016119998,0.010418726,0.036752917,0.036896065,0.011678384,0.014143207,0.051886182,-0.003643898,-0.0043747625,-0.0077294614,0.011965353,0.0105777355,-0.0112701235,0.0071574743,-0.0065902593,-9.411763e-06,0.0059278593,0.0074507515,0.025097284,0.007981699,-0.0054893917,-0.011806825,0.0063927,0.003030756,0.05341587,0.026490407,0.03625114,0.033198155,0.05752536,-0.01837799,-0.0028005266,0.007439347,0.05339386,0.008004689,0.010022115,0.025533278,0.0063259215,-0.009289016,0.014830494,0.024238572,-0.013680629,0.0022040773,0.03589434,-0.00715888,-0.0077291057,0.044053726,0.019013437,-0.007813649,0.0035020343,-0.019618222,0.033317633,0.046811685,0.005763104,0.02270943,0.027256742,0.0015974449,0.012581409,0.015643908,0.023782687,0.020259798,0.00071334874,-0.0042496077,-0.016659169,0.0010601985,-0.011656528,0.0038739266
2006-12-31,0.02026993,-0.010421786,-0.06563783,0.0034787997,-0.02727355,-8.660879e-05,0.045591276,-0.008958365,0.0070354356,0.035882723,-0.017140761,-0.039365742,-0.014496991,0.0036362307,0.03469734,0.02515131,0.02202537,0.0010399575,0.013488188,0.0077694803,0.030183164,0.01238526,0.0040897643,-0.024725394,0.025074393,0.020147435,-0.0010320866,0.0728163,0.040316753,0.013770307,0.030631091,0.022874648,0.007757905,-0.0023164193,-0.00085553975,-0.006186965,0.04215565,-0.021906404,-0.00015433459,-0.004663787,0.0067336448,0.002364515,0.064706236,0.0056536454,0.059101917,0.0017774904,0.009901499,-0.00023278942,0.010174392,0.058601864,0.049098253,0.014703405,0.00020056576,-0.0027028057,0.016468829,0.031675253,0.003947678,0.0042953254,-0.010858747,0.05969178,-0.013770222,-0.022025622,-0.020412331,-0.012694474,0.006395098,0.027285874,0.012045647,-0.003824331,0.015014928,0.016209751,0.013483581,-0.015014294,0.00809047,0.0245709,0.019292442,-0.004797526,0.013560274,0.01770554,-0.012209479,0.048986416,0.0050174054,0.016972775,0.02344615,0.021090254,0.00062593987,0.020725342,0.035184186,0.017955046,0.010743443,0.044301637,0.042824607,0.011892069,0.017649412,0.06181739,-0.007627132,-0.0052423375,-0.0072654164,0.0107130045,0.0114846155,-0.014657825,0.01056715,-0.010831799,-0.0006727337,-0.003840307,0.0040310617,0.030889552,0.005186741,-0.010489277,-0.02457064,0.0018090743,-0.00062365923,0.061886784,0.020940768,0.043085303,0.048888475,0.06943969,-0.032989945,-0.010810397,-0.006659435,0.05815348,0.0048883073,0.003178956,0.027028473,0.008910227,-0.021562528,0.016219037,0.030423915,-0.023770068,-0.0051920973,0.04276049,-0.013280953,-0.015763696,0.04324233,0.017875379,-0.0092929285,0.0067518083,-0.02475375,0.041485514,0.06371722,0.00042773012,0.014927396,0.034182463,0.002886704,0.014110263,0.0173535,0.024663458,0.029340355,-0.009520709,-0.0042644404,-0.020632925,-0.009071114,-0.02365785,-0.003490065
2007-01-31,0.022121795,-0.007580376,-0.06258673,0.0016200579,-0.03201668,0.002002416,0.04865561,-0.0075204805,0.014307468,0.036024418,-0.019755214,-0.036523785,-0.013387134,0.0052413167,0.03572014,0.021266496,0.023419136,0.0028541037,0.016265053,0.012353984,0.029702196,0.011722563,0.006238825,-0.022529902,0.017709263,0.013247327,-0.008872775,0.068164274,0.040786795,0.01671463,0.027943987,0.027728122,0.002179376,-0.0020252285,-0.0023068786,-0.007137578,0.041321795,-0.02328699,0.0028892779,-0.0027390523,0.002613336,0.00021178427,0.05972489,0.0075204936,0.055766817,-0.000115089155,0.0099278195,-6.5735185e-05,0.009680245,0.050557885,0.04877997,0.013300976,0.00032837494,-0.002649225,0.016211772,0.031251185,0.00467294,0.0043250727,-0.0054701725,0.057398114,-0.0103373155,-0.017651875,-0.015564194,-0.011726962,0.00050966657,0.032340184,0.012086977,-0.004846131,0.01603122,0.0138141075,0.019245,-0.011150854,0.00455733,0.023273455,0.018003767,-0.007367866,0.014150193,0.013680778,-0.0151742445,0.04535672,0.0012722577,0.014718446,0.024552587,0.019427285,0.0015026816,0.026145143,0.03657793,0.020793281,0.008863578,0.037423022,0.04085334,0.0034592971,0.016428532,0.056491487,-0.009039026,-0.01167507,-0.013063749,0.008403061,0.0078007327,-0.012770684,0.008374882,-0.0064785113,6.621691e-05,-0.0030511592,-0.0008379992,0.02786965,0.0014799599,-0.013252397,-0.024492925,0.00057653413,-0.002394538,0.065592915,0.024856396,0.046137154,0.04739302,0.07586671,-0.030679623,-0.004783292,-0.0019437877,0.06287028,0.0074279197,0.0072811716,0.030467246,0.011654356,-0.019088617,0.016324451,0.028109537,-0.020794507,-0.00080600637,0.043659527,-0.010178739,-0.01499119,0.04556855,0.017351883,-0.012037849,0.0075239106,-0.024390388,0.040148642,0.060536064,0.00639098,0.013010242,0.03182588,0.00015056547,0.008946857,0.016042212,0.016744653,0.023484847,-0.0035557593,-0.0053751958,-0.024484018,-0.0032418082,-0.019038305,0.0017155013
2007-02-28,0.027058445,-0.007662853,-0.058293745,-0.0045580766,-0.029233567,0.00013924912,0.040945143,0.0020390346,0.010355703,0.029220494,-0.024307009,-0.041778516,-0.01677684,0.0022170614,0.029541733,0.02463873,0.02428319,0.0025486574,0.012880114,0.009678257,0.029165486,0.009204969,0.0068516033,-0.026788,0.02323134,0.018634485,-0.00508398,0.069033474,0.04297828,0.01782132,0.025261348,0.0248951,0.0072371755,-0.005548649,-0.009854393,-0.008847277,0.042861473,-0.025972184,0.0030836458,-0.0048241867,0.0072418926,-0.0034921567,0.057504293,0.0022289609,0.047081172,-0.00064054,0.0065070973,-0.0010391437,0.006488509,0.049233343,0.045860488,0.014252099,0.0057292352,0.0026165359,0.017615035,0.028377347,0.0038427606,0.001690852,-0.007078231,0.050358802,-0.015533949,-0.02270832,-0.02123527,-0.019173836,0.0070610205,0.029681923,0.010982027,-0.0108261015,0.01436131,0.02013475,0.018849328,-0.00817684,0.0035977783,0.023841826,0.01745468,-0.0043389187,0.013424875,0.0138534065,-0.010084342,0.038230013,0.008327197,0.014640994,0.02543593,0.019691689,0.0030035577,0.025472341,0.030492144,0.021180732,0.0046770996,0.04532306,0.04418073,0.007727209,0.019593975,0.05201072,-0.005056238,-0.0072669294,-0.008063423,0.010486156,0.0097867455,-0.0048427186,0.017372746,-0.011216888,-0.002316395,-0.00677409,-0.0019521976,0.028669419,0.0055508628,-0.018380314,-0.038074967,-0.008908075,-0.0141058555,0.061927274,0.019653896,0.050200287,0.04981524,0.07525115,-0.029489161,-0.0100124795,-0.00034510225,0.06044133,0.0040697814,0.0022797314,0.032170173,0.012681206,-0.022808058,0.023961496,0.027571484,-0.022504158,-0.0047708214,0.04504266,-0.0133174015,-0.013591592,0.045037676,0.01696856,-0.007664671,0.00979949,-0.019872947,0.04319545,0.057195254,-0.00038418671,0.013640729,0.03605312,0.0020265207,0.015431311,0.01847908,0.01725986,0.027478615,-0.010815933,-0.0072172172,-0.021316541,-0.010609536,-0.023865199,-0.005438427
2007-03-31,0.026089929,-0.0010300352,-0.06361182,-0.003877606,-0.029361052,0.0052214954,0.04525332,0.003872687,0.008966277,0.032186463,-0.025876814,-0.04193118,-0.014317356,0.0046479413,0.03241474,0.01908025,0.019591162,-0.0016508128,0.007259982,0.0069575966,0.023607079,0.0061049485,0.008297944,-0.0199242,0.02341018,0.017295094,-0.0011257173,0.06409778,0.039676853,0.016953444,0.031685285,0.027739814,0.008163212,-0.0047856513,-0.008217531,-0.010785672,0.043010294,-0.025978595,0.003791789,-0.010124926,0.0053040055,-0.010031522,0.06163181,0.009037957,0.050140254,-0.0017738172,0.004267827,-0.0017565942,0.005289802,0.0474245,0.048579406,0.018107168,0.0026341837,-0.002370295,0.015705524,0.029056394,0.0025956621,-0.0009305932,-0.00913658,0.047163226,-0.013556665,-0.023644634,-0.018387962,-0.016252344,0.016199868,0.030017862,0.008194018,-0.012416561,0.015107785,0.016598502,0.021367906,-0.008216121,0.0024400384,0.021744816,0.021306116,-0.006652718,0.007203681,0.011880448,-0.0075207944,0.03692574,0.009210524,0.014849231,0.022114739,0.0188959,0.002032698,0.025819149,0.031563032,0.022194915,0.0018852961,0.043825414,0.048134804,0.008260243,0.019433407,0.05718577,0.00056893827,-0.008670973,-0.009987149,0.0071260086,0.005483878,-0.0039833533,0.013849056,-0.011048604,-0.0021680463,-0.006831302,-0.0044448418,0.02905064,0.0014270692,-0.02025337,-0.04326007,-0.011510113,-0.017892854,0.05771489,0.016926145,0.047930755,0.045384757,0.07317771,-0.02918594,-0.008375639,-0.0023800854,0.057290386,0.0046577426,0.003986384,0.033907972,0.0102933,-0.019763367,0.026660314,0.02492921,-0.018324478,-0.0005475721,0.05152244,-0.010295337,-0.013772278,0.04566827,0.027050858,-0.012139328,0.015562294,-0.023491526,0.043698,0.06074444,-0.004125118,0.012179541,0.041515853,0.003882413,0.009665965,0.018489685,0.01628407,0.02784874,-0.010066149,-0.009408899,-0.026285168,-0.009737233,-0.0213003,-0.0043218285
2007-04-30,0.025160575,-0.00059112156,-0.06301722,-0.0018384416,-0.0254089,0.0040805927,0.041286904,0.0041852924,0.0042867186,0.028745653,-0.025683008,-0.03518301,-0.015417541,-0.00011048297,0.029362999,0.020902196,0.016607985,-0.0054786988,0.004176094,0.0057156333,0.021600686,0.006875661,0.009845104,-0.01590936,0.023593513,0.018094674,0.0016972356,0.0672222,0.033345662,0.017702635,0.036159497,0.023129996,0.013419347,-0.0054727285,-0.006647043,-0.010710938,0.04032869,-0.02864558,0.007506899,-0.014866398,0.008317315,-0.0093117235,0.06259424,0.009602247,0.05146698,-0.0022252877,0.006839902,-0.0029692948,0.0026265394,0.049818564,0.046167325,0.019872919,0.0029112326,-0.0025565468,0.013301637,0.02644914,-0.0007907353,-0.0019298475,-0.010882448,0.046823103,-0.01059164,-0.023738375,-0.016031407,-0.013712382,0.020603744,0.026240138,0.0077555156,-0.014024721,0.013207965,0.021813866,0.0204452,-0.005685689,0.0031651643,0.018309874,0.021272663,-0.00760044,0.009836813,0.015160444,-0.0040009967,0.037926305,0.014775713,0.015619661,0.025469027,0.019670706,0.0025663872,0.023213513,0.02999837,0.020628009,0.003947551,0.03952309,0.044276614,0.010197954,0.016965145,0.058001217,0.005330439,-0.004954772,-0.0074664275,0.00853828,0.0070075267,-0.0041756574,0.015006262,-0.013962618,-0.005062486,-0.0014673158,-0.0029425183,0.03050427,0.0039259107,-0.019105423,-0.04758047,-0.015921343,-0.022595977,0.054433018,0.014215829,0.054052796,0.053813532,0.06492393,-0.027573604,-0.01376994,-0.0025617112,0.059916865,0.0030601984,0.00088304846,0.0304481,0.011672455,-0.019020122,0.025219003,0.024064807,-0.017020987,-0.0019754858,0.049832672,-0.00946505,-0.016062163,0.04678243,0.029061005,-0.011416833,0.019935736,-0.022051575,0.05280295,0.06143145,-0.007740917,0.012724857,0.047324684,0.007484973,0.0071358066,0.0152325705,0.015599215,0.03298859,-0.00720967,-0.008583314,-0.02484024,-0.0071306136,-0.017144114,-0.0023992115
2007-05-31,0.022378078,-0.0034057004,-0.063964665,-0.007952121,-0.024838451,0.0034345572,0.038132943,0.0020807816,0.0053595724,0.027566668,-0.02872867,-0.03673209,-0.0187198,-0.0009330932,0.029542672,0.020483868,0.015359355,-0.007713936,0.0032025166,0.0076339585,0.02129748,0.014962091,0.006253634,-0.013212973,0.026315637,0.021493983,0.0014633168,0.065582596,0.025647596,0.021523682,0.03474037,0.024994617,0.02066827,-0.0038747839,-0.013039222,-0.008980964,0.032980837,-0.025327167,0.0039006532,-0.023321586,0.010358727,-0.0067865998,0.06460812,0.0069718054,0.055893786,0.0041468455,0.0135290995,0.001929987,0.00796151,0.04816578,0.045701645,0.0149913095,0.0029988352,-0.0020352295,0.006154251,0.019232234,-0.005055113,-0.005414082,-0.011999195,0.053486165,-0.009843919,-0.02439294,-0.016130973,-0.013456295,0.022449752,0.026546082,0.009604179,-0.02183142,0.016428368,0.023522047,0.022480652,-0.0050145136,-0.00061480544,0.023352876,0.016551852,-0.0068397154,0.014379381,0.01521343,0.00097426865,0.04133914,0.018263537,0.015943436,0.031149803,0.021234294,0.0037885197,0.024425289,0.028354494,0.017083593,0.000108871885,0.037418723,0.042163633,0.0120922085,0.01541381,0.058963228,0.006352956,0.0010328923,-0.002105831,0.011448006,0.00977179,-0.0057901037,0.007502052,-0.013677351,-0.009237866,5.524799e-06,-0.004626532,0.03057221,0.006191593,-0.027375808,-0.036101393,-0.000539801,-0.014660018,0.048857663,0.013480427,0.049235266,0.04978558,0.058516786,-0.026106944,-0.013507133,-0.0015827437,0.05747631,0.0016060572,-0.0021411595,0.031359978,0.0072534606,-0.017404445,0.021355264,0.021810327,-0.015114863,-0.0034311533,0.04844964,-0.010743925,-0.014936253,0.04877265,0.032097742,-0.008921356,0.020998338,-0.02082947,0.051015493,0.055766407,-0.0090571325,0.0187664,0.04816151,0.0077004363,0.009376939,0.016171113,0.017816618,0.032403626,-0.009847387,-0.0066224327,-0.026615689,-0.009532852,-0.019973444,-0.005870537
2007-06-30,0.02020795,-0.0011316381,-0.06384207,-0.0073550744,-0.026786435,0.0037804132,0.040189233,0.0020299437,0.005476086,0.026057431,-0.031838976,-0.034759566,-0.020141834,-0.007084556,0.030190548,0.02057808,0.015151704,-0.005821835,0.0008045912,0.0061200107,0.01897146,0.017600132,0.006435456,-0.012182926,0.026030047,0.021276658,0.0022404536,0.06667305,0.026539976,0.019802464,0.03449052,0.023811577,0.022503566,-0.0043090754,-0.012055676,-0.006235372,0.036579646,-0.020244678,0.0075230505,-0.026017785,0.008804497,-0.0076151704,0.06588221,0.011302414,0.0530935,0.0075812964,0.01389527,0.0018974837,0.0063613513,0.04762325,0.043551933,0.014580757,0.00019225836,-0.005153897,0.009594143,0.02194786,-0.004460833,-0.0037958808,-0.012408101,0.052951332,-0.010254281,-0.025359176,-0.015294785,-0.014458742,0.023540458,0.023836832,0.009807062,-0.025152562,0.018008724,0.01944391,0.020528203,-0.005667112,1.6959028e-05,0.02160036,0.014602358,-0.0029823673,0.016729107,0.014089928,0.004329378,0.041690707,0.017142456,0.017623786,0.028407391,0.018418482,0.0021302334,0.022408592,0.028442387,0.017912136,0.0013906264,0.03769553,0.042243715,0.013378035,0.0134795485,0.05961336,0.006046121,-0.0008273667,-0.0034698346,0.015196272,0.013787764,-0.0066987355,0.006284279,-0.010091671,-0.012998601,0.0055727935,-0.0038515974,0.03469984,0.0059710667,-0.029482212,-0.04277482,-0.005280557,-0.021317314,0.041085526,0.013254126,0.044671662,0.03197921,0.049853455,-0.01682088,-0.017855711,0.007007776,0.05679142,0.00041168506,-0.0059425347,0.02999226,0.008179571,-0.016381817,0.019505804,0.024015373,-0.011892341,-0.005153383,0.049578983,-0.009762702,-0.015322925,0.04731135,0.032460626,-0.0041680653,0.025394462,-0.026933957,0.049833972,0.054426428,-0.0143157765,0.016773857,0.050340164,0.006466466,0.011729707,0.018876312,0.016327554,0.031339478,-0.0071488963,-0.003129384,-0.031803135,-0.0069556385,-0.018330924,-0.004879566
2007-07-31,0.022098735,0.0038326054,-0.05767923,-0.004942606,-0.019980744,0.0020331666,0.037681192,0.005405238,0.0005392369,0.026612334,-0.034366053,-0.035240453,-0.0185686,-0.007574304,0.029086592,0.020373872,0.01476725,-0.0038156796,-0.0016410316,0.0066551496,0.022511337,0.01504859,0.0026542305,-0.01438572,0.03270467,0.027893212,0.0082776155,0.06517787,0.02477169,0.021994097,0.039817456,0.019780241,0.02346278,-0.006440537,-0.00895344,-0.009418068,0.036611438,-0.014537908,0.004979741,-0.027628945,0.009915792,-0.010239856,0.0673638,0.009495795,0.048807953,0.008918472,0.011887179,-0.0011737074,0.0013962301,0.047352593,0.04637509,0.014949218,0.006048681,0.00086850487,0.008379249,0.018677218,-0.0026496332,-0.0049162,-0.012493351,0.048752345,-0.011551583,-0.028788263,-0.017091341,-0.016151214,0.024878623,0.022744881,0.011842945,-0.025720948,0.014922894,0.024326475,0.021760901,-0.001279319,0.0052535846,0.022752648,0.016708301,0.0023160125,0.015053902,0.014065741,0.007080792,0.035842817,0.019745402,0.016924655,0.02753246,0.016752547,0.0033830656,0.02223755,0.022282042,0.014858559,0.0033012617,0.04185758,0.04683463,0.018075366,0.0054840776,0.061769504,0.010422763,0.0050606704,0.0014859748,0.015035124,0.014798993,-0.0050049042,0.00535285,-0.013332273,-0.013272123,0.015584824,0.0024810322,0.03818688,0.010695828,-0.025246015,-0.04042912,0.001391673,-0.016770003,0.040835995,0.01590686,0.042874765,0.023919597,0.043386027,-0.012409371,-0.01751383,0.009755248,0.059061106,-0.0011718228,-0.009123441,0.026010018,0.0047093946,-0.018132592,0.02224366,0.022954866,-0.013312543,-0.0046833,0.049965966,-0.011660867,-0.01152261,0.04812185,0.029435376,-0.007424733,0.030120308,-0.034789253,0.052802213,0.050605815,-0.013982657,0.009290574,0.05004459,0.0038804307,0.01351592,0.020113496,0.02043055,0.03224229,-0.004407576,-0.006532875,-0.030603569,-0.0043066232,-0.016423868,-0.0034440926
2007-08-31,0.023288112,0.0042171483,-0.053031556,-0.0068728575,-0.017362323,-0.0019097067,0.03229746,0.0025324419,-0.0017537404,0.022801457,-0.025181709,-0.037489392,-0.00862093,-0.0013578202,0.025471933,0.013598588,0.019555217,-0.003983785,0.0014370879,0.0073424494,0.024769941,0.013648195,-0.00065514,-0.023434523,0.037646614,0.033331092,0.010398831,0.070546955,0.029986113,0.016622547,0.04254997,0.013393341,0.019243969,-0.0028810957,-0.0099424785,-0.0048675844,0.038913667,-0.011281569,0.007958449,-0.026503263,0.008103636,-0.009924295,0.06008997,0.00831976,0.043401457,0.009093796,0.011680423,-0.0016830703,-0.00076615857,0.05152782,0.0468288,0.014817901,0.005210113,0.0009355106,0.0035259344,0.01466034,-0.0046010474,-0.0022910826,-0.014677476,0.041628964,-0.0039923135,-0.023575582,-0.009610987,-0.009055506,0.025572244,0.01956078,0.01295587,-0.03159265,0.01341272,0.024671901,0.015608709,-0.0017379725,0.010637012,0.017634869,0.01705065,0.007495138,0.013184981,0.017143926,0.0015639878,0.030867342,0.020714121,0.018725162,0.026761185,0.018645978,0.00366919,0.018950496,0.021254981,0.013543884,0.007125445,0.046303008,0.048271228,0.023471935,0.00659498,0.060241364,0.015344641,0.005919834,0.0043294895,0.01268936,0.013817604,-0.008535205,0.0024727252,-0.019258393,-0.018289367,0.02682223,0.010950956,0.039782126,0.0128013035,-0.016688546,-0.039693892,0.0018952979,-0.014685221,0.043078203,0.024444096,0.046481587,0.021944683,0.043098792,-0.0099941995,-0.015803972,0.016777737,0.065961875,0.0035581007,-0.003195315,0.027195444,0.00458685,-0.013604483,0.021240883,0.025961151,-0.01785374,-0.0038971074,0.04192139,-0.018482145,-0.0051337974,0.0572971,0.03175329,-0.0008540047,0.03465744,-0.040717885,0.056755837,0.058506407,-0.007191513,0.012641157,0.05280982,0.010154492,0.015567848,0.024997024,0.02316475,0.034527384,0.007224484,-0.0023349733,-0.02821474,0.0075245406,-0.004186967,0.0070799105
2007-09-30,0.016201979,0.0025902826,-0.044123918,-0.007834002,-0.021884715,-0.0017722994,0.024765486,0.0023408341,-0.000535568,0.013041916,-0.01651838,-0.033936985,-0.004273407,-0.0017742967,0.016963284,0.00619047,0.01761111,-0.0028738296,0.0017123692,0.007742109,0.025620256,0.01012173,-0.005241568,-0.028598612,0.033947494,0.026753059,0.006885332,0.060890436,0.029676365,0.011111042,0.03751643,0.0077114794,0.013806958,0.0012892381,-0.009101344,0.004407887,0.037623547,-0.011664207,0.010433824,-0.023600226,0.013130661,-0.008714997,0.048254315,0.00092103326,0.03373319,0.006861717,0.009342511,0.003263643,0.0046655294,0.05234305,0.04394012,0.014937123,0.004780693,-0.0017642071,-2.6627113e-05,0.013750542,-0.008407774,-0.0031281312,-0.015568509,0.033163324,0.0058367224,-0.017427154,-0.0028726684,-0.0007663613,0.014672463,0.018153759,0.018940058,-0.033243395,0.009518212,0.030719921,0.014211844,-0.004054988,0.01850539,0.0105886115,0.019454502,0.008535523,0.01886134,0.019744739,-0.003054745,0.027375037,0.024062734,0.021267537,0.033386104,0.022236759,0.012251268,0.017558703,0.022496691,0.013666686,0.012764869,0.037682284,0.040791355,0.021505818,0.007835735,0.04841751,0.013268033,0.0065688784,0.0018779878,0.015415564,0.015933765,-0.008316163,-0.0024691166,-0.02019456,-0.026844151,0.034125865,0.014206261,0.03599109,0.012250634,-0.005937376,-0.038463883,-0.002868267,-0.010047229,0.04405037,0.026352042,0.04906628,0.021893881,0.037245568,-0.012525429,-0.016084146,0.020170927,0.065578245,0.006536719,-0.0034010885,0.016812805,0.0015816897,-0.004199723,0.023253081,0.0238543,-0.018413855,-0.0034702306,0.036130715,-0.023847038,-0.0003034786,0.05435562,0.035181947,-0.0023586967,0.029331688,-0.03854132,0.06048635,0.050260976,-0.008221358,0.020324979,0.048522644,0.009128717,0.008568577,0.020049423,0.022688128,0.03528621,0.012813856,0.008978609,-0.022051645,0.012561192,0.001935795,0.010088589
2007-10-31,0.019414527,0.004039045,-0.038994987,-0.013358596,-0.018701892,-0.004377357,0.019988155,-0.007111022,-0.0018755244,0.0088549135,-0.00941198,-0.039197396,0.0015842394,0.0002811569,0.0131844925,-0.004451681,0.01440459,-0.0019211648,-0.0023877954,0.0032082,0.024624838,0.010661549,0.00018796102,-0.026274852,0.03126501,0.025506105,0.007011043,0.056163322,0.03383105,0.0062748273,0.031674094,0.003472969,0.013478646,0.002342859,-0.013767682,0.009267484,0.033218592,-0.011409457,0.0046660374,-0.02965136,0.008759058,-0.0029862504,0.037535027,-0.0017654739,0.028095681,0.006353612,0.008653286,0.0030863343,0.00206952,0.045944635,0.037580535,0.0125473915,0.00042152303,-0.0049758963,-0.002622093,0.013026527,-0.0024418372,-0.007041513,-0.018041098,0.028771097,0.01226065,-0.013590237,0.0038353803,0.0046390314,0.016233075,0.013174839,0.016369151,-0.041182876,0.00909355,0.02774761,0.01171742,-0.00688921,0.019144384,0.004719284,0.017437821,0.009438525,0.015950859,0.015566735,0.00091553037,0.019114815,0.021638777,0.019331116,0.031994693,0.019427398,0.012278129,0.01512008,0.02303551,0.013016444,0.013726244,0.035866715,0.040651146,0.020295668,0.0054971273,0.038566004,0.0063463906,0.0043271407,-0.0010235271,0.0122743,0.013903935,-0.017353188,-0.0105306255,-0.020424195,-0.030385394,0.033714995,0.010151083,0.035370223,0.010624329,-0.006675077,-0.03031718,-0.0010104462,-0.0036151286,0.03838716,0.03265566,0.047638047,0.012851982,0.04073145,-5.9453825e-05,-0.020212332,0.028403586,0.062820554,0.015415621,0.006850011,0.024304787,0.0025602742,0.003904616,0.015818983,0.022466542,-0.018348832,-0.0041745533,0.024247104,-0.026623039,0.0024428188,0.042679425,0.03705554,0.0027751543,0.03407874,-0.048568748,0.059194457,0.053961165,-0.009954206,0.030881219,0.05135723,0.0068857484,0.008644946,0.020961298,0.02112795,0.031295728,0.0179295,0.014219693,-0.026967715,0.0175412,0.009863822,0.015091383
2007-11-30,0.022458859,0.0030548288,-0.043313984,-0.0133892745,-0.017600201,-0.00673655,0.016722042,-0.009632733,-0.006620304,0.001426448,-0.008747818,-0.028148321,0.009324999,0.0045549595,0.008107877,-0.0062112296,0.012796037,0.0012783639,-0.0005890251,0.0007676,0.031538073,0.008311392,0.0048220744,-0.029222911,0.03517225,0.027995061,0.011556334,0.06854591,0.046748955,0.00025347545,0.036332134,-0.0016435523,0.015566091,0.00052070717,-0.014182956,0.016220214,0.03190393,-0.0025368154,-0.0064527653,-0.032341655,0.0073653013,-0.005439548,0.033125475,0.0015332666,0.02166263,0.00072272343,0.004742921,-0.003526879,-0.0055395607,0.046768475,0.032138374,0.013072434,-0.0007909603,-0.006797063,0.0039020395,0.025638191,-0.009931344,-0.010736839,-0.0205101,0.01625746,0.013429477,-0.014701888,0.0026241296,0.003942875,0.024648432,0.0100360075,0.013090825,-0.045557737,0.00917845,0.032111514,0.010165319,-0.00797881,0.024218837,-0.0048715128,0.016965115,0.00760869,0.008655919,0.008106453,0.0001899054,0.008976092,0.02487186,0.016418086,0.028413225,0.018275645,0.016186828,0.01271573,0.02816275,0.0135596,0.01304537,0.046594772,0.051628638,0.025467051,0.004399639,0.038637098,0.009723469,0.0037125843,-0.0011627034,0.0071400222,0.01149382,-0.018251397,-0.010322566,-0.02091019,-0.03776624,0.048680495,0.008845152,0.03568733,0.012299349,-0.005515289,-0.028397642,0.0010875821,-0.0016716219,0.041556958,0.02826009,0.05854295,0.022165319,0.030844983,0.005212582,-0.026965044,0.03571288,0.07299583,0.018342435,0.0046608895,0.025505722,0.004030545,0.0073246355,0.017346172,0.018961692,-0.009348672,-0.0020867728,0.017262412,-0.023726491,0.002513349,0.039182696,0.03556016,0.0072361226,0.043091867,-0.049445074,0.075467244,0.045881372,-0.017486183,0.021777414,0.050324757,0.0033260477,0.011313291,0.02593097,0.028579792,0.028314367,0.022854881,0.02217018,-0.031154715,0.022493906,0.011831897,0.01905215
2007-12-31,0.015589426,0.0056662867,-0.029827027,-0.016672427,-0.014620492,-0.0020211716,0.010411703,-0.0086768195,-0.0037927765,-0.0035094083,-0.0056171794,-0.020256571,0.009603418,0.0055294354,0.0017903382,-0.008720483,0.0066760504,-0.0005341845,0.0018252943,0.002716864,0.027375158,0.010767918,0.0064561428,-0.022265874,0.029660406,0.02269711,0.008237301,0.056668043,0.037805337,-0.00035121784,0.030421773,-0.003401648,0.014967805,0.0001636088,-0.016854975,0.015963724,0.022181928,-0.0031295742,-0.0035335312,-0.026795369,0.009891386,-0.0031081743,0.028220607,0.0042139534,0.013803571,0.0027437848,0.007019888,-0.0011913767,-0.0023011754,0.04272684,0.027249834,0.012304088,0.0004886609,-0.004137317,0.0054635634,0.020384965,-0.007777076,-0.0077589354,-0.013895854,0.011800553,0.015172033,-0.005050675,0.0059103942,0.0069842623,0.017002936,0.010575464,0.010986322,-0.040445324,0.010621104,0.029129656,0.01040389,-0.006529798,0.022899525,-0.0017621113,0.012128458,0.00773306,0.011240561,0.009279498,-0.0014315982,0.00754862,0.022619445,0.014867104,0.02574231,0.017428618,0.011679669,0.0128627345,0.02495531,0.013277991,0.013110143,0.037431717,0.04021738,0.022549445,0.0076204636,0.031294264,0.009528006,0.0050969226,0.00037459805,0.009593396,0.01178426,-0.015542155,-0.008605899,-0.014988383,-0.033743348,0.042931512,0.009695281,0.0275517,0.011895975,-0.00025934432,-0.019769318,0.0014665152,0.002810915,0.03727134,0.024994645,0.04965596,0.021044046,0.027404694,0.011238788,-0.016666794,0.03523022,0.06170994,0.02032701,0.0102878725,0.024368325,0.0049399403,0.01038077,0.013804912,0.014497731,-0.0058240946,0.0034891637,0.009925178,-0.0180816,0.0035289917,0.031117337,0.029284863,0.011960547,0.035073362,-0.03990203,0.061670672,0.03327992,-0.010930611,0.018752929,0.040377393,0.0023498891,0.011010422,0.020714425,0.021056637,0.024282869,0.01877414,0.020897727,-0.02183731,0.018532693,0.009565107,0.016627626
2008-01-31,0.014438199,0.0058907247,-0.02832904,-0.012679032,-0.0065511037,-0.002920406,0.0030557981,-0.0051077073,-0.009864818,-0.0061128037,-0.00309881,-0.015914679,0.01655515,0.007859958,-0.0035428784,-0.009804126,0.0019458327,0.001447613,2.4200152e-05,-0.0012976194,0.024380557,0.011874495,0.007652145,-0.01919935,0.03376235,0.02495492,0.014933781,0.056858648,0.03679675,-0.001207407,0.02987303,-0.010086973,0.01684048,-0.0020346344,-0.012399452,0.01666453,0.01944225,-0.001961866,-0.0064471206,-0.030511236,0.011928312,-0.0061838287,0.025683327,0.006537986,0.009524726,0.0018207936,0.006177196,-0.0034952709,-0.0068393205,0.040177982,0.020339156,0.012588925,0.0036173668,-0.0014673856,0.007429116,0.022136834,-0.0025915483,-0.0045025796,-0.012035063,0.0073311804,0.015725939,-0.0044361376,0.0053019584,0.008482391,0.023683185,0.0029445079,0.005679234,-0.035723705,0.009199688,0.034549836,0.008232735,-0.0079694195,0.025438633,-0.0028472587,0.010820893,0.009293018,0.010341001,0.0044602756,0.0065468126,0.0035773062,0.029775286,0.011284967,0.026162086,0.013668956,0.010911872,0.00973372,0.022566907,0.010970082,0.015602935,0.03735882,0.0381902,0.029574348,0.008485519,0.03112811,0.006948197,0.011690863,0.006757721,0.011043935,0.013559707,-0.010755184,-0.009236531,-0.01843816,-0.03330232,0.042541575,0.015600488,0.029132966,0.014877244,0.0028154023,-0.016128626,0.000638274,0.0022911632,0.03501477,0.019086493,0.051990595,0.01522684,0.02812851,0.014283363,-0.018033374,0.042272698,0.06634923,0.021801421,0.0119974995,0.02790071,0.009661139,0.012878144,0.014652055,0.012563134,-0.0021745437,0.004820701,0.007747127,-0.017934717,0.0051911473,0.031725127,0.035816204,0.010844457,0.035322733,-0.04390976,0.06284091,0.03120938,-0.012946821,0.025519902,0.043614395,0.0040574544,0.011771085,0.020621857,0.026881306,0.02245695,0.021336313,0.022629991,-0.018536594,0.021310994,0.014337369,0.019136641
2008-02-29,0.014053769,0.0014783712,-0.040833928,-0.017379852,-0.0116258,0.0048317285,0.021002723,-0.012737788,0.002355804,0.010579558,-0.00060465664,-0.024149165,0.002784469,0.002671933,0.014026677,0.006862649,0.009480106,0.012185806,0.0077931457,0.002412541,0.024888609,0.020870898,0.012503301,-0.019965444,0.034231097,0.024702234,0.007142169,0.06905632,0.04552118,0.007918311,0.031240856,0.0023474183,0.013092213,0.0029052955,-0.018829016,0.023142835,0.029593186,-0.00970335,-0.004203284,-0.028744785,0.009709796,-0.0020735455,0.044535343,0.010408617,0.029270986,0.004006015,0.0144932475,0.004654475,0.003083169,0.046753235,0.030901516,0.016971687,-0.0030632715,-0.009369341,0.013995298,0.033540834,0.0010977136,-0.0028942607,-0.015293798,0.029471017,0.00025678414,-0.012124124,-0.0102912225,-0.0072900103,0.025642857,0.01195553,0.011211115,-0.038304288,0.017753504,0.029680457,0.0129987765,-0.009935538,0.020578865,0.009350255,0.010769579,0.004634441,0.010775583,0.0013235647,0.0010798456,0.020449642,0.023176042,0.0062681935,0.027310535,0.01118266,0.003969992,0.015430839,0.028130632,0.015888441,0.022503916,0.04536771,0.04580226,0.02680565,0.010633103,0.048630934,-0.004594117,0.0069953185,-0.0007520002,0.013953159,0.015648045,-0.017819256,-3.6111855e-05,-0.022479862,-0.026110766,0.023862632,0.0069349655,0.024922095,0.009381017,0.0003521304,-0.024514941,0.0008211262,0.001411647,0.044227008,0.026719997,0.04617784,0.011231016,0.05539528,0.0033030512,-0.014413133,0.033182576,0.06462534,0.014661093,0.0070093097,0.03281718,0.011321355,-0.0039378377,0.012259494,0.02083312,0.000109090935,0.0064411275,0.022655496,-0.013127676,-0.0052687656,0.03626915,0.039351292,0.005090358,0.032788128,-0.04755439,0.05467273,0.038680572,-0.00882606,0.026948411,0.041697003,0.002712578,0.017075177,0.024713052,0.036227923,0.023647305,0.012548415,0.027365558,-0.0225188,0.012586272,-0.002589198,0.011888847
2008-03-31,0.012599534,0.001606303,-0.040374145,-0.017233558,-0.0048326673,0.008448941,0.019491598,-0.021702718,0.0032090077,0.012766117,-0.0027063931,-0.026697326,0.0014247317,-0.0024819123,0.014996644,0.015284337,0.010575292,0.018509934,0.012229397,0.0031324015,0.025717694,0.02276599,0.01825196,-0.016677428,0.04126194,0.03169501,0.0052495925,0.073784165,0.05087379,0.006849678,0.029825475,4.656421e-05,0.013190629,0.0016418286,-0.018567292,0.024937108,0.031045066,-0.011849009,-0.0033169314,-0.035037547,0.0069748345,0.0014575903,0.049914703,0.015630294,0.03301714,0.0064698616,0.014566602,0.006069881,0.0028487945,0.0467819,0.026792698,0.01935884,-0.006402512,-0.01328356,0.016165826,0.037265763,0.0031531188,-0.0054024984,-0.018740702,0.036216356,-0.0048807454,-0.013767584,-0.01624951,-0.011374807,0.03183236,0.011188704,0.013665593,-0.037252665,0.019553684,0.028976016,0.011625857,-0.01214173,0.021637643,0.011353668,0.009977209,0.0071593514,0.0073340754,-0.0023254002,0.009065035,0.022424817,0.023271225,0.0069147605,0.025202813,0.010290884,0.002051996,0.014181358,0.025711246,0.015789123,0.023497911,0.054546043,0.04983518,0.03040001,0.01192616,0.054026596,-0.008508806,0.009358567,-1.4877207e-05,0.0142326085,0.015246872,-0.026186883,-0.002320672,-0.02830847,-0.01996705,0.014521604,0.010767641,0.026088536,0.012492932,0.0018088563,-0.018923365,0.003281498,0.009421138,0.052414317,0.03221416,0.048181355,0.016686935,0.07473693,0.0037091402,-0.01277359,0.036677547,0.06284286,0.015792878,0.009705202,0.042367917,0.012850029,-0.00826037,0.0038603905,0.022934359,0.00256316,0.009159153,0.016885525,-0.012468562,-0.007454058,0.032541543,0.03771648,0.011458461,0.03697843,-0.039186127,0.05051159,0.042974733,-0.00702325,0.0306401,0.040480155,-0.0014152243,0.02496294,0.027787631,0.045832336,0.021165146,0.01087662,0.030110091,-0.02231078,0.011463493,-0.005518229,0.012224916
2008-04-30,0.0013979672,0.007756098,-0.020666862,-0.00829959,0.0030153792,0.0148307085,0.007089724,-0.008665076,0.0034318375,0.007788439,0.00016105802,-0.017234592,0.0002676335,0.0032736352,0.007177341,0.007845205,0.0069422834,0.018544046,0.01410601,0.007075932,0.0087230485,0.022329748,0.01310007,-0.0075762,0.037955374,0.028973786,-0.0075296136,0.047768794,0.032736324,0.0031870224,0.027386537,-0.0066599003,0.002727228,0.00893427,-0.008532297,0.02483921,0.013694535,-0.0043568015,-0.0021292942,-0.025976123,0.012930887,-0.00069990323,0.038461108,0.014338351,0.022047801,0.0108885635,0.017744381,0.0074526607,0.01109412,0.033360474,0.020562977,0.01917496,0.0049937014,-0.0010341866,0.010186118,0.023595173,-0.0026974957,-0.013342742,-0.019572278,0.018754765,0.005530821,-0.002254366,-0.0010262518,0.002811053,0.020142088,0.014018571,0.013548689,-0.022192007,0.021579428,0.028016811,0.0147955995,-0.008761987,0.018859057,0.011576941,0.011160858,0.010130731,0.0036666617,-0.0004816261,0.005954625,0.014537918,0.021312827,0.006425235,0.022224015,0.013921876,0.005219726,0.015827624,0.018840658,0.019089827,0.025132377,0.040982276,0.03709679,0.029731382,0.011848325,0.042700138,-0.00019896893,0.016404852,0.0076090163,0.014060369,0.012594548,-0.014037968,-0.0036959366,-0.020819582,-0.017892757,0.017449548,0.015036535,0.014607515,0.018100023,0.009660517,-0.005282873,0.006889455,0.012218656,0.044301767,0.024301684,0.037465457,0.014057916,0.046764005,0.0048160725,-0.0038306923,0.030201059,0.049771417,0.013111115,0.013858364,0.029348966,0.0051354305,0.0030464525,0.007646906,0.0063207997,0.012014157,0.01573301,0.0060750893,-0.0045665074,-0.007472643,0.023681046,0.033815023,0.01536043,0.017951677,-0.022674989,0.039850786,0.027119942,0.0013948709,0.014403935,0.030391255,0.0009664935,0.016272845,0.02011823,0.035505272,0.012893,0.01166076,0.03045526,-0.004236781,0.0119380215,-0.0006935108,0.013908176
2008-05-31,0.000375145,0.0069899247,-0.035028487,-0.02651865,0.0058252565,0.010927879,0.005491293,-0.011244599,-0.00052240933,0.006617533,-0.012144918,-0.024364369,-0.00909521,-0.011339676,0.009261638,0.007921325,0.0041222926,0.019020783,0.011819997,0.0009115157,0.008475725,0.022027656,0.016499951,-0.013463429,0.055527307,0.044616185,-0.028247276,0.07371104,0.048211683,-0.0014677853,0.029002542,-0.0052083465,0.01420387,0.00981929,-0.028309401,0.032730132,0.012641484,-0.0085781235,-0.007466085,-0.034952343,0.014073814,-0.0015586133,0.05362215,0.013698297,0.024783665,0.016885597,0.016940381,0.008999249,0.013676426,0.036691062,0.0185922,0.010883013,-0.00034676332,-0.0020742526,0.0093245525,0.028458785,0.00077663834,-0.010660731,-0.0211262,0.023919953,0.00157738,0.0014889638,0.0028054612,0.004586396,0.034608893,0.010020561,0.01657543,-0.047013175,0.019678716,0.03567928,0.012483098,-0.014439554,0.020851478,0.010090293,0.0042768526,0.01566653,0.009735768,0.00023133545,0.010279031,0.020478532,0.031109026,0.007181411,0.028902102,0.01691641,0.004983368,0.01336366,0.017518127,0.017947149,0.028759854,0.055921603,0.050570328,0.04543222,0.009819142,0.05678926,0.0017897652,0.027988171,0.01708409,0.021590821,0.022858553,-0.021471947,-0.0010699433,-0.034479626,-0.031676915,0.018993014,0.018702824,0.027994445,0.026052734,0.0033908444,-0.006921798,0.011142847,0.015085702,0.06314517,0.034631435,0.04844844,0.025144733,0.06862644,-0.005953952,-0.015738202,0.036048118,0.06209551,0.010355513,0.01067135,0.02314911,0.0073559224,-0.004620881,0.004696503,0.0055621355,0.013654351,0.015298451,0.0044850972,-0.012426258,-0.006047851,0.03481413,0.043975335,0.025615366,0.027701749,-0.011384514,0.047049128,0.031837203,-0.0063009015,0.022295598,0.036618188,0.0013721538,0.03170837,0.032638878,0.054487113,0.01224272,6.766699e-06,0.038008425,-0.012882719,0.00063102774,-0.018252151,0.004152827
2008-06-30,0.0020136558,0.005285233,-0.031609297,-0.020533169,0.014610316,0.0075498545,-0.0024069885,-0.009162127,-0.0079431925,0.0019494236,-0.022479322,-0.014204953,-0.0067792055,-0.018717946,0.004094653,0.013157578,0.0007756134,0.02118597,0.008975442,-0.005091626,0.0052291784,0.022233108,0.014087204,-0.013495446,0.062244207,0.052561797,-0.02550955,0.08329451,0.04383892,0.0020537975,0.025563931,-0.011516577,0.015219935,0.0018583081,-0.024728835,0.031497788,0.011475888,-0.009947537,-0.00884893,-0.03573388,0.01593912,-0.00045916872,0.05302126,0.007881387,0.023925675,0.015204657,0.015612445,0.0010185774,0.0023149643,0.03213552,0.016039055,0.012698244,0.0035552902,0.0019152052,0.0062936503,0.026574433,0.0015950775,-0.009969063,-0.024826745,0.024396237,-0.0014446992,-0.0037450308,-0.0029918882,-3.0997602e-05,0.040115196,-0.00059380353,0.0152438115,-0.03802729,0.017297609,0.037734196,0.0056872335,-0.018313257,0.024517147,0.009159538,0.0012187287,0.020655729,0.009819158,-5.522372e-05,0.017247293,0.018719774,0.039140843,0.009369851,0.03616213,0.021693043,0.011935288,0.005669054,0.010256965,0.0138879195,0.027030833,0.05940958,0.049016535,0.053063873,0.007728924,0.058172844,0.0042729885,0.03514156,0.025753237,0.022651462,0.022600455,-0.022184446,-0.0026576305,-0.04335802,-0.022724567,0.015839057,0.028931538,0.03625132,0.03317868,0.006223152,0.0034224568,0.016945403,0.027182741,0.053707663,0.034939077,0.04276377,0.030762801,0.054918516,0.0001571156,-0.021317592,0.025862496,0.0502307,0.01165035,0.010314698,0.022966975,0.011350204,-0.0037887525,0.001894615,0.007228882,0.010016164,0.012826902,-0.004748773,-0.019235292,-0.0021571727,0.031404432,0.052599806,0.023046268,0.032933433,0.005005108,0.03950242,0.037049107,-0.011908267,0.012828098,0.033466116,0.0048135435,0.0353682,0.031936195,0.05948316,0.00961526,0.00086262723,0.039340112,-0.010405675,0.0012778084,-0.020622864,0.0043783193
2008-07-31,0.0023608557,0.0056098383,-0.027064133,-0.016284684,0.018843273,0.009698984,-0.0068101934,-0.013488721,-0.0056942115,0.001052368,-0.02619327,-0.008054321,-0.009641166,-0.024308091,0.0024361492,0.018114394,-0.0016183387,0.023234187,0.010465634,-0.0072320257,0.0037159414,0.0222854,0.016469574,-0.010079137,0.066661455,0.05602803,-0.026006754,0.07886256,0.044029802,0.00066445017,0.02114366,-0.014113749,0.01763252,-0.0006208011,-0.020967662,0.029138478,0.010120599,-0.012330734,-0.0066116313,-0.036773343,0.013816608,0.0003746043,0.049272284,0.010547273,0.021944685,0.015200114,0.015334673,0.0003293263,-0.00032322106,0.028746853,0.0057666213,0.011752681,0.0035575063,0.0012974117,0.006474394,0.02655874,0.00088337343,-0.010993003,-0.025727602,0.025703408,-0.009019713,-0.0066005588,-0.008086888,-0.0045476393,0.042966746,-0.0015544321,0.017193453,-0.031015933,0.01781617,0.034605287,0.0057254517,-0.016915534,0.023609258,0.00849581,-4.770065e-05,0.022436373,0.008864978,-0.0010276067,0.022353131,0.015599626,0.03705216,0.010787045,0.034146808,0.022313643,0.011016081,0.0048736706,0.007404011,0.0147538595,0.025225366,0.06238394,0.046298213,0.053488895,0.008319661,0.056432758,0.00080229604,0.037937902,0.028069327,0.023251584,0.021506982,-0.025056254,-0.0052881204,-0.04376144,-0.015513008,0.010673928,0.031064201,0.0377534,0.035260428,0.0044545946,0.014136646,0.023544863,0.035774637,0.053123605,0.034584828,0.03827388,0.037493926,0.055377096,-0.0016052541,-0.020334287,0.023102868,0.042297233,0.0059271445,0.0058983015,0.020561725,0.010185997,-0.010481996,-0.0031424763,0.008631617,0.011770969,0.013402623,-0.010753878,-0.018572316,-0.0021977634,0.02663903,0.04954966,0.020025216,0.03100431,0.013720861,0.03085849,0.037858207,-0.011422588,0.011128096,0.027847243,0.0046103895,0.03834129,0.030108113,0.06299266,0.0064023463,-0.002609669,0.036870316,-0.007970118,-0.001995813,-0.024727346,0.0017049289
2008-08-31,0.008766213,0.008702372,-0.012452974,0.0012972002,0.018268807,0.013390326,-0.0041443207,-0.0035485819,0.00520118,0.008676569,-0.019962506,-0.015755547,-0.0038901789,-0.0071523036,0.008124368,0.01793671,0.0118759,0.026379408,0.023547929,0.0071718576,0.025861606,0.024792776,0.006342731,-0.00965284,0.060406484,0.04725878,-0.013134417,0.108674176,0.031378105,-0.0010738912,0.021681538,-0.013037202,0.0202471,-0.007954342,-0.0024417706,0.012386093,0.006670272,-0.018846245,0.00080483744,-0.030898545,0.01757997,-0.010042054,0.048648182,0.011342546,0.0268519,0.016326828,0.020050894,0.010730053,0.011004089,0.035464924,0.015832024,0.009400899,0.01971397,0.014594914,0.004587301,0.01366025,0.00093030167,-0.006742237,-0.01986154,0.028644284,-0.006426316,-0.010347267,-0.01424507,-0.014859138,0.022281885,0.011213432,0.018943103,-0.0043134997,0.02806707,0.03116609,0.018507754,-0.0043476336,0.031153798,0.012255948,0.0009196676,0.017755121,0.010958826,-0.001276977,0.021322662,0.019528136,0.034245417,0.021086812,0.02806101,0.02734333,0.01404516,0.021001935,0.021579055,0.027126458,0.020493116,0.052241888,0.035668157,0.046242643,0.012995514,0.049433544,0.0002311936,0.038120557,0.027377121,0.018031944,0.010583592,-0.011176421,-0.0037814095,-0.02499963,0.004948313,-0.011286525,0.026154088,0.02947821,0.03213251,0.008787123,0.04033872,0.0420467,0.062220555,0.057704538,0.020983003,0.024368942,0.04444081,0.07842104,-0.033259768,0.0063364096,0.0061338614,0.022624364,0.014849385,0.01580174,0.032805804,0.021155933,-0.014500757,0.010825583,0.014533247,0.006863404,0.017686203,0.0015287726,-0.016996237,0.0009697202,0.024662701,0.038192183,0.0068107676,0.022292156,0.008598689,0.013980583,0.036773283,0.013468736,0.04068844,0.035621524,0.0005997652,0.030031834,0.021293372,0.05506475,0.010292028,-9.336223e-05,0.01704901,0.00066561677,0.0011322488,-0.019860486,0.0050927373
2008-09-30,0.017912444,0.0113017345,-0.011180973,0.013597228,0.019370086,0.014503506,0.006002938,0.007573504,0.0055483542,0.017836882,-0.030047214,-0.032883152,-0.008628066,-0.01105819,0.015238537,0.023780633,0.0066666743,0.029328492,0.019795487,0.005083266,0.028629862,0.027944116,0.0049113915,-0.0033186327,0.06425333,0.051651333,-0.013902462,0.08338425,0.026964862,-0.003723676,0.0129536325,-0.0054549817,0.019599987,-0.01801184,0.0072799763,0.0056743906,0.0077719777,-0.023012385,-0.012529517,-0.026723992,0.01676009,-0.017859261,0.0635894,0.012284196,0.03534496,0.02089065,0.021790458,0.013985433,0.010345642,0.02840916,0.01980527,0.00543967,0.034517296,0.027476486,0.014465966,0.018732049,0.010691569,-0.0057669864,-0.016808178,0.039479185,-0.011022512,-0.009288756,-0.016973492,-0.018308869,0.017740794,0.010458013,0.015553198,0.0116506815,0.032262303,0.023934133,0.017398171,-0.007370497,0.030062662,0.015053553,-0.00109626,0.023549177,0.011459653,-0.007932107,0.020719657,0.024749517,0.027063161,0.0029836642,0.021853197,0.014138152,-0.0019138796,0.019883217,0.01888537,0.020242471,0.015095395,0.052992582,0.04151958,0.044379562,0.002452353,0.06165605,-0.0018578314,0.04170435,0.031410012,0.02022349,0.012698408,-0.00039423874,0.0038663687,-0.02089086,0.021452215,-0.027924575,0.027498318,0.023833003,0.037146214,0.0106823,0.030503362,0.035722252,0.051447574,0.045498677,0.021556798,-0.0003291179,0.02129184,0.056159537,-0.05973697,0.0055065607,-0.014552919,0.004414649,0.003774119,0.0015088959,0.016318604,0.010778229,-0.022911014,0.02063263,0.0038715107,0.0174142,0.019592281,0.014689048,-0.0056449794,-0.010843469,0.02811363,0.038521416,0.006924287,0.015334859,0.012380954,-0.011933317,0.04477994,0.013806782,0.022193417,0.017175088,0.00014924313,0.03517824,0.022740778,0.045223575,0.0017959332,-0.0039542983,0.007869445,0.00677971,-0.0021244583,-0.024643164,0.0009775278
2008-10-31,0.016902177,0.010999663,-0.004665801,0.01890356,0.01651126,0.018611776,0.011674334,0.004822353,0.014336554,0.018254653,-0.0047719087,-0.03624131,-0.0014506725,0.008104474,0.01910348,0.019425645,0.011220774,0.034939196,0.02347302,0.012284724,0.033377796,0.03438813,0.006277028,0.0016249022,0.056237116,0.04676398,-0.015161473,0.050953288,0.025132513,-0.012521813,0.015635645,-0.0050348053,0.018280134,-0.014191762,0.015007331,0.0022204847,0.012721187,-0.028240355,-0.016076671,-0.017442057,0.01850387,-0.009753256,0.061428975,0.0104769785,0.037059944,0.026803637,0.03519078,0.025065066,0.01827465,0.032168925,0.027485082,0.0043383255,0.039124683,0.028847868,0.018138554,0.019129613,0.005514558,-0.011341504,-0.02037348,0.046385743,-0.0026060836,-0.0015266981,-0.008868553,-0.010599869,-0.00091850857,0.016448198,0.025326058,0.017675973,0.037634104,0.02566905,0.02041471,-0.0032321236,0.03257688,0.012281193,-0.0016721268,0.01919212,0.014594823,-0.00083105074,0.014639763,0.032334965,0.022667572,0.0072724423,0.025243627,0.018737504,-0.0017724572,0.026661187,0.025118679,0.021554753,0.017563172,0.044747606,0.034508742,0.035100188,-0.002644831,0.056700747,-0.0075828363,0.03630369,0.025336275,0.023113623,0.01332103,-0.0035020632,0.0045358357,-0.011401926,0.018512664,-0.010672996,0.027828308,0.010124299,0.03542836,0.021732518,0.039624177,0.042735357,0.05825322,0.05627457,0.03729043,0.0067278645,0.03901631,0.042945113,-0.03332521,0.010277825,-0.010140357,0.004502505,0.0063083833,0.003303118,0.010982441,-0.003623657,-0.017807525,0.018666968,0.0047066375,0.019405093,0.022154467,0.012892736,-0.0019899271,-0.013471343,0.032469075,0.02663207,0.0026359682,0.005624272,-0.001045404,-0.0061108335,0.0450418,0.02076202,0.040344376,0.03416149,-0.008811312,0.030655112,0.019308528,0.036072537,0.0069945827,0.0042665466,0.0021033324,0.010140206,0.006642939,-0.014154041,0.011474226
2008-11-30,0.011154936,0.009822087,-0.00017051885,0.021560017,0.013613231,0.017279556,0.0037619995,-0.004938693,0.017742502,0.011644092,0.018540276,-0.006932541,0.018845424,0.024015246,0.0098419925,0.0054928055,0.0162706,0.034726404,0.023916464,0.019622823,0.029181797,0.026800666,0.0067774127,-0.001891548,0.053139344,0.04147574,-0.002472749,0.050760802,0.025633156,-0.016626624,0.019185407,-0.008863792,0.014577435,-0.008358541,0.020739235,-0.014714633,0.02045686,-0.025704892,-0.005504658,0.0011285276,0.01820276,0.0060179033,0.038512677,0.0118557615,0.028642254,0.025845248,0.030676236,0.024209479,0.020775123,0.036342792,0.021287665,0.0024952872,0.03445313,0.023520876,0.025162747,0.026577104,0.012516586,-0.0013402966,-0.013969074,0.03278955,0.0035721683,0.003623994,-0.0036187184,-0.007424662,-0.012996323,0.018755333,0.020047002,0.01637511,0.03644783,0.030214338,0.021065796,-0.0034266936,0.028831568,0.009521712,-0.002336979,0.017530056,0.015602929,0.0036292656,-0.00025620402,0.022282055,0.024667352,0.0092827175,0.029081088,0.021461189,0.0016092446,0.02885272,0.029352939,0.025105853,0.016066648,0.04051769,0.023606377,0.03621624,0.0010636759,0.03706991,-0.01142757,0.035053715,0.023216894,0.02415826,0.014160306,-0.013103763,0.009175422,-0.0028781097,0.01717922,0.011605858,0.028668324,0.0051572765,0.03615579,0.029423347,0.04774046,0.037145652,0.061632697,0.052730307,0.0347367,0.019412367,0.04396368,0.019203478,-0.020056853,0.023374645,-0.0014267033,0.009545677,0.014562061,0.014009985,0.01778888,0.0031444076,-0.0020859796,0.010956095,0.0057518524,0.01854787,0.021549651,0.00076036743,0.0005387939,-0.011060156,0.036208354,0.01734235,0.018555725,0.008120949,0.01277705,0.012144461,0.04332138,0.033206813,0.0373907,0.03303533,-0.015063723,0.028051117,0.01338973,0.034923352,0.0065692575,0.008991392,-0.012423415,0.015535145,0.011003074,-0.004743193,0.017393377
2008-12-31,-0.002263338,0.011403845,0.00037927594,0.008697701,0.01045255,0.008784738,-0.0026395312,-0.007028112,0.007091192,0.003246446,0.019082336,0.005827781,0.021654667,0.022047397,-0.00053645513,-0.00057015737,0.010015512,0.021910256,0.015328814,0.013841718,0.013449867,0.0176872,0.0059959693,0.0023858647,0.03335299,0.026350373,-0.0020490708,0.019788448,0.012758651,-0.007874357,0.011943438,-0.010322598,0.014162705,0.00018672855,0.010049276,-0.0036715902,0.0072834315,-0.013221994,-0.0066152704,0.0010317592,0.014503023,0.008840107,0.0256889,0.00828163,0.015580168,0.017370712,0.02157557,0.018868135,0.013043545,0.029311147,0.010583336,0.0014241264,0.016637638,0.009407696,0.0107369,0.011162683,0.009738058,-0.003326546,-0.009645455,0.0126329735,0.013762764,0.013553577,0.0094919745,0.006865933,-0.0036635934,0.0111665195,0.016340295,-0.0011350765,0.025032975,0.021930404,0.012908621,-0.004389207,0.019892266,0.008464294,0.0018041688,0.011261982,0.010073278,0.0033786173,-0.0049428493,0.012372935,0.017832946,0.0014721509,0.017299376,0.010677438,-0.004037645,0.017454801,0.017109709,0.01664312,0.013916358,0.026180934,0.0148329,0.024286758,-0.0011968702,0.021346694,0.0012889475,0.020250883,0.014844142,0.015653688,0.009183221,-0.010675132,0.0074657723,0.0012740733,-0.0021522143,0.015418415,0.018680863,0.0024713723,0.021135377,0.024284076,0.029099645,0.024536839,0.038942825,0.03116156,0.022265106,0.019580882,0.03348972,0.004075219,-0.010648763,0.007937968,0.008919165,0.00876551,0.01227336,0.011813721,-0.00050168525,-0.002878834,0.0042825267,0.0033199957,0.0021832483,0.011732758,0.013126008,-0.0052461056,0.002817505,-0.0074855443,0.013482684,0.01908907,0.006408931,0.012797157,0.024084289,0.01114243,0.015542708,0.012572503,0.014056282,0.022734549,-0.005363344,0.012156549,0.0045463103,0.016287535,0.0042273137,0.016255284,-0.00069183385,0.006591156,0.017759051,0.005374057,0.021359244
2009-01-31,0.009195933,0.017815229,-0.0023004098,0.012759899,0.00999139,0.015257699,0.0012188392,-0.0011558182,0.006549881,0.012241918,0.009173532,0.000561095,0.027893197,0.022907166,0.008345938,-0.0024295007,0.011592876,0.017950261,0.011780609,0.013988079,0.01844186,0.024665093,0.013731954,0.0068242056,0.02908631,0.02245689,0.011885002,0.029622765,0.012344658,-0.012709275,0.01221235,-0.011072157,0.02450053,-0.0016740592,0.013504621,-0.006619231,0.015363375,-0.021253228,-0.0036378084,0.004077357,0.01894467,-0.004253885,0.042707905,0.006668569,0.027940402,0.02022207,0.02359359,0.021131253,0.016389074,0.01885385,0.020497154,0.005055575,0.01860065,0.010598858,0.008373245,0.009298966,0.0078038927,-0.0022908032,-0.01077854,0.02513143,4.0426017e-05,0.0058508487,-0.0020045538,-0.008282221,-0.0047608423,0.009639549,0.0118190935,0.0044856905,0.031370398,0.01973815,0.01830738,-0.0024228322,0.030091597,0.0059423163,0.0055624717,0.0053200223,0.011632518,0.0040452727,0.0008983209,0.02574986,0.020295883,0.0020240978,0.0169702,0.011112754,-0.0056946664,0.019123847,0.019685738,0.017484568,0.011477309,0.024753323,0.013024717,0.02302674,-0.0039007834,0.030279316,0.0057586255,0.016324341,0.013334404,0.013798711,0.0069890697,-0.002479098,0.004129498,0.0053234803,0.009031225,0.0064450125,0.022890927,0.017631855,0.019350497,0.02372812,0.029398141,0.025077067,0.035176083,0.02229591,0.020640869,0.0062655625,0.023335537,0.016637027,-0.02332844,0.005427488,0.00049783936,0.0018727928,0.0072216494,0.011270743,0.00225852,-0.005756961,-0.001401476,0.015823903,0.0022275355,0.011877154,0.014584533,0.012145688,0.0036346894,-0.01407332,0.015460793,0.02057287,0.011741957,0.017586885,0.018024236,0.004378353,0.019863041,0.009245672,0.00829836,0.020087264,-0.0053297435,0.0063070985,-0.002861977,0.010391529,0.010307616,0.01660951,-0.006706656,0.0028538937,0.018157074,0.0038906059,0.022494894
2009-02-28,0.0019472272,0.016701529,0.0033958915,0.0045940997,0.008210406,0.010963252,-0.0008511029,0.0020930115,0.0032329913,0.008176925,0.005709703,0.0051203063,0.024377555,0.02090643,0.0052830838,-0.010216905,0.007347105,0.013311826,0.010128983,0.010298066,0.008013152,0.019165091,0.009299063,0.0073233764,0.022012617,0.01707221,0.009454434,0.019959826,0.0070023937,-0.008388384,0.0050051278,-0.0072610904,0.015005506,-0.00033641575,0.005968601,0.0010429391,0.008001006,-0.014476937,-0.0018564085,0.0017241391,0.014761696,-0.002586551,0.031111112,0.0061653233,0.016447484,0.015489343,0.017033199,0.016023299,0.012935672,0.011121122,0.012792297,0.0028880727,0.01411993,0.008535446,0.006090198,0.00434184,0.0058048256,0.00026937286,-0.003958023,0.014352553,0.0063997717,0.014193515,0.006316138,0.0013209861,0.00049907196,0.0049357484,0.0057214084,0.0016465011,0.022006804,0.012471716,0.010166412,-0.0032314903,0.017373819,0.0058034477,0.002672453,0.0028957734,0.0092401365,0.0035608583,0.00096259516,0.017432569,0.01571356,0.001616104,0.011051243,0.008843849,-0.0018532292,0.011303344,0.010428382,0.011858624,0.0066252025,0.017184632,0.0068608946,0.019558992,-0.005248853,0.02057941,0.008168029,0.014487649,0.011599887,0.009447585,0.0037360245,0.0010842325,0.0035703427,0.0040021874,0.00522329,0.0014632766,0.016998895,0.010917273,0.015985863,0.018143501,0.017080808,0.013366469,0.018817741,0.00938743,0.009391326,-0.00330111,0.011671941,0.012727496,-0.020352818,0.0019329785,-0.007350578,-0.004267237,0.013398238,0.015987052,0.0018404213,-0.0036367753,0.008670686,0.010520145,0.00070738146,0.008933076,0.010668307,0.0070957853,0.002059205,-0.0050039766,0.010756849,0.014324285,0.0036073101,0.009903879,0.0066494355,-0.005957373,0.01388655,0.005142872,0.0038135587,0.007526893,-0.002594853,0.005466561,-0.003254484,0.005560636,0.0039411816,0.013782598,-0.00019261726,0.0027632313,0.014359209,0.005302666,0.015938861
2009-03-31,0.008798801,0.016588015,0.010169713,0.0072981413,0.016938053,0.00897069,-0.0077304197,0.0072692875,-9.4990326e-05,0.005686405,0.007813261,0.0071112993,0.031663712,0.028849294,0.0026533017,-0.01475245,0.012749039,0.013390247,0.011469415,0.011504602,0.014661437,0.021252358,0.008832411,0.007558547,0.03162258,0.026909987,0.015368471,0.029032249,0.0069289403,-0.014085739,0.007574377,-0.015541102,0.01999563,-0.0064521935,0.010183062,-0.00039214484,0.011044698,-0.0167676,-0.0029642086,0.0020756496,0.021313483,-0.00224004,0.03819265,0.003154435,0.015556448,0.017302185,0.01762292,0.01656672,0.012016275,0.012717848,0.016129758,0.004033748,0.024523087,0.01909704,0.008219596,0.005284687,0.004705947,-0.0011552406,-0.0061573633,0.015210109,0.007686522,0.01609368,0.00833468,0.00059470837,-0.0016861156,0.0040245615,0.010131656,0.00374676,0.02391582,0.020247396,0.010238387,-0.0038780447,0.02618798,0.004623168,0.0018631923,0.0037728685,0.011896211,0.0071850293,0.006552023,0.019469889,0.022210976,-0.0019560219,0.015337734,0.009864378,-0.00211442,0.012190732,0.012050391,0.012295343,0.011163616,0.021357382,0.005731577,0.028200125,-0.0058941036,0.020425308,0.008992322,0.023372076,0.021477487,0.013715532,0.0077331257,0.00447796,0.0056760646,0.0035120274,0.0065663774,0.005202237,0.02545247,0.0133243585,0.024365956,0.026063917,0.023055108,0.017046785,0.025162537,0.009214044,0.013563178,-0.003754098,0.014119807,0.007995323,-0.021379044,0.004792587,-0.0063994895,-0.0055258386,0.01679004,0.018767713,0.0017409775,-0.0020099343,0.010801486,0.016045894,0.00088957325,0.0062627695,0.0077640926,0.0035581999,-0.0010367399,-0.0052604373,0.017300945,0.013168953,0.006050391,0.009998844,0.010611412,-0.0048815166,0.013966328,0.0056215823,0.0073698866,0.00658768,-0.004113861,0.0091984775,-0.0060149203,0.007751313,0.007691613,0.016605748,-0.0013789103,0.009514582,0.017319614,0.0065148585,0.017162383
2009-04-30,0.017953098,0.019080581,0.0058163996,0.026523693,0.026947321,0.020271633,-0.004596773,0.015531166,0.00855013,0.018061107,-0.008796895,0.0025537477,0.038497344,0.036315884,0.010763967,0.0007207034,0.023167996,0.02511305,0.01780008,0.01750953,0.040594634,0.025978247,0.016247375,0.01879427,0.057836317,0.047238477,0.028576251,0.042942025,0.007483321,-0.02181904,0.0074033057,-0.023119748,0.026862439,-0.013054066,0.024915744,-0.017494565,0.012062315,-0.018561156,-0.010758638,0.0015281377,0.033703987,-0.0070705507,0.0639353,-0.0065080854,0.025988685,0.024120823,0.016274732,0.021717377,0.01660961,0.003407121,0.03142523,0.0074165533,0.043705612,0.03416782,0.01520457,0.0126859695,0.0005850624,-0.006732132,-0.01858162,0.031980567,-0.008744391,-0.0012765753,-0.0078646615,-0.02034551,-0.0072576683,0.011330745,0.014079483,0.020649992,0.037752684,0.028527126,0.020047033,-0.009399599,0.04563336,0.014263052,0.004043772,0.006795663,0.013533404,0.0027546291,0.018953612,0.029499827,0.028589576,-0.01914923,0.015090848,0.0026245504,-0.012325828,0.02337211,0.030789187,0.023494085,0.024123663,0.041084457,0.010821755,0.043229207,-0.010580842,0.03863919,0.0043269135,0.0433029,0.036142405,0.019039422,0.00894327,0.012715665,0.008320856,0.009563774,0.037503134,-0.012208881,0.03729992,0.017869743,0.039542433,0.035893265,0.050439753,0.056292005,0.050435282,0.013389448,0.011513613,-0.017741531,0.01327999,0.016304346,-0.039385114,0.020749552,-0.02664091,-0.020591162,0.0066172495,0.0055472436,-0.0086087035,-0.011871386,-0.0070591494,0.032087673,-0.0062283142,0.015955457,0.009524322,0.017089019,0.010248385,-0.017731987,0.02205861,0.0051551796,0.025765175,0.013352582,0.0042470386,-0.016097346,0.009911325,0.018057091,0.01910257,0.016211068,-0.014841131,0.019506602,-0.00818564,0.022494536,0.0050696027,0.019970192,-0.012748015,0.014713751,0.021036366,0.008570616,0.018571492
2009-05-31,0.03376866,-0.0019378751,-0.021430405,0.061918903,0.013296116,0.01760001,0.012091025,0.022665575,0.004947867,0.030447375,-0.017687691,0.00071965577,0.017124893,0.019068528,0.023710718,0.025870753,0.026835984,0.017931828,0.018239046,0.0123490635,0.04461772,0.00043659343,-0.00046573477,0.0051231086,0.043264445,0.03379068,0.037205167,0.03728637,0.003022127,-0.0049411473,0.015182923,-0.0053452817,0.031609043,-0.032533545,0.057618253,-0.050349116,0.021575658,-0.020106599,0.005463408,-0.0040095053,0.017411185,-0.015939707,0.0516232,-0.001124593,0.03470826,0.0041904077,-0.00858937,-0.005881361,-0.008399873,0.019376006,0.013984298,0.016794106,0.039487418,0.028740335,0.009798683,0.0059292195,0.007058049,-0.00016797947,-0.018210946,0.042398658,-0.04380449,-0.040021267,-0.043498,-0.047481276,0.0028868904,0.021502892,0.01060136,0.060866594,0.021026978,0.020727456,0.025751404,0.0045816,0.02839771,0.008812728,0.011637319,0.008297326,0.008841444,0.010131756,0.029381901,0.024286872,0.017917344,0.002577477,0.011542324,0.009332722,0.0051867003,0.026232287,0.030364575,0.020489879,0.0009420766,0.029928086,-5.178178e-05,0.017126493,-0.003040232,0.0291037,-0.005855272,0.030733917,0.027411297,0.014804357,0.005206406,0.023023587,0.0012701688,0.0067919204,0.06356863,-0.038107786,0.020984,0.02260213,0.023815487,0.012926165,0.04578595,0.051065914,0.039307028,0.03235311,0.0050192643,0.0033614254,0.023677098,0.05056892,-0.026490888,0.011708052,-0.00021476569,0.013799298,-0.016243355,-0.017251614,0.008408781,-0.0026380406,-0.04095627,0.030298458,0.013763806,-0.01026675,-0.0008178606,0.036118887,-0.010364463,-0.0045558023,0.009590638,0.007841906,0.017200839,0.021967785,-0.0069296486,0.004994754,0.024535771,0.0037553508,0.0264452,0.023241833,-0.014903604,0.0069307107,-0.0143044125,0.028089447,0.021158822,0.012237656,-0.04915385,0.003213137,0.013050224,0.0019945723,0.014819835
2009-06-30,0.022056084,-0.004933964,-0.015677625,0.03316054,0.0044196057,0.0070470506,0.013743134,0.0030750863,0.00050580344,0.021278694,-0.018386262,-0.0050328355,-0.0045260037,-0.008186509,0.018034618,0.019914186,0.009945463,0.0026412427,0.0009199148,-0.0037270777,0.018725226,-0.0067331027,-0.0042964043,-0.0020945433,0.017792482,0.014582673,0.015095368,0.029679405,-0.0009514207,-0.0040403297,0.0062380508,0.0017123185,0.016784804,-0.015612343,0.028740067,-0.02692891,0.014572218,-0.010767028,0.010888456,-0.007690083,0.0017920857,-0.007846713,0.028803637,-0.0024150119,0.021446276,-0.0049413317,-0.013519761,-0.010149621,-0.010724822,0.010177535,0.0034301798,0.008149454,0.009029137,0.0053604357,0.000120229495,0.0022412532,0.00022809791,-0.00044604548,-0.010170974,0.02899428,-0.03031763,-0.038633253,-0.029562742,-0.03116632,0.010429451,0.008457896,0.00468521,0.03164516,0.004592733,-0.0012826639,0.014329492,0.008129435,0.008936718,-0.003767394,0.007877277,0.0020143683,-0.00013565696,0.007062916,0.020673448,0.00966018,2.75295e-05,-0.00019203265,-0.0017876695,-0.00144314,0.00040675307,0.01039638,0.008478317,0.007850553,-0.0018424641,0.017362572,0.0033687602,0.0030356185,0.0028831987,0.021823842,-0.0078179445,0.008837854,0.008885293,0.0027274855,0.0008395417,0.0037858346,-0.0041264766,6.0460523e-05,0.036894158,-0.038192425,0.004779802,0.015430893,0.005063203,-0.0054273433,0.017557332,0.022502497,0.015143274,0.005051127,-0.0017709681,-0.010565861,-0.0042692325,0.021486286,-0.011814009,-0.005809819,-0.0037497696,-0.0041896114,-0.013613744,-0.016226863,0.011715506,0.0053468063,-0.029763915,0.0065353443,0.010435083,-0.01397654,-0.008547985,0.018506305,-0.0068088155,0.00139768,0.0027648415,0.00726989,0.008359164,0.01377596,0.0020377757,-0.011671483,0.016081367,-0.00974595,0.015696742,0.013561477,-0.0057611447,0.0039013787,-0.006454899,0.020282114,0.014956717,0.0041604517,-0.026315652,-0.0067921807,0.0045035244,-0.0007556854,0.003821731
2009-07-31,0.038819768,-0.005383146,-0.028551253,0.06442778,0.008521146,0.01664549,0.017503478,0.012153309,0.004000804,0.033547718,-0.0077033904,0.0197926,0.029135283,0.022142073,0.026980452,0.015516166,0.014641601,0.0061035906,0.004828161,0.004652296,0.050905835,-0.0109830145,0.00087414816,-0.00033925913,0.026166918,0.021384716,0.04929226,0.036334112,0.010521909,-0.0021621296,0.020224003,-0.0019291645,0.034617238,-0.029844739,0.05794468,-0.052420005,0.027628167,-0.014932188,0.008238194,-0.009146976,0.00062755775,-0.020768564,0.04508066,0.001597643,0.033081613,-0.0049770284,-0.018138928,-0.012121018,-0.011437897,0.012801692,0.01401566,0.0155679295,0.028284788,0.022090277,0.011135711,0.015005178,0.00051006774,-0.00096733577,-0.011925212,0.042530127,-0.037819628,-0.03943338,-0.03577187,-0.040303342,0.003290051,0.02021115,0.0029277608,0.06750435,0.016474333,0.010904731,0.025454018,0.004924154,0.02667363,0.0009325586,0.015827784,-0.00042916113,-0.0040238663,0.013034913,0.0329401,0.014686451,0.0034278103,0.003712076,0.0019135515,0.004370615,0.008288635,0.02370752,0.028434128,0.02082403,-0.008950353,0.02669678,0.00046387763,-0.0025478164,0.0049391533,0.022817755,-0.007019439,0.014808745,0.015536635,-0.0071734744,-0.009940209,0.017954692,-0.007006196,0.012161108,0.07028568,-0.045051202,0.008188942,0.02453187,0.0058748536,0.0036458496,0.053497497,0.05650665,0.04901075,0.015813392,-0.014645139,0.009317778,0.021786401,0.07437058,-0.030719295,0.0031018036,-0.016756041,0.008539459,0.004284061,0.008754564,0.04340248,-0.0025827335,-0.020004384,0.021697393,0.012567532,-0.015513266,-0.0040806076,0.03444076,-0.018432118,0.003952826,0.02647179,0.010996731,0.025640624,0.030621488,0.0015441428,-0.016958356,0.011344915,-0.00029451866,0.04219607,0.034798384,-0.017533865,0.0024328113,-0.015698263,0.026108073,0.025473095,0.028724723,-0.055732474,-0.012332079,0.029217822,0.020702047,0.027955953
2009-08-31,0.023743344,-0.0044730133,-0.028658815,0.043093253,-0.0027133385,0.01683542,0.019888407,0.010590013,0.012704071,0.025684265,-0.02295765,-0.00407436,0.00084526447,0.002279645,0.023295764,0.021710638,0.0069494126,0.0032640877,0.006144204,0.006770435,0.03388285,-0.008176052,0.0058363695,0.0018440906,0.009930563,0.005650237,0.014465108,0.015927687,0.012381024,-0.00045616628,0.01098818,0.0077359634,0.011265777,-0.016991323,0.035067,-0.033290602,0.011713389,-0.0081967,-0.0075453194,-0.009338818,-0.0065833824,-0.025696663,0.02955926,0.006531301,0.01810029,-0.004270738,-0.012636911,-0.007096197,-0.0064427564,-0.0072471234,0.013014495,0.008020357,0.014150171,0.009383224,0.014792549,0.0140805915,0.0014902293,5.7673104e-05,-0.0070414958,0.022158682,-0.031163648,-0.03248309,-0.03088131,-0.032002077,0.00030699966,0.016687196,0.0007892755,0.042081274,0.013579704,-0.0066264146,0.020835005,0.006143898,0.01254232,-0.0019070327,0.0067187008,-0.001322847,-0.012087446,-0.002794543,0.02457149,0.0012647188,-0.0129624475,-0.0087647885,-0.011442324,-0.00939449,-0.0019154934,0.019041242,0.024278218,0.01920835,-0.01600314,0.016499335,0.0072260494,-0.010212817,-0.0020267533,0.017321888,-0.0047642575,0.00059800316,-0.0016496298,-0.009091119,-0.014732438,0.017008023,-0.004768018,0.012230424,0.048744056,-0.039948244,-0.008733132,0.0047005513,-0.0069056614,-0.009183295,0.022308404,0.037855778,0.023098715,0.0042881384,-0.005741474,-0.0020208599,0.0018596104,0.05485793,0.0015642961,0.012110576,-0.00079457887,-0.000802005,-0.01131725,-0.006156101,0.02734206,-0.0047901007,-0.024661275,0.018551104,0.0013510595,0.0017814694,0.0074844933,0.031791385,0.0028280325,-0.004775063,0.01861981,0.00606922,0.01140908,0.015043595,-0.0030524782,-0.007448559,0.0023693105,0.0075078155,0.023943374,0.02193428,-0.009246495,0.0059397146,-0.0039025443,0.016966924,0.003591503,0.010002543,-0.032342263,-0.014190552,0.010202221,0.005813605,0.009893906
2009-09-30,0.018595034,-0.001864536,-0.028825931,0.0388799,-0.009301974,0.018250475,0.023833487,0.0074788393,0.015689956,0.027708039,-0.023386505,-0.0048162537,-0.0045459755,-0.00082815555,0.025359401,0.023973437,0.009876644,0.011004001,0.012107272,0.011579253,0.029057415,-0.0086298995,0.0056005456,0.0053607575,0.0032479893,-0.000951617,0.013027234,0.011397718,0.009802137,0.0022106431,0.010821135,0.012258271,0.0061966213,-0.013055759,0.029168304,-0.033292998,0.011092258,-0.0008008342,-0.006301145,-0.0099669155,-0.009993849,-0.027611522,0.022799019,0.010092129,0.014475027,-0.003289445,-0.012348407,-0.0074452227,-0.0037943444,-0.0073959976,0.013313702,0.0072905743,0.008768523,0.004004812,0.014195019,0.013369936,0.0015152873,-0.00033219764,-0.0073455097,0.022928003,-0.030608762,-0.033192325,-0.030070856,-0.031406026,-0.00044651478,0.017219892,0.00090525247,0.03829319,0.013364243,-0.011338774,0.022846982,0.006762854,0.007851227,4.7766058e-05,0.0066533126,0.0018780907,-0.014656577,-0.0041508656,0.018553244,-0.0035308169,-0.015308034,-0.0038609973,-0.011129127,-0.0060695177,0.0037183594,0.02121771,0.024915978,0.019229615,-0.015359051,0.013715338,0.006200081,-0.016090233,-0.003240437,0.015316715,-0.00710721,-0.006417443,-0.008803332,-0.010839147,-0.017535027,0.014136322,-0.0031003023,0.01419206,0.05048416,-0.041479796,-0.014273949,-0.00039388004,-0.012617808,-0.0130971195,0.013098421,0.030799834,0.0136564085,0.0035043026,-0.0070003616,-0.00691248,-0.00029704446,0.041778814,-0.0052042515,0.017639449,-0.0005225493,-0.0014910994,-0.013960828,-0.010982457,0.022415146,-0.00639979,-0.02591282,0.015581137,-0.0016791587,0.0074994005,0.011573624,0.035562895,0.0022907362,-0.0005116215,0.0109495465,0.001229211,0.008440084,0.008258843,-0.0013930015,-0.0056304517,0.001217058,0.013091191,0.013863483,0.022491142,-0.008597363,0.004818204,-0.0038700106,0.010598957,0.0034951319,0.0049008518,-0.032196533,-0.016878964,0.0050952663,0.002499377,0.005608003
2009-10-31,0.018291052,-0.0026149426,-0.017575802,0.028221799,-0.0021883226,0.011717495,0.0138113,0.005913855,0.008102103,0.016480573,-0.021437552,-0.011098026,-0.0074556796,-0.0051173866,0.015669418,0.020561809,0.008598884,0.006423498,0.0076970034,0.005099263,0.02173797,-0.009323198,0.0012982548,0.0021610477,0.0065367,0.003997681,0.008287731,0.012338866,0.0053493795,0.0011551668,0.0046159085,0.0063514467,0.0043412005,-0.014655427,0.021948764,-0.024251869,0.0071414006,-0.0052514905,-0.00029830844,-0.013265536,-0.00905609,-0.018861642,0.014608307,0.004036322,0.006447698,-0.003161273,-0.012766977,-0.008673783,-0.010066804,-0.007510988,0.0027411273,0.003787427,0.007562585,0.00483369,0.007557559,0.006436948,-0.00034301923,-0.001544755,-0.006438594,0.014968674,-0.025618367,-0.028123133,-0.025243863,-0.025191607,0.0054570595,0.011676669,-0.0028562946,0.028667027,0.0059991307,-0.00860978,0.01514756,0.0047927457,0.0060881004,-0.0019184174,0.00248829,-0.00035567745,-0.012098288,-0.0011869736,0.020299962,-0.0061951554,-0.010300236,-0.003946657,-0.008855486,-0.005179288,0.003823298,0.013563653,0.01315229,0.011096884,-0.014413451,0.013491992,0.0050943466,-0.008706368,0.00034758408,0.008928519,-0.0050730533,-0.0023666997,-0.0043605105,-0.008024624,-0.011578013,0.010707569,-0.0014826562,0.005444982,0.0375631,-0.031980883,-0.00874189,0.0030555464,-0.0062916316,-0.01141537,0.008539624,0.01975213,0.009500985,0.0044838684,-0.0026665921,-0.0073372456,-0.0059584663,0.029754603,-0.0064724972,0.006890818,0.0076466636,0.009753117,-0.0140402,-0.013485979,0.013600213,-0.0038632902,-0.025131708,0.009627524,0.0019454393,0.00020594192,0.0008262358,0.021239856,0.00018672908,-0.0022082021,0.0065957746,0.0010273672,0.004588183,0.0068470747,-0.009267572,0.0009867208,0.010329099,0.002196067,0.0029611615,0.011206647,-0.0052927113,0.007045945,-0.0014151337,0.010930515,0.0038388649,-0.00046870075,-0.021975389,-0.011443964,-0.00037091738,-0.003022989,0.00046227578
2009-11-30,0.022962335,0.0010881283,-0.022358483,0.028739993,-0.0022193636,0.01531715,0.019889431,0.034210972,0.007953302,0.030751398,-0.028157866,0.00035970018,0.0005238875,0.0041681845,0.025147421,0.0070925346,0.01512615,0.012961571,0.016753606,0.012392278,0.026739085,0.009084286,0.00022647595,0.0067978753,0.026829634,0.022120029,0.0019193344,0.004667694,-0.00017579242,0.0068541816,0.0019022226,0.004872312,0.015764497,-0.0026529266,0.02675087,-0.015607945,0.020255383,-0.005174404,0.018038763,-0.014289985,0.013909344,-0.013890682,0.058004085,0.0027223087,0.030556133,0.020965947,0.009014641,0.019946728,0.001762921,0.0073294295,0.016934372,0.0018776663,0.040394835,0.034066368,0.016916888,0.014736711,0.007079687,0.0052994923,-0.01036287,0.04385172,-0.013199693,-0.0179001,-0.016409751,-0.015254078,0.0066543813,0.021927077,-0.008927882,0.03004203,0.02417989,0.018142387,0.023945048,0.0017560333,0.011625445,0.009963661,0.0026745703,0.00067780353,0.008141187,0.0027211448,0.022456322,0.02271389,0.016692132,-0.008840628,0.014420392,-0.006727397,-0.0029920074,0.023867093,0.015891496,0.015972164,-0.006398259,0.016856397,0.0012912644,0.011042921,0.004504104,0.031952456,0.008835961,0.019730164,0.017482053,0.013309616,0.0072951727,0.03206547,-0.0034228992,0.009403656,0.041119445,-0.061857898,0.01020588,0.01826995,0.017882435,0.0021298819,-0.013883957,0.017640868,-0.014400923,-0.005276344,-0.008701118,-0.021935469,-0.0012344477,0.07242006,-0.034330294,-0.0030154462,-0.0013753251,0.00552788,-9.697711e-05,0.0039097564,0.040774498,-0.0047168788,-0.0145339,0.02949109,0.0077800537,-0.006418328,0.00073633034,0.045673907,-0.0017923968,-0.020354494,0.023021126,0.016248303,0.010104849,0.028203296,-0.00821032,-0.019615883,0.016120428,-0.0077545475,-0.013862104,0.03288823,-0.001603463,0.008913714,-0.00528355,0.010595809,0.013878116,0.014721326,-0.012538632,-0.005993458,0.014772246,0.008299555,0.012209615
2009-12-31,0.025785098,-0.0049030446,-0.048274685,0.007879777,-0.015647553,0.00998787,0.02049822,0.035993826,0.007869054,0.03220947,-0.044786792,-0.0091357725,0.00640799,0.0075710816,0.023083195,0.012953745,0.015239361,0.013702628,0.0070221345,0.017096221,0.02890583,-0.00017671495,-0.00057439116,0.002476122,0.026582971,0.021942072,-0.0037761957,-0.0064626914,0.009282717,0.022599515,-0.005192042,0.014382568,0.019407004,0.0077202194,-0.00035246892,-0.006712975,0.029399535,-0.013274596,0.021261172,-0.026601924,0.012249569,-0.0019215827,0.07074349,0.0025836604,0.04083211,0.02845225,0.00887893,0.033753864,0.007379233,0.017134475,0.019995298,-0.0015869781,0.039123654,0.0316417,0.023243792,0.022918189,0.006695723,0.00056238606,-0.023805033,0.05727041,-0.02857796,-0.03562697,-0.029882103,-0.025346057,0.020655034,0.026456827,-0.0046704803,-0.0039168326,0.022063922,0.04252603,0.017726354,-0.0006412509,-0.0012872785,0.024838224,0.0022355216,-0.019297644,0.023211222,0.0062829005,0.025344789,0.037705496,0.03298883,-0.020408878,0.025470162,-0.023212899,-0.01766567,0.021635726,0.01905201,0.019329006,0.0023969912,0.0084895305,0.0006967554,0.00926183,-0.002518015,0.03680787,0.014707405,0.023520352,0.025679821,0.022597553,0.013212057,0.02878763,-0.029663656,0.005854459,0.041305453,-0.07539262,0.022674281,0.039992917,0.02170064,-0.0033977262,-0.004688363,0.05118968,-0.008444465,0.004755362,0.0021314428,-0.00028674386,0.001784979,0.097417705,-0.033039432,0.0011795575,0.034838848,0.033218067,-0.011050751,-0.0050592166,0.0465619,-0.02182109,-0.027045121,0.027376778,0.015875831,-0.0066136857,-0.007819366,0.052515946,-0.0055797305,-0.035954498,0.030567754,0.034316134,0.024370933,0.033700548,-0.027366363,0.010104658,0.038723037,0.000409762,-0.0065015405,0.06593281,-0.0040974882,0.00061127066,-0.015142848,0.015441881,0.017917026,0.0064481013,0.001191746,-0.020105207,0.006499627,-0.0075236303,0.0061618662
2010-01-31,0.030452844,0.00061761844,-0.042992704,0.029249284,0.00041332806,0.017071305,0.017410984,0.038548253,0.007877434,0.029382028,-0.050023716,-0.021323822,-0.002653848,-0.0019219794,0.017853322,0.021988355,0.020455593,0.021157654,0.011053851,0.016778074,0.03337415,-0.00083584915,0.009246875,0.011979886,0.034238737,0.028390363,0.00079527474,-0.007014378,0.0119863,0.012831021,0.0006094365,0.00973107,0.013768849,-0.012766415,0.017305328,-0.01524533,0.029433208,-0.02354537,0.01787129,-0.02729736,0.0012586653,-0.021078205,0.057139236,0.0029801775,0.029737545,0.021854091,0.0024941678,0.022729833,-0.012691906,0.0022624452,0.0057638204,0.0007470602,0.038235262,0.029868044,0.03190432,0.024817856,0.0076127485,-0.0017885724,-0.019026825,0.047318652,-0.031210061,-0.03655088,-0.033961583,-0.029787038,0.0352246,0.032709677,-0.00946492,0.019990038,0.027299609,0.029286174,0.026765667,0.0015828854,0.005301979,0.015341667,0.0036568881,-0.018710118,0.0044335485,0.008235991,0.041719206,0.017967321,0.01855089,-0.017673127,0.0058183735,-0.021975359,-0.008694461,0.031511586,0.022440549,0.024669604,-0.016431488,0.032498203,0.00375785,0.013312383,1.3050092e-05,0.029745366,0.015650216,0.022569576,0.02344161,0.0063486025,-0.001307907,0.038048774,-0.017818801,0.0064658797,0.05662258,-0.0843704,0.011696044,0.027392043,0.015396852,-0.01103429,0.013425828,0.05862314,0.009282789,0.012608238,0.0012709085,0.015716828,0.019681867,0.095651545,-0.04095728,0.012230539,0.02649229,0.03932992,-0.0124422945,-0.009442783,0.04396202,-0.015273273,-0.029435467,0.032788828,0.018948345,-0.003553636,-0.0017876582,0.048333686,0.007663847,-0.03366058,0.023648754,0.03619227,0.0152492365,0.025269566,-0.016157664,0.0147556905,0.022413546,0.005889571,0.0044471007,0.033850964,-0.00083826756,0.011318546,-0.0017044307,0.017816082,0.014306419,0.0015794425,-0.009102618,-0.018849453,0.0015841502,-0.008830687,0.00037431877
2010-02-28,0.020043144,0.00023042831,-0.036637027,0.028684273,-0.019082535,0.008669536,0.036364164,0.031197058,0.008776953,0.04320495,-0.02528105,-0.021367148,-0.0019656452,0.002151309,0.032693896,0.02626568,0.016348848,0.015973477,0.010439679,0.01687773,0.017869268,-0.0014208751,-0.0015682061,-0.00050238386,0.0166921,0.013800456,0.016117334,0.0053508775,0.00912067,0.016815485,0.0034345062,0.02797527,0.0036744233,-0.010121671,0.021479307,-0.024761353,0.015360586,-0.00725485,0.011093359,-0.026788618,-0.0046230517,-0.02568307,0.05359798,0.005141084,0.036954407,0.012845833,0.00065199635,0.0125206625,-0.00034494355,0.009488682,0.019902125,0.00047293675,0.025020503,0.020998562,0.0068394165,0.0078338,0.011955205,0.00814906,-0.004644005,0.052379888,-0.025865225,-0.03834939,-0.02702405,-0.022884568,0.0222249,0.028402995,-0.0098975515,0.024445612,0.016237332,0.011035584,0.025614075,-0.002082623,-0.0064438046,0.015069221,0.0016723324,-0.0056646024,-0.0006023894,0.0068299966,0.019799257,0.015918525,0.0106203845,4.964639e-05,0.0032673886,-0.008120983,0.0029603967,0.028220888,0.014745714,0.022145167,-0.018647982,0.017149933,0.005529731,2.9539236e-05,0.0036727535,0.041186064,0.011389365,0.008448275,0.0072629172,0.012041284,0.004362848,0.03067092,-0.012320517,-0.00026677878,0.054174818,-0.0862154,-0.001996589,0.012331322,0.0021082663,-0.018443193,-0.0019297998,0.044979278,-0.0043719527,-0.0036002966,0.0069717043,-0.010620705,-0.013002488,0.10087597,-0.040973075,0.01567246,0.017086772,0.022300899,-0.0034178814,0.0022542581,0.051694583,-0.004640736,-0.02013107,0.029758938,0.012377722,-0.007161101,-0.0003128502,0.058890462,-0.0063536754,-0.014997157,0.017246721,0.028767873,-0.0040707416,0.018387899,-0.027066894,-0.0014546551,0.01741814,0.014725152,-0.004647562,0.021433445,0.0024262632,0.0034118285,-0.005050961,0.004090048,0.018367214,-0.0005283059,-0.020469092,-0.021795584,-0.0004927832,-0.007496902,-0.00062565046
2010-03-31,0.016486002,0.004705699,-0.042631593,0.021176996,-0.0144334715,0.021229453,0.03280683,0.04141368,0.015927609,0.033318248,-0.042721923,-0.028099943,-0.015655989,-0.0072452542,0.028435294,0.035678454,0.020647978,0.021238111,0.0102844555,0.025380932,0.018710291,-0.0040065562,0.011506339,0.0056534344,0.022360532,0.019723076,0.013919199,0.0114488,0.01944966,0.02187565,0.0064384737,0.0250979,-0.005928287,-0.012532833,0.012489641,-0.023009868,0.021677194,-0.007253446,0.0042878897,-0.037956443,-0.008222155,-0.033635963,0.0502977,0.0070313793,0.025931241,0.013835759,-0.0028168852,0.0076969075,-0.00885917,0.004130516,0.022970153,0.0057077548,0.031913605,0.026949167,0.016121937,0.022333527,0.005899658,0.0042272294,-0.005410953,0.034098715,-0.03589944,-0.046385515,-0.04014916,-0.03254438,0.029701848,0.033708647,-0.00556253,0.019123191,0.025038173,0.02406715,0.034859292,-0.003316061,-0.003465431,0.022735305,0.0071811,-0.002383852,-0.006746988,0.0005734788,0.031177508,0.002798081,0.0076547833,-0.002633404,0.00071420154,-0.0085315835,0.0029866393,0.037954427,0.015103575,0.03372806,-0.019521624,0.028682308,0.015392817,0.0022187512,0.0016513641,0.035886064,0.01372125,0.0047791502,0.0038134602,0.0042325007,-0.0029079476,0.04393627,-0.011003007,0.014890603,0.050226275,-0.080887035,-0.007793248,0.007540598,0.0031684865,-0.025177842,-0.019311743,0.04201622,-0.014159664,0.010474064,0.008692891,0.019317223,0.008790601,0.104014605,-0.021009024,0.024289696,0.031225707,0.040666025,-0.0136467,-0.008487594,0.047438763,-0.006110604,-0.03320857,0.037383046,0.0115502,0.0033522416,0.0018722654,0.06640444,0.0018439364,-0.017668393,0.026446115,0.025135294,0.017214159,0.014440598,-0.017911175,0.025040496,0.024780797,0.019761486,-0.010585567,0.015326046,0.012700437,0.011013464,0.0005125143,0.012428111,0.011269011,-0.020265376,-0.017355258,-0.01828097,-0.020247208,-0.022818513,-0.017904932
2010-04-30,0.016203502,0.0003040671,-0.040564682,0.02492527,-0.017946271,0.020046512,0.033080652,0.033131678,0.01589048,0.032190938,-0.044170897,-0.02406097,-0.0235446,-0.016163297,0.029268105,0.034251466,0.021726396,0.02456483,0.014615728,0.02392667,0.017911622,-0.006486177,0.011458754,0.0027561893,0.016007552,0.010991227,0.0059017735,0.013108808,0.018286586,0.018149788,0.0067785853,0.025202962,-0.00701369,-0.011520365,0.019001862,-0.02264503,0.019164441,0.00012347069,0.0049686353,-0.030337898,-0.009131592,-0.03320786,0.040037725,0.011321175,0.022834776,0.0049814926,-0.006455597,-0.0017746685,-0.009424373,0.00013390312,0.025173986,0.0107511245,0.023951028,0.018886441,0.015457651,0.020139731,0.006388877,0.004560528,-0.0036801745,0.028183715,-0.03442209,-0.049377415,-0.035903253,-0.031806763,0.0197391,0.030013375,-0.005584731,0.022711124,0.019773891,0.018328393,0.03328288,-0.00014228745,-0.0033895005,0.014201109,0.012696335,0.004598259,-0.011711815,-0.0036177114,0.025184274,-0.0019241105,0.0014146622,0.001066363,-0.000112764705,-0.0023617896,0.00849751,0.03278513,0.017740244,0.030657053,-0.018271536,0.02086352,0.01608271,-0.0062808525,-6.761762e-05,0.029584404,0.008870201,-9.123219e-05,-0.002179373,0.0025902498,-0.0056292415,0.035280894,-0.009059161,0.015986355,0.046925727,-0.072287135,-0.014073132,0.0026419526,-0.0044640275,-0.028549826,-0.019819014,0.03219845,-0.016273636,0.0032844276,0.00073754456,0.024785507,0.020098727,0.08240576,-0.020958206,0.032045953,0.015418661,0.033601753,-0.012986749,-0.011293746,0.050927054,-0.0026147612,-0.030211404,0.032569602,0.0052360315,0.0025827538,0.00645769,0.060950123,-0.0019639053,-0.00795627,0.019501124,0.02176836,0.016442467,0.013436122,-0.0037840737,0.026747085,0.019090377,0.024940897,-0.0051169037,0.017369,0.009104043,0.0045808544,-0.0024734186,0.00788192,0.007913266,-0.013464139,-0.018120052,-0.01790363,-0.013307465,-0.015010389,-0.013742957
2010-05-31,0.024576496,0.008943795,-0.058213763,0.018863814,-0.01781697,0.008631918,0.03960912,0.031421307,0.00011826,0.044686373,-0.019277133,-0.031471506,0.017856754,0.012068073,0.04157765,0.0037759098,0.013711916,0.008775088,-0.009295246,-0.0008809026,0.015090388,0.002203224,-0.0015702838,-0.007779492,0.033767838,0.026066687,0.03680607,0.07293658,0.021350123,0.017396484,0.01995498,0.024542162,0.021541366,-0.0132617485,0.016636595,-0.01761173,0.026996579,-0.0013968068,0.0044592093,-0.038104367,0.008772606,-0.028536208,0.078532375,0.007726497,0.046485927,0.009535302,-0.0025111318,-0.0039163614,-0.009381269,0.022721099,0.0331721,0.010240628,0.019225007,0.016952554,0.0050357324,0.015533251,-0.0021823593,-0.0064422735,-0.019494986,0.04195273,-0.017069614,-0.03901029,-0.021180484,-0.01679926,0.038717523,0.018698197,-0.0023071659,-0.0002994184,0.009897298,0.029499907,0.02035851,-0.009805741,0.0040131374,0.012556497,0.011222571,0.012354062,0.0065560946,0.0019611842,0.025924219,0.024930092,0.029069295,0.0071740136,0.023301374,0.0113995215,0.012378623,0.02471001,0.0061799283,0.016515736,-0.010680971,0.031795643,0.03422429,0.02143754,-0.00664871,0.06343675,0.01386041,0.015416998,0.0134200165,0.01771987,0.015689341,0.024184434,0.0050933836,-0.015307111,0.02084801,-0.029816847,0.0034811052,0.035199083,0.0073353034,-0.018271312,-0.049426075,0.017428132,-0.034532033,0.011937171,0.00040689812,0.019322991,0.0020318925,0.07071768,-0.03314349,-0.0076050037,0.0033521608,0.033493128,0.00041038386,0.0013606161,0.036440205,-0.00586409,-0.012562791,0.032256857,0.004965803,-0.0015197976,-0.0040853648,0.07335914,-0.014082551,-0.009296402,0.035202526,0.051407833,0.00470258,0.029762616,-0.023781408,0.03307667,0.036479056,-0.009661854,0.0014731189,0.06275663,0.011501592,0.011088819,0.013524343,0.012806179,0.033080805,0.00936852,-0.014593848,-0.031722486,0.009123987,0.003046873,0.0050856005
2010-06-30,0.024902653,0.0076282932,-0.050947435,0.011165084,-0.010230791,0.00079340645,0.028975118,0.0270658,-0.005780702,0.033869423,-0.006845309,-0.025004705,0.03391283,0.025689945,0.029157452,-0.0069249696,0.011091584,-0.0035323387,-0.013661147,-0.0052324473,0.01566473,0.008593377,-0.0045000007,-0.014721287,0.039401565,0.033591747,0.044501513,0.07734386,0.021834055,0.0092354715,0.01920016,0.013842475,0.03377645,-0.011570945,0.01073785,-0.0107772825,0.029470004,-0.006883097,0.014143126,-0.029672867,0.018737417,-0.015481084,0.07976345,-0.0022935881,0.041981235,0.01131408,0.003579531,-0.001128349,-0.0029083923,0.032895744,0.032275084,0.0049102437,0.021750197,0.020395074,0.0007519742,0.011364089,-0.0042558108,-0.007886283,-0.019775515,0.037326958,-0.0072952304,-0.028963812,-0.011670686,-0.008522224,0.033305846,0.014835276,0.0025756552,-0.007901753,0.011307488,0.037198987,0.015251041,-0.013854448,0.014177852,0.010688243,0.006312439,0.0084031345,0.015495459,0.008200038,0.016307084,0.03275907,0.037474766,0.008029596,0.031864617,0.014976958,0.0125037795,0.020979328,0.0075315535,0.01346506,0.00148338,0.034321863,0.03335757,0.030753726,-0.002155581,0.05973236,0.017078722,0.024989583,0.023752801,0.023612468,0.023818845,0.017358778,0.009201462,-0.02092482,0.011701634,-0.014737482,0.016315812,0.04142808,0.017779423,-0.003945612,-0.039065797,0.015944058,-0.025525259,0.015749672,0.008644766,0.017100736,-0.0028329745,0.061928175,-0.033722676,-0.016920606,0.003418517,0.027512131,0.008522207,0.009617606,0.028629307,-0.0066886824,0.00027220542,0.031921312,0.014422542,-0.015566145,-0.009807978,0.060223617,-0.021834567,-0.0054221917,0.036328267,0.053392436,0.0036736913,0.030019494,-0.029672954,0.031037971,0.031338196,-0.018176334,0.00096449966,0.0562496,0.008507015,0.014726898,0.016551387,0.014784245,0.04286749,0.01179595,-0.0063003087,-0.026637943,0.010879787,0.0040106853,0.007842287
2010-07-31,0.02638586,0.0067926613,-0.043820795,0.00814452,-0.0029600258,-0.0050781546,0.019058853,0.021512475,-0.01278424,0.027645178,0.0053223674,-0.019096047,0.044907536,0.035192348,0.020310914,-0.018573115,0.0067136,-0.011697574,-0.022292024,-0.011322529,0.015537559,0.008048062,-0.008236382,-0.016065778,0.041435853,0.036622334,0.046122618,0.07669844,0.015086509,0.005089722,0.019633656,0.0066312943,0.040066786,-0.009302747,0.008755576,-0.011101238,0.027162004,-0.008894734,0.02065767,-0.027202055,0.022355488,-0.005856297,0.07387941,-0.006720973,0.03804432,0.009597055,0.007015847,0.0015698188,-0.00032729458,0.031662807,0.021492675,0.002282962,0.022360394,0.021606069,-0.005573024,0.006094526,-0.0067104287,-0.008024581,-0.019323612,0.03925813,-0.0011261974,-0.020017892,-0.0064035775,-0.002750728,0.03215734,0.0082310075,0.0032310202,-0.012300885,0.0083688805,0.03911643,0.010274931,-0.012953047,0.017445391,0.0066142417,0.0036878139,0.005158016,0.02033845,0.008754705,0.009549566,0.035529368,0.043636598,0.0030247425,0.035498913,0.010389549,0.005365743,0.014065565,0.004761845,0.004233907,0.0022289879,0.028229129,0.024620093,0.03205511,-0.004211294,0.050269485,0.016115637,0.030531662,0.030639531,0.024637152,0.025978513,0.010521391,0.0023422537,-0.02740236,0.0042536296,-0.002295929,0.02341256,0.047643147,0.019164741,0.002791849,-0.02758468,0.021718945,-0.012977471,0.01815193,0.011707076,0.012749475,-0.0033323,0.046383943,-0.04077733,-0.027923804,-0.0038261209,0.02778636,0.017819189,0.018363899,0.026831955,0.0009364138,0.013087982,0.025744934,0.017864192,-0.022962747,-0.016877132,0.046185743,-0.027961336,-0.0060745305,0.03116954,0.056470674,0.009542266,0.043186616,-0.021553691,0.02758103,0.038849052,-0.023499109,-0.0038559486,0.05739035,0.0065953964,0.014756005,0.015635405,0.012081325,0.043728568,0.018656041,-0.0068014753,-0.023401337,0.017964832,0.010170936,0.01626456
2010-08-31,0.02569007,0.006486585,-0.052957695,0.0004479824,-0.008975509,-0.0041288813,0.024653867,0.020417625,-0.01840119,0.02829575,-0.016497137,-0.046589233,0.025975019,0.010852142,0.024832232,-0.019910406,0.0043225023,8.844763e-05,-0.01473544,-0.015416745,0.020708188,0.010082966,-0.00069042173,-0.010151805,0.045696534,0.039009273,0.02295593,0.0803338,0.018430233,0.0052501895,0.023078108,0.012744181,0.036770314,-0.002717006,0.0013747669,-0.003427463,0.021247316,0.0016754812,0.01149187,-0.03273498,0.02297735,-0.004613204,0.079118304,0.009345439,0.04388826,0.010557415,0.008775892,0.0062217014,0.0045092045,0.02630377,0.020414792,0.00037286867,0.018461335,0.017113328,0.0065249423,0.014415136,-0.003244049,-0.0071881767,-0.022110002,0.037619293,0.0033442841,-0.017773945,-0.0034909262,-0.00053962297,0.035798945,0.0013943989,0.0018733549,-0.02715803,0.014439409,0.04040668,0.005765011,-0.015183007,0.012874586,0.0038819413,-0.0015582492,0.0056310054,0.02105368,0.0015502733,0.010945987,0.038387045,0.04227119,2.6167945e-05,0.035455793,0.007974301,0.0056403796,0.009179673,0.010886888,-0.0015231533,0.0041451817,0.029837778,0.03345295,0.03708936,-0.008667215,0.05732151,0.01473029,0.03131462,0.03216308,0.025065945,0.026510697,0.0048724036,-0.0060191033,-0.028607816,-0.005822723,-0.010978428,0.02214488,0.054321196,0.019258495,-0.011078939,-0.028061183,0.02644696,-0.01351453,0.0146065485,0.011845789,0.023308601,0.0052010133,0.060391445,-0.058041558,-0.03442829,-0.004345498,0.031293605,0.005502362,0.0077463314,0.020682877,0.001992588,0.00011285732,0.025942393,0.0043655247,0.00011121612,-0.0065869857,0.048159953,-0.018417535,-0.012229348,0.038139183,0.06445168,0.016586367,0.05855856,-0.008937395,0.033405293,0.033352062,-0.034946263,-0.004846573,0.069236636,0.0065164035,0.015933577,0.020538144,0.017460337,0.03374868,0.02043256,0.0008485013,-0.035588596,0.019562654,0.013322276,0.01682299
2010-09-30,0.028104052,0.005616993,-0.046772525,-0.007151786,-0.00077716674,-0.009272007,0.011684818,0.013516747,-0.025841491,0.017132416,-0.010634124,-0.032805722,0.03648415,0.017173495,0.013777719,-0.025103811,-0.0017386464,-0.0074051856,-0.021777475,-0.021858037,0.022540847,0.011041157,0.0014624571,-0.010055871,0.048794862,0.043314625,0.027219499,0.08680088,0.020572618,0.0003300754,0.022464136,0.00022819586,0.03933317,-0.0043878425,-0.0077040577,0.0030370455,0.013899602,0.0007032043,0.012837603,-0.034034617,0.029212484,0.0037744269,0.07278458,-0.0017775474,0.034810618,0.010865684,0.008675937,0.004996274,0.0037005446,0.02600004,0.009130169,-0.0041726995,0.015542928,0.014699107,0.0019018835,0.011860488,0.0023438344,-0.002124881,-0.015645724,0.02910407,0.006760572,-0.013708283,-0.0019440071,-0.000256288,0.03864238,-0.00962991,0.0032063115,-0.03571356,0.009276787,0.04687032,-0.004567786,-0.019566247,0.02306816,0.00054006965,-0.006786398,0.0012664761,0.023640051,-0.00034476654,0.013359655,0.03735123,0.049709033,-0.0009377981,0.036685754,0.0084668845,-0.00021191048,-0.0016227054,0.0067556906,-0.008997562,0.011901213,0.030236898,0.030446332,0.042588007,-0.008926495,0.045633778,0.012111007,0.03603982,0.03611554,0.022478363,0.026129693,-0.0009715467,-0.005110262,-0.041446142,-0.013430353,0.009520405,0.029597254,0.054191805,0.023562482,0.0009081354,-0.023309564,0.02125769,-0.010257388,0.011166549,0.018227668,0.030008389,0.0041888636,0.053453196,-0.031806342,-0.043135826,0.007835979,0.036344983,0.013234288,0.01206019,0.013063777,0.0074123675,0.0055806753,0.022169096,0.0046448964,0.0005885946,-0.010354769,0.030555032,-0.021027477,-0.011157432,0.04541084,0.07006397,0.01706603,0.061200343,-0.02311118,0.043327793,0.024528341,-0.043410026,0.00058169174,0.06271932,0.008434378,0.018898414,0.021035912,0.020644248,0.031639982,0.020229138,0.009410848,-0.030212292,0.019536158,0.009708614,0.016242672
2010-10-31,0.030915413,-0.0016648276,-0.044494677,-0.003861964,0.003454672,-0.013650689,0.006499109,0.02269239,-0.030855102,0.012913594,-0.021873431,-0.041728757,0.025924293,0.0040665665,0.010084582,-0.015813245,0.009645455,0.0055741332,-0.008794054,-0.0148927495,0.03174293,0.01114391,-0.00063098443,-0.017319242,0.05478877,0.048681706,0.028745323,0.079838246,0.027030386,-0.005174922,0.022047123,-0.005417034,0.031071711,-0.011451511,-0.0063144993,0.0017856007,0.018004347,0.00014745351,0.0147211235,-0.03962051,0.031670406,-0.0047111386,0.0727424,0.002193128,0.031341672,0.005831984,0.0034681251,-0.0016345858,-0.006216695,0.029033497,0.014316935,-0.0029043218,0.025321368,0.02382699,0.0015990199,0.013932913,0.0033646428,-0.00044455662,-0.014638413,0.027340597,0.00030997774,-0.020251738,-0.009861527,-0.0077796583,0.036238052,-0.0028627869,0.009984287,-0.030516079,0.008096734,0.05035177,0.00043404254,-0.017093573,0.028889436,-0.0020426863,-0.00040900853,0.001005116,0.02246498,-0.0022143733,0.020630531,0.033863585,0.051720258,0.0077610677,0.037053768,0.01627977,0.006022423,0.0026191429,0.009529357,-0.002137785,0.013159132,0.038185325,0.031284202,0.048550718,-0.0066396627,0.04518979,0.015697613,0.042278048,0.041662153,0.022752298,0.025156178,0.0075459424,-0.004436419,-0.034495723,-0.008883893,-0.0042940867,0.030294744,0.049954224,0.0318251,-0.0017762198,-0.020342432,0.02325623,-0.008947548,0.0068840915,0.010098176,0.02896291,0.0081484625,0.065490715,-0.038691517,-0.03858969,0.0024223358,0.03693816,0.007723005,0.0049792225,0.019653725,0.006804663,-0.005777363,0.03164117,0.0019880924,-0.0016211683,-0.010798011,0.03149761,-0.02832873,-0.0025398808,0.043809883,0.06208906,0.016333822,0.045288626,-0.009409072,0.03397473,0.0071536964,-0.050737053,-0.017272856,0.05384765,0.011712605,0.018133376,0.019665284,0.024306739,0.028793518,0.012973519,0.0068860073,-0.025291707,0.012682152,0.0050554364,0.008362888
2010-11-30,0.035307884,0.0011216133,-0.045454025,-0.004886722,0.00459649,-0.01187415,0.00836685,0.02125178,-0.030919781,0.0123352995,-0.022572897,-0.040972758,0.024901923,0.0044218674,0.010761804,-0.021155244,0.009846993,0.006950824,-0.0077058035,-0.011384316,0.031879134,0.012928807,0.0003823904,-0.016828505,0.051360395,0.044709552,0.024078397,0.07523666,0.024562944,-0.0052595804,0.021559019,-0.0056922715,0.02503729,-0.009958196,-0.0056082993,0.0072679794,0.017721055,0.005164138,0.016016249,-0.038194656,0.028545309,-0.0017990146,0.071804695,0.008777799,0.03179104,0.008108463,0.0033259373,-0.00030444632,-0.008861848,0.035781503,0.0123769,-0.0029348177,0.021918386,0.01943694,0.003900149,0.017181037,0.0035518182,0.00088614546,-0.011352225,0.023397861,0.0016906793,-0.01584487,-0.008509552,-0.0068023885,0.037528444,0.0008508778,0.009263678,-0.030747637,0.007371557,0.04957907,0.0047158496,-0.016104111,0.02729247,-0.004404958,0.0022713933,-0.0018616433,0.022097738,-0.0012016882,0.02049294,0.033900257,0.05055864,0.0134450635,0.03768986,0.016264074,0.008035541,0.0066618137,0.010490638,-0.0002278716,0.013236568,0.03557305,0.032204136,0.046950646,-0.0019825313,0.042990305,0.015754169,0.039336447,0.037680924,0.020973353,0.022956157,0.0055079632,-0.0048765624,-0.031699795,-0.010771288,0.0047590635,0.02886821,0.054393888,0.029037707,-0.0040597995,-0.023999069,0.025291933,-0.013441082,0.009709863,0.012072097,0.03268172,0.00535757,0.056288034,-0.027989417,-0.039435737,0.004958354,0.03707969,0.007889255,0.004916785,0.016441993,0.0069647413,-0.00456354,0.02859039,-0.0030473287,0.000973625,-0.010652811,0.029264726,-0.03426065,0.00017331033,0.035223942,0.06494618,0.01767845,0.04541504,-0.021550758,0.04050369,0.007807095,-0.05188655,-0.0026399898,0.058493085,0.010961135,0.014922475,0.02152172,0.022161972,0.026557287,0.018919075,0.011362435,-0.028150426,0.018474935,0.00960347,0.013387812
2010-12-31,0.033777677,-0.0024895307,-0.044519775,-0.0013327256,0.010008313,-0.013434018,0.004127797,0.024621693,-0.03354668,0.00987868,-0.025038851,-0.042028453,0.01967226,0.00075159565,0.006523646,-0.01711273,0.014289887,0.011754826,-0.001852349,-0.0063065654,0.029623674,0.012887331,0.0003586795,-0.017226398,0.052960653,0.047377273,0.020682774,0.07995196,0.025860373,-0.0048146807,0.020243019,-0.01073058,0.024750918,-0.010730828,-0.0021992158,0.0065153837,0.016167318,0.0044588256,0.016833311,-0.0344656,0.028636983,-0.0024627242,0.06888729,0.008840114,0.027917264,0.0065834215,0.0028623063,-0.002654278,-0.012226712,0.032941002,0.0076752077,-0.0025004286,0.022345165,0.020420648,0.0051151183,0.016163832,0.0013901915,-0.00092989753,-0.0123039335,0.019112106,-0.00042485414,-0.0158847,-0.010344711,-0.0089704385,0.041545164,0.0017909319,0.012017056,-0.026336502,0.006407258,0.050692014,0.0049534286,-0.01784708,0.028453257,-0.0028497777,0.003934728,-0.0024085315,0.021254523,-0.0025827812,0.021527866,0.030101486,0.051134642,0.017869383,0.037814025,0.020041369,0.010120263,0.0076192482,0.007887183,0.00087316084,0.013558068,0.03807269,0.03328153,0.049965903,-0.0022093472,0.03881719,0.01821025,0.04033304,0.03950229,0.019390918,0.022048894,0.009098171,-0.0009294693,-0.033260785,-0.013330156,0.0088961525,0.029066399,0.05145742,0.031069117,-0.0005690302,-0.029568184,0.017421657,-0.01817498,0.005543091,0.01300174,0.034133684,0.0075723412,0.051226497,-0.023555504,-0.039954416,0.003942407,0.04027766,0.0064952523,0.0017870652,0.012734803,0.00956996,-0.0073798485,0.030808365,-0.0052833124,0.0017979016,-0.010731207,0.027006246,-0.038248457,0.0051826686,0.03392216,0.06251661,0.015236395,0.045281548,-0.025272958,0.04557918,0.007695547,-0.055379286,0.004284674,0.050397005,0.011214672,0.016198445,0.021238288,0.028632028,0.02739672,0.017646346,0.011191054,-0.022087807,0.017236812,0.00716134,0.012405225
2011-01-31,0.03445727,0.00067450054,-0.051260766,0.004874034,0.004700287,-0.010740904,0.013201224,0.015391683,-0.031521592,0.023163436,-0.038773835,-0.06228183,0.0055173235,-0.0122989165,0.019972954,-0.013818746,0.010373246,0.01312543,-0.0026384646,-0.00892581,0.018266538,0.0053787883,-0.006469969,-0.02045831,0.045073017,0.040788498,0.014582075,0.07402117,0.017153539,-0.002146432,0.029845005,-0.0038913945,0.023764672,-0.012791491,0.0018591092,0.0009227431,0.0059943395,0.014744989,0.0038656679,-0.04565139,0.013313217,-0.010455359,0.062860794,0.01975589,0.033661727,-0.0011620377,-0.008316688,-0.015058536,-0.022300383,0.025193842,0.0035994898,-5.199842e-05,0.007878459,0.008642828,0.007965132,0.01486296,-0.0048893625,-0.0072702533,-0.016205661,0.014726916,-0.0022324563,-0.021942765,-0.015002703,-0.011519723,0.044701293,0.0024170382,0.011446157,-0.022085447,-0.0043214015,0.03933595,0.0034846044,-0.024578014,0.023993261,-0.010457852,0.0019765978,0.0033360766,0.0064955177,-0.007309897,0.02966981,0.020790238,0.04372665,0.023566438,0.028521707,0.028940344,0.014425169,0.012397174,-0.0015359222,-0.003713578,0.012405486,0.031114068,0.040707935,0.037785828,-0.01052525,0.04251132,0.010616542,0.031120904,0.032496218,0.008610384,0.01105405,-0.00050702575,-0.009956689,-0.03395409,-0.0038428307,-0.009011553,0.016635248,0.043304905,0.018695585,-0.013751013,-0.025045153,0.031490874,-0.010662598,-0.0022309013,-0.006318061,0.025270792,0.020974511,0.057522867,-0.012657944,-0.03614633,-0.012202782,0.029137507,-0.0010725876,-0.0019533003,0.015720183,0.008818197,-0.017584072,0.020638037,-0.022546617,0.009015802,-0.0020466323,0.029483022,-0.048125263,0.007982139,0.048021197,0.075087346,0.020472147,0.046223603,-0.025660727,0.04388315,0.014709247,-0.05873788,0.016964253,0.055819202,0.00686811,0.013001873,0.01959635,0.026444212,0.026038548,0.019151406,0.0056405505,-0.033796526,0.018325001,0.011916339,0.01291253
2011-02-28,0.035490643,0.0025431537,-0.052118704,-0.0054902066,0.006313724,-0.011884727,0.015099162,0.015442936,-0.031696416,0.026262058,-0.04287339,-0.062123563,-0.0023354604,-0.019146577,0.020805709,-0.01808068,0.012770647,0.018736862,0.0020465213,-0.0020410016,0.018269049,0.005487673,-0.00881163,-0.027302483,0.044550963,0.03867584,0.00022530956,0.07312147,0.015430245,-0.0032342095,0.027352769,-0.004473093,0.016231734,-0.016853204,-0.005674718,0.008877264,-0.004673688,0.0200759,-0.0039206417,-0.046405844,0.011289244,-0.013512115,0.059637975,0.023309208,0.036767107,0.001061104,-0.008720867,-0.015312815,-0.027127516,0.016252737,0.0012434471,0.0028962921,0.001844716,0.0023446109,0.0077576805,0.014633182,-0.007700895,-0.010161443,-0.017992003,0.01313987,0.003967868,-0.017225612,-0.009466636,-0.0073866025,0.045346595,0.0022906116,0.0070694215,-0.03300444,-0.0054916358,0.03468019,0.0022028924,-0.024813147,0.02493757,-0.013891918,5.7873873e-05,-0.0002642467,0.00711924,-0.016352145,0.034949854,0.02260319,0.043005265,0.027686795,0.029479433,0.02963446,0.021671442,0.010356373,-0.0003966813,-0.0074869148,0.015312646,0.032115415,0.040760346,0.036613863,-0.02053873,0.043333843,0.015240658,0.029994033,0.03103202,0.005268425,0.007912254,6.38768e-05,-0.013535922,-0.032083414,-0.004999067,-0.008523023,0.014382005,0.037304245,0.0150217395,-0.016546067,-0.011766262,0.039888635,-0.00017314979,-0.009766276,-0.012128277,0.017252881,0.008641469,0.050077114,-0.0070834868,-0.031514086,-0.007559645,0.025415177,-0.0028550976,-0.0037521885,0.015717095,0.0020742386,-0.014134103,0.02087363,-0.031523645,0.01574112,0.002081909,0.031796426,-0.053131085,0.010454029,0.04235959,0.067964934,0.026557095,0.04294161,-0.02626013,0.038250536,0.017100621,-0.0516853,0.020262836,0.05436176,0.005100765,0.015198558,0.021292266,0.025352502,0.02039361,0.018327255,0.011274094,-0.038729433,0.017674647,0.013078748,0.011357332
2011-03-31,0.039439317,0.0035093534,-0.054308333,8.929085e-06,0.0146411685,-0.015947072,0.011578266,0.014500157,-0.031946465,0.021911602,-0.05143252,-0.056263473,-0.008860976,-0.023993721,0.01792895,-0.016312487,0.015954515,0.016612237,0.0017367544,-0.000538943,0.014176134,0.0064945095,-0.0071129403,-0.02615043,0.045417268,0.03936728,0.0044053085,0.06061339,0.016869321,-0.00334329,0.02755947,-0.008712168,0.013539424,-0.022118986,0.000120022145,0.008839575,-0.0020407843,0.02232798,-0.0039097983,-0.050700553,0.008314243,-0.010411286,0.054574344,0.019042686,0.031175481,0.0030432828,-0.007518459,-0.017353281,-0.028678972,0.020826884,-0.008799106,2.8196497e-05,0.0010531717,0.0011636618,0.009156227,0.014032478,-0.013516299,-0.011098951,-0.01900155,0.008604655,-0.0010599684,-0.025458861,-0.01551909,-0.012893124,0.049742088,-0.00041765734,0.0048239334,-0.030957498,-0.006475442,0.037736777,-0.001309438,-0.024438078,0.025741385,-0.015204062,-0.0018582465,-0.001059969,0.0035570273,-0.012706662,0.041950032,0.018155519,0.04330038,0.026895076,0.023805061,0.02971223,0.020230386,0.009260387,-0.005647874,-0.006442633,0.016913498,0.03426795,0.03927861,0.03595081,-0.020013731,0.038496573,0.010174748,0.030957008,0.032759856,-0.00014849326,0.0027246783,0.0006194771,-0.008041871,-0.032869983,-0.000985484,-0.0034423207,0.012054703,0.03938806,0.014581033,-0.01547883,-0.017631285,0.032514084,-0.0046113213,-0.0058392542,-0.009139974,0.022627445,0.013516682,0.048780855,0.0011154234,-0.022705093,0.0057816165,0.0316913,-0.011987298,-0.0103549985,0.01122255,-0.010327301,-0.016520942,0.017891858,-0.030970532,0.012528152,0.00029026245,0.025111847,-0.053828787,0.0055667604,0.046296474,0.061946653,0.02881829,0.04357321,-0.018915165,0.043639783,0.019329721,-0.048625685,0.025671402,0.052704368,0.0073364815,0.017866528,0.02543004,0.026864782,0.022409119,0.01846817,0.011769917,-0.039619993,0.017379867,0.013941545,0.012693488
2011-04-30,0.034605797,0.0033427733,-0.047623146,0.005243034,0.014701767,-0.015514659,0.005551462,0.018976517,-0.033876248,0.015677782,-0.045251705,-0.05329315,-0.0087734135,-0.02130864,0.013891886,-0.012503993,0.015568983,0.016154677,0.0033022398,0.0010911969,0.011901903,0.008439059,-0.011629604,-0.029205002,0.048079666,0.042435724,0.006561401,0.055193987,0.014257831,-0.0010147485,0.02895216,-0.0105721755,0.01268856,-0.021253817,0.0052395957,0.0049635232,-0.005614721,0.025294703,-0.0056339204,-0.04624362,0.010646215,-0.012606586,0.052402176,0.021092562,0.0249765,0.0037009555,-0.0056217997,-0.01936517,-0.031968277,0.016136404,-0.010647621,0.0029337178,0.004479513,0.0051852083,0.009461802,0.014508447,-0.013642488,-0.014689283,-0.020167403,0.000909458,-0.0022541157,-0.025246102,-0.014197611,-0.0115384655,0.050549958,-0.002115117,0.0086648995,-0.025971062,-0.0054130876,0.040486272,-0.00019856487,-0.023273673,0.022953467,-0.011970544,-0.0010172053,-0.003563252,0.004540318,-0.012376608,0.040982652,0.013653304,0.043482676,0.027063519,0.02441511,0.02773954,0.018707862,0.0076443814,-0.005565645,-0.008629558,0.012713821,0.036349155,0.039447915,0.038552124,-0.023233358,0.03295802,0.010030259,0.033787783,0.036022685,0.005924811,0.009510354,0.005419631,0.0006175878,-0.032345995,-0.00697819,-0.002538259,0.0102548795,0.033129968,0.017944288,-0.01723474,-0.015918385,0.023911983,-0.0073538604,-0.0016578288,-0.007631244,0.028231883,0.020933636,0.04256408,-0.0037826346,-0.025487773,0.008358829,0.035069477,-0.012794405,-0.012611123,0.010567844,-0.012876714,-0.015716752,0.020103253,-0.02932207,0.015446831,0.0006153282,0.02288419,-0.051501773,0.008218845,0.040505387,0.064632475,0.02603469,0.048170775,-0.019770253,0.048514653,0.017019058,-0.050701924,0.026991481,0.04369334,0.0053823097,0.021047061,0.025388267,0.03036249,0.021143062,0.019412166,0.009718513,-0.034207895,0.018859144,0.013535629,0.0155699095
2011-05-31,0.034957148,0.0040657837,-0.041285485,0.0005764941,0.01425794,-0.01410584,0.001764556,0.020362642,-0.03463727,0.008595472,-0.040043492,-0.0545226,0.0018398889,-0.015536469,0.008996828,-0.019155478,0.015594884,0.020266274,0.0039407704,0.0022032727,0.017149374,0.01316438,-0.015578939,-0.024616985,0.053506915,0.04656207,0.014446018,0.053061422,0.01357108,-0.003010979,0.029386997,-0.013208119,0.011620664,-0.017047122,0.0007194157,0.008915108,0.0019888605,0.020445095,-0.00089652295,-0.04681701,0.018478174,-0.011796162,0.056519058,0.023240566,0.024772042,-0.00066091446,-0.0016694134,-0.018270176,-0.027923618,0.021683408,-0.005108159,0.0046086772,0.0143810855,0.014600248,0.013726194,0.014946147,-0.01263317,-0.016559524,-0.019178897,0.0030287364,0.0029807964,-0.022725658,-0.010528589,-0.007535462,0.044385694,0.004938976,0.010220806,-0.031692144,0.0010960916,0.04401806,0.006345257,-0.019268047,0.027256627,-0.0121474555,0.0014990974,-0.007933213,0.009088958,-0.0072717248,0.037882645,0.017948948,0.04988114,0.029591521,0.02894933,0.029906118,0.016148092,0.014856957,-0.000111314286,-0.004221796,0.0146419,0.038289644,0.03391674,0.042825915,-0.023808952,0.032055814,0.011723513,0.039849225,0.041212857,0.011823569,0.012984211,0.0067247297,-0.002247765,-0.02949594,-0.00711552,0.0008622262,0.015907967,0.037131697,0.02425662,-0.014852657,-0.011092058,0.02627517,-0.0011894519,-0.006614861,-0.013937613,0.02561141,0.028785096,0.03398348,-0.0069778604,-0.025920946,-0.000294944,0.027573591,-0.0055244924,-0.0079522645,0.008049655,-0.010706935,-0.009277736,0.024866557,-0.022171542,0.014410173,0.0007100242,0.020775378,-0.0470956,0.007218418,0.035297662,0.061708752,0.022150435,0.0481035,-0.023937106,0.046411052,0.0083432235,-0.052436497,0.029748397,0.045994136,0.0026225885,0.019108715,0.020120684,0.03300269,0.021249395,0.01962875,0.015273844,-0.030250836,0.019441804,0.013113625,0.016677024
2011-06-30,0.035294738,0.007990687,-0.032407302,-0.0032073355,0.010777912,-0.012444521,0.001986599,0.024086855,-0.03370581,0.0059721856,-0.027287731,-0.040970683,0.012675295,-0.004063836,0.0072199525,-0.025023365,0.014965491,0.024978312,-0.004382994,-0.0012810307,0.015211598,0.017206138,-0.009924202,-0.021954717,0.05892147,0.052276097,0.025696369,0.04894978,0.016541034,-0.0024265274,0.02620494,-0.009552889,0.010007336,-0.016141629,-0.0014146112,0.005916931,0.0035074188,0.019360416,0.0030458474,-0.04194436,0.020521244,-0.011571427,0.057488717,0.026866322,0.02200201,0.003326062,0.0027294115,-0.015025149,-0.021597177,0.015278544,0.0017789437,0.0011303216,0.022714926,0.023160005,0.014553226,0.018274136,-0.01535121,-0.0155116655,-0.020641757,0.0044235773,0.005867041,-0.01899855,-0.008466891,-0.005329057,0.039862998,0.008144813,0.01446512,-0.034511156,0.0060089943,0.042191748,0.009743458,-0.018082628,0.021078063,-0.008803889,-0.0018387916,-0.009134475,0.012124242,-0.0064551556,0.032717425,0.017955098,0.048638064,0.027334632,0.028280828,0.027977714,0.012921661,0.01804398,0.0011214907,-0.00062405714,0.005321391,0.04156713,0.034615245,0.045767963,-0.024932794,0.033733584,0.015240174,0.04408079,0.04576385,0.014950182,0.017654924,0.009985088,0.0039897338,-0.024549628,-0.0066265226,0.0051167337,0.022385651,0.043623134,0.028695852,-0.01734674,-0.011446172,0.021325156,-0.0024204243,-0.01204648,-0.023457805,0.022622285,0.037859276,0.029302413,-0.0058432072,-0.032209028,-0.010109811,0.01874267,-0.004860731,-0.004636622,0.0019749717,-0.015609458,-0.0031862205,0.026351746,-0.02862819,0.02223325,-0.007891883,0.02105012,-0.04204221,0.0045723426,0.041112855,0.050983015,0.010782452,0.054263435,-0.010206937,0.0406174,-0.00013541261,-0.059714835,0.027988793,0.055084392,0.0015570432,0.023075547,0.024552109,0.025244482,0.015007961,0.018203633,0.011784574,-0.03200647,0.017665125,0.012168676,0.013880481
2011-07-31,0.032342434,0.008811615,-0.030267809,-0.0022055488,0.009960285,-0.014379973,-0.00071143056,0.027645929,-0.03274545,0.0015113379,-0.023290146,-0.041321035,0.014589456,-0.0010095579,0.0038983505,-0.03020109,0.016615743,0.02676572,-0.0040664724,-0.0001841316,0.01317172,0.01811181,-0.010842527,-0.023116427,0.057005297,0.051298484,0.023087833,0.044367734,0.017996412,0.00022112057,0.02459026,-0.01132202,0.012116575,-0.011410602,0.00037147108,0.0058363476,0.0027250058,0.017732404,0.00034855303,-0.03567203,0.024116563,-0.008422388,0.05210009,0.024536936,0.020119533,0.006149098,0.0048820134,-0.010498419,-0.016799636,0.014888012,0.0028021305,0.00051333447,0.023713058,0.02390979,0.012817093,0.013684388,-0.017441295,-0.016449085,-0.022138825,0.0026387386,0.010133561,-0.014015891,-0.003822731,-0.0017332879,0.03536316,0.0074000168,0.01391405,-0.035524216,0.007031522,0.046380464,0.009417396,-0.019003708,0.021264866,-0.00463667,-0.002631891,-0.008943195,0.01720172,-0.0073221223,0.025147995,0.019031558,0.051678326,0.028369498,0.031977046,0.027200079,0.017024837,0.018847115,0.0031134444,0.002192571,0.00795731,0.03777609,0.032387514,0.045975182,-0.026748959,0.030722355,0.01805054,0.0439275,0.046000734,0.020345546,0.022269212,0.01385719,0.008624506,-0.023831546,-0.015842738,0.013623061,0.02485941,0.0426273,0.028930372,-0.013328711,-0.015833938,0.014704809,-0.0074015553,-0.005425534,-0.020341735,0.029334608,0.043900687,0.022792283,0.0038128188,-0.03706648,-0.005064333,0.021869114,-0.004502111,-0.0016004259,0.0014402823,-0.016924417,0.00058004877,0.028186064,-0.028452696,0.021065494,-0.009196402,0.019636022,-0.043876294,0.007821526,0.038149238,0.051414434,0.009337015,0.054929458,-0.00068029267,0.0454273,0.007339112,-0.057698302,0.030992726,0.05650226,0.0030551928,0.021287566,0.022599686,0.02204809,0.018068137,0.022510884,0.011293153,-0.028558236,0.021883005,0.017273104,0.017625857
2011-08-31,0.031475976,0.003304649,-0.03480218,-0.0045375265,0.0128823565,-0.020096997,-0.0026535543,0.018079974,-0.031935565,0.0011471618,-0.01958426,-0.05125434,0.012129304,0.004262804,0.0032345497,-0.024576249,0.015305633,0.024728874,-0.0033065248,-0.0038244594,0.0081180725,0.016820036,-0.0064325547,-0.023795418,0.05537133,0.049688045,0.020996492,0.04208702,0.020335138,-0.0069051483,0.019972708,-0.010966964,0.011970172,-0.0116468575,-0.003507745,0.007135511,0.0074981246,0.016709343,-0.005692335,-0.03835409,0.021610044,0.003325015,0.052989036,0.021101626,0.021502692,0.0030013027,0.004332895,-0.016092021,-0.02147536,0.01408351,-0.0020534054,-0.007734278,0.013880023,0.01622612,0.015883896,0.020210179,-0.013686562,-0.008815264,-0.021084407,0.0015837727,0.007453983,-0.018686721,-0.005876626,-0.0035067266,0.04338264,-0.0006597498,0.015134321,-0.037678417,-0.0013245265,0.044732627,0.00028451713,-0.023999607,0.019785851,-0.0122556565,-0.007312801,-0.002566865,0.015375337,-0.0070896233,0.028830485,0.019460484,0.05114377,0.024757693,0.03096018,0.02589178,0.016589949,0.010881005,-0.0053311926,-0.0035812247,0.0079003675,0.04335484,0.038829666,0.049339723,-0.028706267,0.0357566,0.007066115,0.04038955,0.044356033,0.02028368,0.021173634,0.0016588921,0.015407137,-0.036923952,-0.020916685,0.018136926,0.022905765,0.04329551,0.029451065,-0.013541673,-0.029791169,0.002316594,-0.01619746,-0.004892608,-0.014698762,0.028023321,0.041352488,0.021268219,-0.0005348566,-0.042564973,-0.0028621138,0.022700101,-0.008415024,-0.005887651,-0.0016023259,-0.021199591,-0.0026244253,0.017990725,-0.026756762,0.018328058,-0.014251144,0.0099009685,-0.04680382,0.0069996095,0.0371892,0.053401973,0.005826012,0.05680569,-0.0054195873,0.049589686,0.0007275677,-0.069639094,0.026947604,0.048844505,0.0029222453,0.024807895,0.026574193,0.029589077,0.022203708,0.016816977,0.013825461,-0.02714664,0.016108574,0.012430575,0.013495069
2011-09-30,0.029801916,0.0036054018,-0.033503424,-0.0054477807,0.0169657,-0.019495228,-0.0045176614,0.01613713,-0.031030774,0.0041274475,-0.01090327,-0.045983415,0.019004676,0.012608677,0.0037072888,-0.027051112,0.016541753,0.030268237,-0.0055656675,-0.008036718,0.009517536,0.01993862,-0.00409097,-0.021058345,0.056434255,0.0505451,0.024270255,0.039068088,0.020460911,-0.009359601,0.017272284,-0.012866655,0.013611032,-0.006837986,-0.004230925,0.006764082,0.009843826,0.013335555,-0.0043694503,-0.03302328,0.023166036,0.008268507,0.0544508,0.023462126,0.024084259,0.0042225034,0.009977167,-0.01052871,-0.015272195,0.012466261,-0.00027602952,-0.009336799,0.0155902365,0.017281294,0.017242247,0.020808471,-0.010171548,-0.003997538,-0.019380646,0.0056254105,0.007987254,-0.015750613,-0.0048480737,-0.002802341,0.04193641,-0.0014004343,0.015073921,-0.0390847,0.0014045031,0.045619722,-0.0004915746,-0.02426202,0.021169465,-0.011626213,-0.00881669,-0.004100981,0.017637067,-0.007589322,0.024716984,0.023660678,0.05499346,0.02281512,0.032787196,0.02471228,0.015148756,0.0101337135,-0.0066019315,-0.0024537344,0.011388973,0.042199936,0.036639586,0.051711973,-0.025851075,0.035825837,0.006629727,0.04137291,0.045029417,0.020111313,0.01978807,-0.00071679015,0.017701276,-0.036383107,-0.021004548,0.019029021,0.029945746,0.04965157,0.031970326,-0.0056703333,-0.027398739,0.0039210543,-0.014744867,-0.00941602,-0.010790371,0.023033394,0.033718046,0.022134064,0.001209187,-0.049889747,0.0018528383,0.01718025,-0.0038673428,-0.0007720271,-0.00025575337,-0.02085989,-2.0541029e-05,0.016101353,-0.02743023,0.019319428,-0.019487083,0.008975196,-0.04377663,0.004004104,0.036513433,0.05484473,0.0024032977,0.059964273,0.008309105,0.040041026,0.0009874325,-0.07065101,0.026521338,0.049934752,0.0033705842,0.026564153,0.02536505,0.026186375,0.02001991,0.018821895,0.01223008,-0.02435745,0.018178962,0.014001795,0.015517676
2011-10-31,0.028019367,0.0040299925,-0.03258258,-0.0039251666,0.015547747,-0.014481435,-0.0018366518,0.018187461,-0.025741957,0.0054154624,-0.012036629,-0.03843396,0.02380841,0.016047353,0.005277928,-0.025344672,0.0182064,0.032680128,-0.0022996801,-0.002582987,0.014911848,0.024475027,9.125914e-05,-0.01464797,0.060395814,0.053474765,0.022748407,0.044679828,0.020093018,-0.01330902,0.018685361,-0.012366837,0.013626673,-0.0076017715,-0.0037561061,0.0029241315,0.008541393,0.0068665748,-0.0072253854,-0.03154072,0.026731635,0.0061943945,0.0594624,0.027131047,0.028295478,0.008437515,0.012440642,-0.006464618,-0.0095624365,0.010272282,0.0077791777,-0.010237316,0.0207939,0.021352403,0.022246415,0.024379846,-0.008948563,-0.0062712287,-0.021337098,0.008227768,0.007990002,-0.011217496,-0.0033596237,-0.0036941082,0.034924306,0.0051206956,0.01652341,-0.035849594,0.009009568,0.043684665,0.006596028,-0.023080638,0.02492386,-0.008507512,-0.007619005,-0.003021902,0.017667258,-0.0077380748,0.021804508,0.02583011,0.05366762,0.019288247,0.032534234,0.024399811,0.010936445,0.017045325,0.0033736238,0.0033143517,0.014545409,0.0458528,0.039532233,0.05392312,-0.02712352,0.039737914,0.008213227,0.044203956,0.04680653,0.021177972,0.020327501,0.0018983833,0.018595416,-0.030445306,-0.014646629,0.019720966,0.03353489,0.052032877,0.034109224,-0.0022207892,-0.018286178,0.012891428,-0.005165104,-0.010194608,-0.0074584414,0.013385942,0.022926075,0.013723834,-0.006636886,-0.046270113,0.0016721081,0.014545577,-0.0006430149,0.004811603,-0.0066268723,-0.020541606,0.0029629618,0.021440478,-0.033357132,0.028263848,-0.01546867,0.0130850645,-0.03583722,-0.00022946902,0.04207731,0.046791088,0.008401159,0.057407446,-0.005500592,0.039789528,0.0076261256,-0.06383317,0.02209484,0.056137674,0.0016789798,0.026550086,0.023746572,0.028995153,0.013090568,0.01739457,0.010130882,-0.023909008,0.016865408,0.010936156,0.014234739
2011-11-30,0.02604923,0.0033009083,-0.03678025,-0.003685004,0.016462034,-0.013677947,0.0021892022,0.02117291,-0.024829129,0.009001699,-0.022378612,-0.048823148,0.013117623,0.004844265,0.008831607,-0.024913892,0.015992811,0.02044071,-0.0021820348,-0.0017314417,0.013835606,0.02267793,-0.0028449018,-0.016441252,0.059106953,0.05181462,0.012238526,0.028483527,0.018642023,-0.010407637,0.019333834,-0.009003758,0.01593856,-0.005797247,-0.0045451154,0.0031870997,0.011989333,0.01077771,-0.0033360033,-0.033133328,0.026743835,0.004532369,0.06447936,0.023308557,0.03209321,0.0075417995,0.012767403,-0.005273385,-0.006772518,0.013405445,0.011305907,-0.008751401,0.022383068,0.022027833,0.024824163,0.022667328,-0.005642156,-0.004915786,-0.019158991,0.014326926,0.010194353,-0.012087762,-0.00074832997,-0.00052939757,0.03396074,0.0068426384,0.012078684,-0.03495368,0.009444834,0.04104162,0.008677686,-0.024887979,0.023359682,-0.00852494,-0.005611114,-0.0048420173,0.018759247,-0.006607847,0.024571333,0.033095222,0.051676642,0.021765672,0.032788143,0.022702882,0.0106743835,0.019262629,0.0049660117,0.003964029,0.012981433,0.043244787,0.03645519,0.051542874,-0.026219754,0.042487517,0.010427591,0.041726053,0.0460783,0.020178957,0.019072853,0.0063777384,0.015934067,-0.02723767,-0.009803206,0.0034780742,0.031378414,0.05320119,0.033356164,-0.0046303556,-0.019414717,0.015792018,-0.0053197406,-0.0077149966,-0.01871056,0.007745424,0.038694795,0.03464513,-0.020791873,-0.04972672,-0.011709506,-0.0006700577,-0.00755588,0.0015236067,-0.0046102903,-0.029654056,-0.004298945,0.023790559,-0.02673662,0.020548396,-0.012302961,0.02053457,-0.03888681,-0.0019054379,0.040415857,0.050452255,0.0054995236,0.060666244,-0.0031436433,0.027060105,0.006375091,-0.070925176,0.030239405,0.05131937,0.005451248,0.022136755,0.020638147,0.027771596,0.018510412,0.015579298,0.009744862,-0.023910154,0.0150010595,0.008014699,0.012568885
2011-12-31,0.021901371,0.0070661665,-0.036227997,-0.005224182,0.017278919,-0.01038653,0.0003046311,0.021340419,-0.025154062,0.0075663496,-0.022407437,-0.051463265,0.0081844255,0.0018482527,0.009060631,-0.028033832,0.009959313,0.019602772,0.0005845,-0.0004798724,0.008312537,0.024744352,-0.0011447617,-0.013336745,0.059911177,0.052211165,0.0029778415,0.026511595,0.017593874,-0.005882187,0.022260508,-0.007883091,0.012057587,-0.005239542,-0.006056326,0.005844044,0.010088004,0.018466895,-0.010255322,-0.03455677,0.028693939,0.0024064127,0.06424159,0.026919425,0.028004443,0.008103939,0.013391514,-0.0039617084,-0.005981863,0.0143564325,0.010807171,-0.0038319859,0.021609513,0.02073277,0.02631277,0.024802046,-0.0062411455,-0.004261833,-0.01843712,0.011176914,0.014874664,-0.0064033708,0.0045671375,0.0068864403,0.034629162,0.0070752413,0.012553833,-0.035679407,0.009023992,0.04512441,0.009939142,-0.025125949,0.018915795,-0.004448721,-0.0060621663,-0.0038698905,0.015741227,-0.011503162,0.024730109,0.031639285,0.052360702,0.022619206,0.031273298,0.025681907,0.010501217,0.019598782,0.0017835972,0.003059641,0.010919629,0.043770578,0.036725692,0.05345561,-0.02584571,0.043165956,0.012261234,0.043861438,0.047646385,0.021350658,0.019600382,0.008992161,0.022046352,-0.028121993,-0.014779603,0.009438741,0.027939867,0.049526244,0.035545018,-0.00586503,-0.024989614,0.0068056136,-0.011217216,-0.0048789866,-0.016890433,0.017572625,0.04558792,0.04630101,-0.018342273,-0.054271143,-0.008448571,0.005983083,-0.0058357725,0.0047618207,-0.0021255272,-0.026802221,-0.004129539,0.023654437,-0.024620956,0.022303069,-0.0053263176,0.021828588,-0.035041474,-0.0009943079,0.03728125,0.055854116,-0.0012410035,0.059533004,-0.0010070759,0.033174235,0.015315102,-0.07069283,0.018108893,0.044688027,0.0034435678,0.021102045,0.018788524,0.029401544,0.018137895,0.0142953275,0.012787135,-0.023917861,0.013731019,0.006022496,0.012551014
2012-01-31,0.019036824,0.009185894,-0.04503646,0.0039319918,0.009193776,-0.0017414888,0.010332775,0.019331133,-0.013777516,0.013809347,-0.028047787,-0.05062237,0.001690245,-0.005700144,0.016246151,-0.024293453,0.012166986,0.02127685,0.0068013337,0.008196131,0.0072294828,0.02604946,0.0030886026,-0.011222142,0.056937583,0.046574246,-0.0047826893,0.04450629,0.023789996,-0.0069361045,0.022242356,0.0019957894,0.016783532,0.00068731996,0.0008872406,0.005767495,0.008776822,0.017761588,-0.01626468,-0.038866237,0.026881453,-0.0016424659,0.0728766,0.03282679,0.03259188,0.008573176,0.01552829,-0.0023021053,-0.0008817723,0.019706847,0.019776609,-0.0017863997,0.017098721,0.012940483,0.031956583,0.028594334,0.003714196,0.0048061796,-0.009421703,0.015915705,0.019213257,-0.0032028065,0.008654914,0.008305715,0.030744836,0.012287302,0.013286419,-0.026879326,0.012158807,0.041195735,0.013873522,-0.021979675,0.018578712,-0.0031851116,-0.00482822,0.0024231079,0.014464974,-0.008077897,0.025274962,0.038013384,0.044345118,0.021464132,0.029776238,0.028600637,0.010056054,0.023586113,0.005302267,0.010143033,0.0080827,0.0460252,0.04333061,0.047962252,-0.021808766,0.05098352,0.011120847,0.03913503,0.038714226,0.021778341,0.016140552,0.0076205493,0.022778783,-0.022439545,-0.003922231,0.009746209,0.023265079,0.050407425,0.030459376,-0.010826925,-0.025765851,0.011806568,-0.011683817,0.0035203814,-0.011896646,0.02433856,0.04656915,0.04767863,-0.02289934,-0.03868329,-0.008867401,0.010162966,0.00060542254,0.008119491,0.0032133346,-0.014078276,-0.004493712,0.024485549,-0.02335423,0.027206093,0.0037843985,0.03001741,-0.027378254,-0.0051331935,0.03170813,0.045622792,0.0042614522,0.063000806,-0.0013459282,0.032595076,-0.0003363557,-0.06630018,0.0082937945,0.049475335,0.0018352505,0.01962486,0.01840174,0.032295186,0.022363761,0.016537372,0.0136326635,-0.030725768,0.016020078,0.0058882535,0.016152201
2012-02-29,0.025371136,0.0043634567,-0.03913887,0.008494797,0.0049832435,-0.0038205248,0.011440825,0.023322243,-0.015829796,0.014076792,-0.0290978,-0.05495564,0.0018728704,-0.005039391,0.016617315,-0.018757239,0.019218255,0.024805663,0.0076959874,0.012350254,0.014987564,0.025087532,-0.00049120083,-0.012647566,0.055648122,0.044808023,-0.00027853026,0.051332418,0.019467233,-0.0060466724,0.024233123,0.0030442523,0.018055983,-0.0049744397,0.0039254962,0.0010811421,0.003065922,0.01234048,-0.015033478,-0.04100846,0.028244385,-0.0028785174,0.07474193,0.032237817,0.03563709,0.009354965,0.011550032,-0.004794094,-0.0030136427,0.020879744,0.025989885,-0.0010971763,0.018740054,0.015329485,0.026780318,0.021841673,0.0037854016,0.006216863,-0.0114533715,0.022341652,0.011760832,-0.007567421,0.0021954498,0.0028568618,0.030376427,0.014176002,0.013184578,-0.019858237,0.013686575,0.03525437,0.017647948,-0.017854726,0.018281635,-0.003170045,-0.0040333667,0.0033303588,0.016710056,-0.0071403417,0.028867532,0.040333167,0.04669326,0.020763008,0.034799993,0.027296707,0.0077810325,0.025644846,0.011480563,0.010500025,0.008214517,0.041201208,0.03865698,0.045540657,-0.02117918,0.051130895,0.010191594,0.041384134,0.040484224,0.02547592,0.018685812,0.01135347,0.014280908,-0.019337555,0.0038270818,-0.0026929204,0.021602444,0.051143628,0.028521817,-0.0132367145,-0.018401772,0.021184584,-0.007889352,-0.0026425663,-0.016238391,0.008782976,0.03494246,0.05589981,-0.0067495177,-0.036657393,-0.021971233,-0.004089616,-0.0045922245,0.0039351145,0.006418704,-0.008470466,-0.010712098,0.028738432,-0.022709584,0.027299203,0.0033620668,0.034847453,-0.025559263,-0.009179192,0.043824185,0.04904317,0.022121625,0.056759775,-0.001680299,0.020197824,-0.00074605196,-0.068019755,0.00924414,0.050489787,0.00026936436,0.017924411,0.014298091,0.030783147,0.022173269,0.016538855,0.010788603,-0.027839543,0.016044892,0.0070236074,0.015811278
2012-03-31,0.03654607,0.007216962,-0.03813833,-0.0020508668,0.0005854277,-0.0034500035,0.014516696,0.022274943,-0.013783699,0.01557781,-0.033466417,-0.053524625,-0.0011021037,-0.010220071,0.017707517,-0.019393014,0.016739484,0.024806708,0.0052131577,0.016314683,0.011958745,0.022908663,0.0041404734,-0.011475299,0.057311736,0.04587902,-0.0019267394,0.05485407,0.021983659,-0.0028686398,0.028193235,0.006309631,0.019998103,-0.0069967103,-0.007941649,-0.0013429122,0.0038778558,0.010200197,-0.013460758,-0.041511286,0.02685675,0.000545387,0.0710241,0.029758828,0.032760296,0.011464758,0.006303555,-0.005393722,-0.0041890373,0.020242075,0.022403354,0.0011376046,0.018870428,0.015417716,0.036058284,0.030563166,0.0015533303,0.0037520945,-0.015629161,0.021023098,0.007848635,-0.0104630375,-0.0035908197,-0.002283635,0.028289622,0.017001055,0.007893762,-0.033595037,0.013740497,0.03071875,0.020240432,-0.011584699,0.014689172,-0.00033146987,-0.0012107295,0.0047037406,0.013350556,-0.0032027902,0.029304361,0.033933736,0.042948514,0.02437063,0.031019498,0.028009051,0.00809235,0.028315147,0.012664986,0.012212601,0.0023484884,0.042333134,0.040606108,0.043906886,-0.01944209,0.04866885,0.0069607785,0.041716594,0.038347267,0.025348699,0.01882546,0.01002507,0.014934666,-0.013786591,-0.0018979392,-0.0014658928,0.017850593,0.050224412,0.029173987,-0.018636864,-0.027645715,0.007523041,-0.01629027,-0.0069050808,-0.027329206,0.010637009,0.036234174,0.045642566,-0.010970581,-0.03274328,-0.025900269,-0.004735156,-0.0068343156,0.004699363,0.00020605784,-0.0105482405,-0.0105955945,0.028560175,-0.031720936,0.027571449,0.006387598,0.033258457,-0.029012065,-0.004280826,0.040995806,0.046002984,0.024656458,0.05877476,0.008227489,0.021110324,0.0022482816,-0.06605231,0.010481032,0.04805409,-0.0021490268,0.015247182,0.012824485,0.028503047,0.027476916,0.0108285025,0.009689823,-0.033783562,0.010255095,0.0014973723,0.010085636
2012-04-30,0.03797614,0.0020015815,-0.03212826,-0.001377707,-0.009657681,-0.0013650229,0.0137162935,0.027345717,-0.007868366,0.010271931,-0.0331412,-0.059332483,0.0024673955,-0.011452108,0.011631972,-0.02437547,0.017156245,0.022794284,0.005380795,0.021166628,0.025011746,0.021215372,0.0006865335,-0.014869114,0.055317745,0.043092545,0.0023222985,0.048363224,0.020935664,-0.00095646264,0.036115885,0.00628495,0.022142632,-0.012275867,-0.00840216,-0.004803144,-0.0020722712,0.011257699,-0.02328756,-0.04242658,0.032179024,-0.0034910692,0.062269825,0.027146896,0.028124752,0.021877442,0.004856474,-0.003369101,-0.00035452322,0.013687773,0.036017124,0.0043489006,0.02684423,0.023517475,0.04221303,0.033544026,0.0026984224,0.0061404533,-0.01571101,0.020444514,0.012433485,-0.009039067,0.002513612,0.0031570634,0.010279131,0.022778833,0.005027276,-0.027058264,0.02183068,0.03341677,0.025150802,-0.0062474855,0.020247182,0.007720107,0.0027415454,0.008310252,0.016271772,0.002521204,0.02963266,0.028783876,0.03790644,0.022076664,0.03617819,0.028221369,-0.0009932703,0.033664852,0.02978619,0.016909866,0.004681571,0.039162066,0.037787013,0.038665056,-0.018770687,0.043669555,0.006362575,0.040538155,0.03433059,0.029249271,0.021182705,0.017363911,0.009529517,0.00010537258,-0.00303678,0.0054904427,0.023105511,0.05549446,0.0290013,-0.015426104,-0.017832957,0.011168817,-0.0066445274,-0.0032039087,-0.02238608,0.019832041,0.046643786,0.049057566,-0.0052272053,-0.023471242,-0.020375788,-0.0008408484,-0.008158475,0.003968536,0.0020026527,-0.01502528,-0.011782628,0.039688285,-0.03874646,0.036396954,0.0033563834,0.03616572,-0.016950885,-0.0110115055,0.035882287,0.030333696,0.018943297,0.047702573,0.01074601,0.027542535,0.009389073,-0.05306546,0.0036671292,0.056917597,-0.0064578396,0.011001559,0.0058584786,0.0216299,0.027620561,0.0036951164,0.0067566144,-0.024998693,0.0031409988,-0.0027356711,0.004843027
2012-05-31,0.035069667,0.006293183,-0.027101073,-0.006958335,-0.01158686,0.002710883,0.009590274,0.025205923,-0.0023708327,0.0045309565,-0.031085234,-0.051769815,0.0038852133,-0.0069884607,0.008121854,-0.027217261,0.019000432,0.023598736,0.011289649,0.021373194,0.018139731,0.02172606,-0.0012620492,-0.01803365,0.05213968,0.039580826,-0.00017556298,0.04422642,0.021282412,0.0021825824,0.02951683,0.009284469,0.019340103,-0.012432558,-0.011243567,-0.0055070017,-0.0014440714,0.0143403085,-0.025663879,-0.03717787,0.031883802,-0.0023541837,0.055250343,0.027321259,0.019256918,0.022970725,0.005034714,-0.00015101055,0.00043265006,0.011043662,0.034315817,0.0006752616,0.022274919,0.021036498,0.041163743,0.028619925,0.0030574296,0.006399031,-0.01319223,0.013745508,0.013499522,-0.0040043998,0.0050768675,0.005430014,0.014915024,0.021715999,0.009248129,-0.028713178,0.021855973,0.03223165,0.024774337,-0.0019127165,0.015040942,0.014486549,-0.0026113123,0.009004818,0.01717551,-0.0018167101,0.026179433,0.023766883,0.03802012,0.023485797,0.039292485,0.03280219,0.0034837467,0.031716652,0.027369576,0.017509481,0.001128415,0.040502474,0.037285533,0.037542682,-0.016687484,0.037730545,0.0042596697,0.04058419,0.032058787,0.03094405,0.021006264,0.014505857,0.007915701,0.0013852435,-0.008570041,0.0086392015,0.021849768,0.055089116,0.029545875,-0.017770004,-0.022326997,0.004964493,-0.0123934625,-0.00057511905,-0.025234006,0.028874947,0.058424268,0.050114803,-0.017901603,-0.031238921,-0.033642177,0.006223878,-0.0034529425,0.008666427,0.005143656,-0.014367241,-0.00850773,0.036882732,-0.041563056,0.033053096,0.0010040674,0.03465271,-0.01639633,-0.008869814,0.036243215,0.03634316,0.024191484,0.048132528,0.015348322,0.033622935,0.001944741,-0.058468122,0.010448979,0.0558111,-0.00858195,0.013547181,0.009226618,0.019740107,0.029371915,0.003157736,0.005292334,-0.023192497,0.0025775991,-0.0030070446,0.0045079417
2012-06-30,0.032981504,0.006686392,-0.024530826,-0.0056183636,-0.010748563,0.0038575744,0.009508934,0.025609711,-0.0015699272,0.0052817017,-0.024690842,-0.048025656,0.00917713,-0.0021974982,0.009176833,-0.03021862,0.021560224,0.025003824,0.018273924,0.023801908,0.02091929,0.02051745,-0.0005553423,-0.01603055,0.049716495,0.03620957,0.0035835188,0.056591995,0.019349245,0.0033733773,0.031782337,0.007987845,0.019021962,-0.014401368,-0.009656665,-0.007110383,-0.0022200604,0.015961954,-0.027261341,-0.035656936,0.029844511,-0.005846991,0.054395285,0.027875733,0.02032443,0.021900076,0.00439249,-0.0014305357,0.002880824,0.013704854,0.0355328,0.0029385712,0.022362616,0.020128544,0.0413014,0.02756979,0.0026342957,0.006793517,-0.013911405,0.013969594,0.010265872,-0.0017497487,0.0029325404,0.00329564,0.011308395,0.022415379,0.009653989,-0.023605047,0.02320623,0.032646105,0.026117295,-0.0033823184,0.01723444,0.015377978,-0.0016755225,0.0065190885,0.014615229,-0.0015992762,0.024374155,0.023483554,0.037003666,0.022640225,0.039217427,0.030578721,0.0023990083,0.03218932,0.029055359,0.018375812,0.0018278904,0.037878368,0.034492496,0.035501093,-0.01713291,0.03604501,0.0058388235,0.03722654,0.029077353,0.028563999,0.01930659,0.016115347,0.010252002,0.0049058166,-0.0034666723,0.0050642495,0.022739353,0.054243695,0.026542965,-0.013241989,-0.016201312,0.010310077,-0.008198208,-0.0036495745,-0.025024772,0.029413138,0.071190044,0.04942131,-0.021276798,-0.027881596,-0.041924577,0.0035472375,-0.0020770754,0.010180519,0.004099421,-0.0074785072,-0.010591416,0.038024966,-0.03926966,0.034104977,0.0037046245,0.035668112,-0.014186128,-0.008217255,0.041339733,0.035792578,0.024141008,0.04816506,0.027102469,0.029537627,-0.008290062,-0.055900805,0.0104955295,0.05855807,-0.007182202,0.011784448,0.006478758,0.017335031,0.02800443,0.004945763,0.0031676886,-0.019559281,0.004447526,-0.0039403522,0.005643866
2012-07-31,0.03497709,0.010263194,-0.027533188,-1.93309e-05,-0.0073817284,0.0066022626,0.014773129,0.012390533,-0.0043704994,0.0116817765,-0.01721424,-0.04002381,0.012001038,0.0016125527,0.016590068,-0.025323305,0.028246744,0.035121497,0.025440702,0.026070235,0.02030481,0.020822922,0.0049005756,-0.00973085,0.04435973,0.034307104,0.010724907,0.051187336,0.026921935,0.008996534,0.031929802,0.013671974,0.023913672,-0.014353585,-0.0058081443,-0.005706569,0.0033411286,0.018042209,-0.029841917,-0.03441356,0.02027443,-0.004437945,0.058286082,0.03326839,0.025667273,0.023883242,0.004499264,-0.0009032652,0.0006887348,0.0146115245,0.03644574,0.008916106,0.012231226,0.011521373,0.046414286,0.035836212,-0.00040110986,0.005122453,-0.01791564,0.014641293,0.0069873068,-0.011649012,9.0134374e-05,-0.0008270207,0.014518059,0.02729984,0.0059128376,-0.013690759,0.030015728,0.02545096,0.030944945,-0.0036977837,0.014009224,0.017866949,0.0034654879,0.0102492375,0.0052454607,-0.008571193,0.02216443,0.018843906,0.0322952,0.02223985,0.03277398,0.030861154,0.0069414102,0.035581462,0.027368648,0.025525384,-0.0050569153,0.04332826,0.04133306,0.033655506,-0.015401748,0.03977439,-0.00071064284,0.032426205,0.024027824,0.018923663,0.010308299,0.0032226073,0.0137804365,0.007912416,0.0033063162,0.0026622543,0.01927397,0.057216424,0.019594554,-0.015758872,-0.007930897,0.01770541,0.004081905,-0.0054923147,-0.022867935,0.024836272,0.06609373,0.04925991,-0.022797892,-0.023352899,-0.044872086,-0.0016207522,-0.0020728498,0.011462648,0.01043927,-0.014006793,-0.0096059935,0.02551455,-0.043687332,0.039820272,0.0021494585,0.031787954,-0.014011487,-0.0014117387,0.0491815,0.041821595,0.022666492,0.05684262,0.012915324,0.028324068,-0.0019028457,-0.049466614,0.009510321,0.059232462,-0.011650364,0.00972526,0.006554156,0.01686842,0.028725738,0.008367757,0.003754354,-0.027208537,0.0076799644,0.0014491238,0.009626622
2012-08-31,0.032155387,0.013003067,-0.026207224,-0.0042822445,-0.0067536025,0.008411489,0.01494849,0.010710648,-0.00024440527,0.0128903445,-0.019684747,-0.037744664,0.005786936,-0.0027352686,0.016499931,-0.030700289,0.027921436,0.039257042,0.026496798,0.029278517,0.010296443,0.021132657,0.00553362,-0.0049861693,0.04403268,0.032133278,0.0034089778,0.043995384,0.020201221,0.0010157778,0.0279454,0.0162134,0.02185153,-0.010789458,-0.010739959,-0.0019879602,0.0040200157,0.018467208,-0.021627393,-0.033477698,0.017438518,-0.001346852,0.060775008,0.032497216,0.028819876,0.020665469,0.0084247785,0.0021430415,-0.00065433513,0.015243096,0.03172116,0.0043255026,0.007924987,0.005797154,0.04714198,0.035852764,0.0017431017,0.009013474,-0.014515897,0.019359251,0.011442075,-0.0061034276,0.0045648036,0.0033312086,0.020472923,0.026019223,0.009858386,-0.01890848,0.030330379,0.0245822,0.033936337,-0.0025473281,0.0036942582,0.012040198,-0.0029291632,0.01326898,0.005600466,-0.007241687,0.02713211,0.024077464,0.03493014,0.020280048,0.033928793,0.030464903,0.0041563986,0.035484824,0.02332458,0.025937224,-0.00604396,0.04420976,0.038138274,0.036214374,-0.013704705,0.043382563,-0.0029840635,0.03663802,0.025446033,0.021928096,0.008744312,0.001302101,0.009190727,0.006550415,-0.0033240402,0.0015575701,0.01777635,0.054700762,0.020002645,-0.02052791,-0.005291905,0.02041534,0.0037279103,-0.004775511,-0.030024266,0.026165789,0.06785196,0.052813258,-0.015021346,-0.024396308,-0.046501447,-0.0036200942,0.0029254365,0.015906518,0.008832276,-0.015056769,-0.0061592762,0.020610671,-0.045060605,0.041913893,0.0062655364,0.0316317,-0.013579928,-0.0014312227,0.050468452,0.04362219,0.020558562,0.05670758,0.018494617,0.026713002,-0.004922283,-0.048888244,0.019759297,0.052343596,-0.010725218,0.016225,0.0138414735,0.01607624,0.027021958,0.009336939,0.007888856,-0.031991947,0.008713804,0.0019979577,0.009796908
2012-09-30,0.033757698,0.015427715,-0.026672937,-0.009829243,-0.004937779,0.009153685,0.014657397,0.013702686,-0.00087762944,0.0155786,-0.022712149,-0.047531944,0.006530884,-0.0021691408,0.018255726,-0.03587185,0.02625839,0.03604793,0.014030065,0.0220909,0.011007847,0.021488564,0.00042115874,-0.0035176692,0.044385087,0.03126808,0.012204479,0.05478793,0.012369555,0.00047308826,0.028430434,0.014114367,0.01824919,-0.01275588,-0.013925188,-0.0017693699,0.005326839,0.026513904,-0.021514032,-0.041983765,0.015482015,-0.0026457144,0.05787572,0.031426676,0.02687741,0.018380009,0.008868733,1.1758269e-05,-0.003541059,0.014615245,0.031275973,0.007116059,0.009562584,0.0075718914,0.051511344,0.036823098,-0.0016673626,0.0066781905,-0.0145921875,0.015157506,0.008980046,-0.012341102,0.0008645201,0.0010564263,0.022770869,0.025117403,0.010788298,-0.02755728,0.027478581,0.030881364,0.032119,-0.00068537507,0.00684473,0.0071052294,-0.0068174102,0.004749059,0.0064337663,-0.008413012,0.031581346,0.023086498,0.038130924,0.022337431,0.033069555,0.02791182,0.0056180116,0.033413157,0.017777259,0.017343307,-0.004012414,0.036992535,0.036121305,0.03576923,-0.014963505,0.040851172,-0.0019824244,0.037132163,0.026311236,0.016395405,0.0052353544,0.0039392137,0.009950324,0.005980909,-0.009964102,0.0028276439,0.020528901,0.05830381,0.020368075,-0.020184256,-0.018859291,0.0049863663,-0.010167645,-0.0063900957,-0.027266186,0.027297763,0.05383423,0.05640025,-0.02464012,-0.027663292,-0.040193178,0.008654549,-0.0011982776,0.01106265,0.0064807264,-0.013569814,-0.007615927,0.022944264,-0.047898713,0.03906446,-0.002608877,0.035229344,-0.02299648,0.0039803386,0.046362717,0.03953414,0.02018306,0.053900845,0.0004365498,0.038475648,0.0014572379,-0.053793572,0.019108668,0.059895333,-0.01075963,0.0148605555,0.016540162,0.011036763,0.026622295,0.0035402554,0.008988695,-0.031963505,0.0027873511,-0.0020451553,0.00333697
2012-10-31,0.040793497,0.018257843,-0.022091545,-0.0029607888,-0.0056832153,0.005486152,0.014754471,0.010479501,-0.004164233,0.014690707,-0.01684734,-0.04710145,0.014216092,0.0024699094,0.020627052,-0.034953002,0.030671356,0.03288515,0.011110367,0.021358507,0.00940313,0.018685175,0.00048398954,-0.00728467,0.04561006,0.03256838,0.02076322,0.054615185,0.015320878,0.0037652499,0.025836531,0.012431916,0.018657548,-0.012130593,-0.0062535177,-0.0030126297,0.0068888715,0.027846802,-0.017604234,-0.044118717,0.011940282,-0.0007626846,0.05140242,0.027913228,0.022815516,0.0082170125,0.0053137215,-0.009140835,-0.013018059,0.01419727,0.025579765,0.0056640827,0.0085130865,0.0066751232,0.048067488,0.035598394,-0.007413251,-0.00047449686,-0.019268297,0.008869024,0.0070555317,-0.01669131,-0.0015913025,0.00035770048,0.029335087,0.019148018,0.009872957,-0.025290376,0.021239165,0.0272829,0.026092175,-0.0044132667,0.0027916154,0.0009036637,-0.006029924,0.0021771654,0.004594513,-0.00971278,0.027916824,0.018966483,0.03755212,0.023142325,0.031238286,0.024747878,0.01045392,0.02809433,0.0070197843,0.01278724,-0.010838192,0.041038793,0.039793964,0.035129067,-0.017224694,0.03956637,-0.00050131965,0.034948315,0.026460676,0.014877196,0.0038889204,-0.0006119357,0.011648323,-0.0015093022,-0.011511214,0.0082297465,0.020922855,0.059678927,0.019152476,-0.022531439,-0.028774709,-0.0005399666,-0.015320055,-0.009995854,-0.025095476,0.023419715,0.04202104,0.04754972,-0.018125726,-0.032089543,-0.031481195,0.013437032,-0.0055775424,0.005901498,0.0050957636,-0.017385956,-0.0067684413,0.016746763,-0.043990914,0.031714942,-0.00667336,0.032814603,-0.029851384,0.007863389,0.05411355,0.049550846,0.009592678,0.06328626,-0.017094828,0.045196522,0.0059569124,-0.05686591,0.025253734,0.0677615,-0.010117254,0.017266436,0.022975285,0.008122879,0.033431042,0.008662992,0.009099895,-0.036300022,0.007867169,0.00438767,0.0065721516
2012-11-30,0.0377145,0.014310213,-0.030418672,-0.009206547,-0.010968856,0.0038373398,0.021146344,0.010100844,-0.0045596035,0.019365432,-0.028064243,-0.055338476,0.0059398795,-0.003966579,0.023839736,-0.030159647,0.02984815,0.028822375,0.011560575,0.019859657,0.009915207,0.018972801,-0.0016767953,-0.009016751,0.037498295,0.02594202,0.013089364,0.055155598,0.012913688,0.009259767,0.027408587,0.020270908,0.023950892,-0.010401959,-0.012329607,0.00039513974,0.0046571083,0.026363106,-0.012775752,-0.04358223,0.01079212,-0.0024209302,0.05634752,0.025478685,0.028580178,0.006119405,0.007557118,-0.0095542045,-0.013047799,0.020935433,0.027469514,0.007862064,0.0018511696,0.0010604862,0.04078682,0.028384868,-0.005606696,0.0013300226,-0.019763025,0.013988024,0.0034737454,-0.018376064,-0.004882074,-0.0029148299,0.031897802,0.024057196,0.011426942,-0.03182024,0.017744461,0.023730315,0.03001796,-0.0011903751,0.001879842,0.0027153671,-0.005483049,-0.000323644,0.004887748,-0.0068344693,0.027498882,0.027547173,0.039833196,0.024211684,0.034072626,0.026043385,0.0076272776,0.031394247,0.004322792,0.01523676,-0.008377881,0.03500924,0.03913313,0.029984416,-0.013790627,0.043589864,-0.00063552737,0.028198428,0.019650968,0.012100038,0.002256037,-0.0010065401,0.010661511,-0.0033713118,-0.012176746,0.0068234857,0.01634183,0.057619244,0.012823208,-0.025685646,-0.03223691,0.0010414714,-0.02255646,-0.013520489,-0.024598883,0.018872106,0.040129475,0.048227835,-0.021557061,-0.03270472,-0.03479728,0.010037703,-0.008380227,0.0013128285,0.00511459,-0.01622231,-0.011558472,0.015497141,-0.039991606,0.030829439,-0.0066091795,0.04029349,-0.02994011,0.0056246053,0.05671905,0.051453266,0.008668357,0.063066125,-0.020553038,0.04278377,0.0042955233,-0.063309155,0.017018473,0.06552623,-0.0076899664,0.016160008,0.021267954,0.007803709,0.036844213,0.0036015897,0.012504305,-0.03943683,0.002644138,-0.001979655,0.0008011012
2012-12-31,0.037410945,0.01577409,-0.029146781,-0.009247225,-0.011055515,0.005053361,0.019647995,0.013158034,-0.0012513077,0.01729274,-0.02668087,-0.05811092,0.007420502,-0.0038462041,0.021107282,-0.031419065,0.030696237,0.027229028,0.011046843,0.020927917,0.011616378,0.020977175,-0.0019237833,-0.009231433,0.037972007,0.026303967,0.012899084,0.052438322,0.01269283,0.0066065798,0.026382321,0.01760091,0.020203434,-0.009673017,-0.012358795,0.0013439242,0.0059726224,0.026191931,-0.012456812,-0.042228784,0.012399069,-0.004900031,0.054877218,0.024946949,0.027057655,0.010347591,0.009211915,-0.0071129473,-0.011221667,0.020469544,0.029574463,0.007324829,0.0036320712,0.003286424,0.042858727,0.028480235,-0.00543665,0.0024336474,-0.019196138,0.014549238,0.0040577613,-0.0148052415,-0.005449695,-0.0025619264,0.02797877,0.025027853,0.011336913,-0.031803276,0.019729733,0.026892176,0.030385042,-0.00093997206,0.004808936,0.0019062461,-0.0036268318,-0.0014812599,0.006740138,-0.007073455,0.026627362,0.028925478,0.040180065,0.023377823,0.035924375,0.02415894,0.007468028,0.03195036,0.005344276,0.01625069,-0.008254706,0.031130958,0.034985602,0.028861513,-0.013633901,0.04027878,0.002089759,0.029777983,0.021199986,0.013438402,0.0042200345,0.002268698,0.007499967,-0.0021559321,-0.012005633,0.0063994997,0.015927145,0.053519856,0.013457288,-0.02284727,-0.029823242,0.0027804752,-0.02042915,-0.011366657,-0.026893789,0.019598799,0.04150641,0.05063385,-0.020288013,-0.032141652,-0.03373331,0.011596232,-0.00604102,0.004958784,0.0048886877,-0.0149600785,-0.010013557,0.018311672,-0.03902066,0.029016588,-0.0064378707,0.041006736,-0.033315692,0.0051418743,0.060122594,0.05119709,0.016662737,0.062297303,-0.02477791,0.042896625,0.004941321,-0.0607521,0.022894511,0.064857535,-0.005950323,0.01274318,0.018538523,0.0070074494,0.033515956,0.005620673,0.012714289,-0.035655577,0.0046802703,-0.00047239248,0.0031173287
2013-01-31,0.03606244,0.015660025,-0.03298248,-0.0074893865,-0.0130439745,0.0036059432,0.022634996,0.015229373,-0.0049471543,0.016822968,-0.029560816,-0.05637275,0.0056462376,-0.0062715975,0.022050114,-0.034072466,0.032276038,0.027656296,0.0063691293,0.020593654,0.012839456,0.020661749,-0.0023579022,-0.00931509,0.03644688,0.024377553,0.009331884,0.05281416,0.013940855,0.009097106,0.027228206,0.017735576,0.020166622,-0.011628416,-0.009169514,0.0053541455,0.008334899,0.025353087,-0.009085474,-0.041137535,0.011583574,-0.004972641,0.054681115,0.02180769,0.02656851,0.011339493,0.008081378,-0.006616993,-0.0118851885,0.018237306,0.02632765,0.0070428704,0.0023377251,0.0025652219,0.04348438,0.029832045,-0.00618319,0.0038310727,-0.01862364,0.012704885,0.010116976,-0.012697792,-0.0004846164,0.0040005813,0.032913096,0.020342356,0.010592026,-0.031719085,0.016971221,0.027996922,0.025669755,-0.0046640537,0.0029823442,0.0011521957,-0.0012367371,-0.005421918,0.0074046007,-0.010002947,0.027195685,0.029079191,0.04070862,0.019970503,0.034830384,0.016977318,0.0057639293,0.028977783,0.003994547,0.014622943,-0.0089641,0.02954667,0.03729565,0.026685601,-0.013150729,0.04045572,0.0051646964,0.027143324,0.01995684,0.013978791,0.005990321,0.003972428,0.0053193914,-0.011403067,-0.0136351045,0.010401733,0.016525246,0.051888756,0.011928394,-0.024380047,-0.027156899,0.0058371034,-0.01847504,-0.013004732,-0.024624059,0.02155076,0.042451467,0.043406308,-0.011629299,-0.028716048,-0.024216045,0.008447233,-0.0020028492,0.0071803457,0.010168413,-0.01290756,-0.004482632,0.019591337,-0.03745408,0.027536128,-0.011885281,0.04298055,-0.03333587,0.005971857,0.055936992,0.057018116,0.01747302,0.062215418,-0.026616435,0.047208387,0.016329866,-0.056539327,0.024619652,0.05994326,-0.0060352623,0.00972831,0.022192264,0.008479234,0.02999728,0.009234693,0.015520501,-0.039437667,0.008347616,0.0041742846,0.0072332583
2013-02-28,0.03989655,0.013275445,-0.03481249,-0.009113192,-0.014269786,0.0018173545,0.023705497,0.01584786,-0.0073925937,0.01579981,-0.033513304,-0.06047804,-0.003616342,-0.016581906,0.020520113,-0.031108478,0.031159459,0.025374262,0.0035588304,0.017752366,0.01426282,0.024490403,-0.004172824,-0.010553532,0.039109766,0.027414866,0.007770769,0.055378474,0.011989455,0.010614494,0.029914044,0.019855648,0.021889912,-0.016433805,-0.012136373,0.004111302,0.0045519364,0.024955148,-0.0067238137,-0.044431936,0.017177328,-0.00645006,0.05650949,0.023167143,0.025743105,0.0145152155,0.009516709,-0.010056088,-0.014093362,0.022141373,0.028254623,0.006104304,0.0025163838,0.0041948957,0.0409131,0.029326592,-0.009121791,0.00038411497,-0.02044801,0.012997583,0.012017404,-0.015575946,-0.00025291642,0.0048196125,0.03022652,0.017663268,0.008686243,-0.034408025,0.015928593,0.030163527,0.024580786,-9.009201e-05,0.0047453535,0.0028984891,-0.0021295124,-0.0005890838,0.00831334,-0.007027546,0.02967943,0.030880801,0.041167676,0.023557551,0.03657043,0.01763506,0.006170676,0.025387228,0.0037247487,0.011530361,-0.008197885,0.027951375,0.036324006,0.0256549,-0.013028162,0.038961697,0.0057372255,0.032077562,0.024903195,0.016761897,0.011520999,0.004095318,0.0065546595,-0.012367506,-0.011291234,0.014167579,0.009827531,0.047749612,0.011811665,-0.029798722,-0.024737684,0.01148596,-0.010683804,-0.01371686,-0.019894486,0.02298313,0.038865767,0.034241885,-0.0064954394,-0.025207203,-0.022595312,0.0037981744,-0.0040155696,0.0002370235,0.009289727,-0.016794574,-0.006697385,0.021755725,-0.03061401,0.023680164,-0.012180761,0.045270026,-0.035994902,0.00593019,0.05533049,0.05822807,0.025384706,0.058570713,-0.018959384,0.046270102,0.01638036,-0.05650054,0.03035022,0.058688108,-0.011424865,0.0072112232,0.017443104,0.005902661,0.03064819,0.00016681175,0.013352795,-0.03637124,-0.0005838064,-0.0049056024,-0.0009720366
2013-03-31,0.035821356,0.014679963,-0.034032073,-0.009213883,-0.015127152,0.0034773145,0.022379251,0.017426968,-0.0045815217,0.014692051,-0.030499075,-0.06469352,-0.004124393,-0.015281592,0.019367013,-0.027633732,0.03369214,0.025730494,0.007229417,0.022898152,0.012677209,0.025814913,-0.0025846465,-0.009706595,0.03699121,0.024850521,0.0064621773,0.05360443,0.013919617,0.012796109,0.030819109,0.019256076,0.027580263,-0.017765483,-0.01289833,0.0057156608,0.0075929104,0.022364132,-0.00777722,-0.044867557,0.018749543,-0.007916024,0.056711055,0.026113201,0.023802737,0.015736317,0.009028113,-0.010020248,-0.0152909225,0.0247513,0.031984977,0.008465449,0.0010543714,0.0021121479,0.042218916,0.029298542,-0.008525944,6.661557e-05,-0.022014426,0.012996879,0.012691391,-0.015358373,0.001173558,0.005416166,0.02647289,0.019925665,0.008515177,-0.029592294,0.018036786,0.02979883,0.027620405,-0.0022924156,0.0056596952,0.004318583,-0.0012255185,0.0024623752,0.0077926326,-0.0061596287,0.029634938,0.031784233,0.039189026,0.024500761,0.036957502,0.021000901,0.007933504,0.027891353,0.006755558,0.015661428,-0.007325225,0.025879603,0.035520148,0.025095683,-0.0068447506,0.039904352,0.005467805,0.031231306,0.023877505,0.017235948,0.012098463,0.005367487,0.00612304,-0.005795956,-0.007724281,0.0156833,0.009455138,0.04584212,0.011092394,-0.028209649,-0.021632645,0.016331851,-0.0075254114,-0.013515505,-0.020094665,0.024736146,0.044813167,0.03274548,-0.005089777,-0.024260819,-0.027516464,0.002267721,-0.004102383,0.000406242,0.0036429747,-0.016824402,-0.005000716,0.023308268,-0.031102654,0.022789408,-0.0051002037,0.04529769,-0.035405964,0.0077674855,0.05178077,0.055420157,0.022494763,0.05269732,-0.020107727,0.047303885,0.011258767,-0.05476645,0.026715584,0.061354935,-0.009782726,0.00561338,0.014910879,0.004943858,0.03164631,-0.0039806515,0.0137739675,-0.034548063,-0.004679763,-0.00913615,-0.0047271615
2013-04-30,0.036080774,0.01818935,-0.0349325,-0.008927768,-0.019752987,0.0022960466,0.02316477,0.018103078,-0.00074660586,0.012113023,-0.023116898,-0.060681593,0.0008607862,-0.011028586,0.018652847,-0.027000753,0.034118466,0.023568692,0.0073299664,0.025373217,0.011229055,0.025279101,0.00047856092,-0.010597554,0.03603407,0.023852054,0.013236307,0.051589187,0.018419692,0.013652071,0.029395763,0.02245197,0.025761677,-0.020131683,-0.012582042,0.0054970672,0.0064959377,0.025733912,-0.008454715,-0.046480075,0.017577335,-0.012904237,0.058178574,0.027679285,0.020871745,0.018275056,0.0085108075,-0.009869423,-0.014100584,0.022744827,0.033955224,0.0051484304,0.00081044773,0.0011575994,0.040251143,0.030936472,-0.010529855,-0.0019709172,-0.022615796,0.009595379,0.012275364,-0.014791325,0.00019447602,0.0042884015,0.028528262,0.018420393,0.00794012,-0.029500239,0.01745624,0.027105244,0.025989184,-0.00552174,0.0013341514,0.004490567,-0.0041492446,0.0025698561,0.006802603,-0.008493358,0.02932217,0.029601244,0.03580339,0.02708213,0.03469738,0.02242002,0.0124141965,0.026711967,0.0060162256,0.016040897,-0.014504271,0.027466426,0.037296023,0.023389487,-0.0036764338,0.04270211,0.0071377098,0.029301146,0.021769239,0.01755186,0.013038227,0.0066153863,0.005103328,-0.005231628,-0.005843369,0.021031745,0.008417215,0.048309226,0.010191627,-0.030509647,-0.019974804,0.019286335,-0.008655033,-0.008724413,-0.017875168,0.028301928,0.046207517,0.027050255,-0.003119547,-0.022516355,-0.023182483,0.0031512135,-0.0072756675,-0.0036611299,-0.0020802799,-0.022072563,-0.002915684,0.023504598,-0.032196797,0.02278786,0.001179311,0.04714702,-0.03544698,0.011649131,0.046311744,0.052383665,0.018344132,0.047895532,-0.020393621,0.05287041,0.011906549,-0.052647784,0.024980312,0.064368054,-0.0076652667,0.010086663,0.019897476,0.0014627503,0.032053325,-0.004268733,0.013413077,-0.03853115,-0.004747621,-0.01079206,-0.0048971637
2013-05-31,0.035243567,0.014823545,-0.033930365,-0.012859927,-0.0232471,0.0017642593,0.021396032,0.018188914,0.00021825582,0.010514981,-0.019472022,-0.05750774,0.00481039,-0.008435558,0.017594926,-0.030264264,0.036210537,0.025112467,0.010733532,0.026548972,0.011881083,0.022840675,-0.0015681806,-0.0146564655,0.034115665,0.023262326,0.014860167,0.05114995,0.019597182,0.01105172,0.028118623,0.022572853,0.025615744,-0.018108645,-0.017258298,0.0021611038,0.0062967944,0.027502881,-0.005469888,-0.04438026,0.01675843,-0.011021977,0.054296657,0.028561119,0.020154864,0.016044037,0.009403593,-0.009424064,-0.010083877,0.023498202,0.033292525,0.0033101013,0.0031690279,0.0037320044,0.03795942,0.029800367,-0.01293612,-0.00617939,-0.026172057,0.009477117,0.014623866,-0.01275518,0.0015744347,0.006394099,0.02689047,0.017415766,0.009101704,-0.034161557,0.01744069,0.026647704,0.024009101,-0.0059627173,0.0010743585,0.0026310505,-0.004135115,0.0023160407,0.0075569497,-0.009536748,0.02698847,0.02787067,0.034800567,0.028388249,0.03440922,0.021406274,0.015122007,0.025762476,0.007820345,0.01604205,-0.015864478,0.026848854,0.036553998,0.02095557,-0.0032066153,0.041817017,0.0071823155,0.02831359,0.021490004,0.01737816,0.013877319,0.007225649,0.004804324,-0.007118394,-0.009594701,0.02140395,0.007996696,0.049061842,0.009307848,-0.03125574,-0.022797741,0.017367667,-0.009422257,-0.00846784,-0.018801088,0.029669974,0.04573194,0.02396378,-0.0030086727,-0.025152523,-0.02245723,0.0026407323,-0.0039933203,0.0004586775,-0.0013351659,-0.02396975,0.0013027178,0.023474848,-0.031548154,0.021838307,0.0037056776,0.047433637,-0.037033312,0.015651036,0.040483765,0.049237646,0.014423433,0.049840778,-0.018149156,0.05499211,0.014083853,-0.051950246,0.029166292,0.06727557,-0.009179743,0.010494742,0.019846162,0.0008961668,0.031751815,-0.0059963106,0.009466392,-0.039172027,-0.006272235,-0.009785551,-0.005594224
2013-06-30,0.035517666,0.01107279,-0.031213887,-0.009417147,-0.021737317,-0.0021710356,0.01539224,0.02107859,-0.0021686873,0.0058958954,-0.015605568,-0.06114662,0.0071352357,-0.009353152,0.010305346,-0.030393675,0.03296964,0.023541005,0.0036432154,0.015682982,0.013503381,0.023620794,-0.0054591554,-0.020407308,0.036577366,0.02583112,0.020212738,0.043530144,0.020068403,0.012459023,0.027016785,0.015526974,0.02500954,-0.01963601,-0.014348924,0.001956519,0.007485163,0.027578136,-0.005310569,-0.04425582,0.022294456,-0.010180144,0.052045535,0.023699107,0.014879332,0.018093528,0.008671824,-0.011051313,-0.013632512,0.017049728,0.033317387,0.0033926165,0.005435062,0.0068466733,0.03099888,0.02505223,-0.014837274,-0.00770087,-0.028212124,0.0100506125,0.01392127,-0.018467974,-8.293963e-05,0.0060229637,0.024921171,0.01476432,0.0058648707,-0.032141395,0.016343292,0.03170736,0.021703865,-0.0078082243,0.0069656074,0.0032804764,-0.0031603498,0.0029063157,0.012183787,-0.007828493,0.027205214,0.026495356,0.036690384,0.026505256,0.037100613,0.018304493,0.016298786,0.024434937,0.008136573,0.015557171,-0.010315358,0.026285486,0.031477746,0.02314256,-0.005139793,0.037560944,0.0064851106,0.029667614,0.024883782,0.021152435,0.017471274,0.008854958,0.00562785,-0.011499076,-0.013248233,0.027143866,0.014371009,0.05018323,0.011667146,-0.027084382,-0.023497092,0.017122107,-0.012169768,-0.00956281,-0.016518371,0.0341203,0.033578996,0.025833433,0.0023679943,-0.02933374,-0.0029842134,0.01900622,-0.0043532825,-0.0016078637,0.003895934,-0.026706873,0.0011951027,0.02727743,-0.02915028,0.016784212,-0.005054821,0.043224398,-0.041265268,0.015584317,0.032445032,0.04848816,0.020327378,0.0428504,-0.02817528,0.064018734,0.013394564,-0.056932326,0.032690052,0.070402265,-0.008502102,0.009073036,0.016231151,0.0022203822,0.033321038,-0.006714631,0.009653994,-0.035252914,-0.0070742313,-0.010034306,-0.0072611035
2013-07-31,0.04317417,0.011715346,-0.026214762,-0.002485221,-0.025861591,-0.0026372655,0.016661415,0.020640848,0.004128411,0.0038283602,-0.011026408,-0.061760973,0.012626716,-0.005616971,0.008979383,-0.036997087,0.035511684,0.023668911,0.008089879,0.017505812,0.011411778,0.020756213,-0.008010775,-0.023866704,0.033424355,0.023448423,0.021431617,0.041919686,0.02238898,0.012983614,0.02761554,0.0147571685,0.027908776,-0.02274864,-0.0069857584,-0.0025010263,0.008286878,0.032493353,-0.007090472,-0.041842207,0.025168775,-0.009782466,0.05284053,0.020307207,0.0139197,0.017683597,0.0074704536,-0.013442133,-0.015758425,0.017157277,0.037399188,0.0034966776,0.00621364,0.0073787947,0.03464372,0.028711408,-0.012742673,-0.012709667,-0.02606024,0.0093237525,0.017675344,-0.012948684,0.0038889458,0.01138452,0.019371042,0.014620484,0.0010474506,-0.022714037,0.018275566,0.02894267,0.02204384,-0.00821524,0.009835805,0.005114908,-0.0023716784,0.004550531,0.009359303,-0.002411698,0.020604664,0.028087176,0.034852006,0.02894883,0.036393635,0.022763686,0.018175814,0.025240313,0.012607789,0.017269826,-0.010863948,0.025981309,0.032682598,0.019696973,-0.0037936103,0.037480276,0.008742611,0.02608572,0.021026459,0.020846095,0.018631179,0.009146645,0.0051628305,-0.009212,-0.011078416,0.033514846,0.015129373,0.05064823,0.011155062,-0.022200989,-0.02191586,0.018516906,-0.010038718,-0.008528027,-0.0063678725,0.033619788,0.025473127,0.025961341,0.0105439145,-0.031797707,0.001794901,0.01902583,-0.0014863524,0.00046056524,0.0046788636,-0.022703491,0.003825577,0.029647583,-0.028900996,0.01574674,0.0020696027,0.041319236,-0.044577394,0.020727916,0.03316257,0.050270643,0.025601178,0.039965734,-0.030183187,0.064132534,0.013979524,-0.057793375,0.025986006,0.08092359,-0.008729017,0.008334577,0.014186691,0.0012863391,0.033368304,-0.0054508583,0.0061637256,-0.036870178,-0.005884954,-0.0065826457,-0.005407904
2013-08-31,0.041136116,0.008613555,-0.022993935,0.0009727538,-0.027264342,-0.003482047,0.016418904,0.018531602,0.006526995,0.0026918678,-0.0061413688,-0.06293141,0.012402776,-0.007911264,0.0076508834,-0.02837576,0.0364284,0.0246513,0.0058442727,0.016679564,0.01207875,0.019405983,-0.011583209,-0.03042621,0.035201132,0.025029875,0.027278353,0.036261324,0.025487103,0.008719456,0.026067521,0.010071397,0.026099382,-0.02398729,-0.0012845227,-0.0037122683,0.01174202,0.034464903,-0.010887233,-0.036375016,0.02560872,-0.011638388,0.054199073,0.01941719,0.013626114,0.018135617,0.0077969404,-0.012089952,-0.011475593,0.013321503,0.03815369,0.0025720422,0.0054328833,0.007437246,0.035751555,0.03083932,-0.0078370925,-0.0059950133,-0.02365512,0.0091727795,0.011772714,-0.016867723,-0.0019188785,0.007422929,0.016685676,0.01682908,0.0016123354,-0.022026464,0.01905579,0.028022816,0.022933153,-0.0053499704,0.012565633,0.0026559366,-0.001959875,-0.000898127,0.007185593,-0.0058995066,0.01946798,0.026371893,0.03016625,0.029097326,0.036058415,0.023924863,0.021736389,0.025411094,0.015852017,0.018136391,-0.011438201,0.02760747,0.03557807,0.01921588,-0.0022099286,0.038841367,0.0078105405,0.02493915,0.020860199,0.020273335,0.017166512,0.0077917995,0.011012936,-0.0068944455,-0.009305482,0.030874673,0.017720124,0.05016114,0.009084442,-0.018798042,-0.013878389,0.02447317,-0.0005325177,-0.003667954,-0.0037540586,0.03947909,0.027400618,0.032551393,0.016797693,-0.032490075,0.0071808365,0.024020398,-0.004840637,-0.0041399742,0.0059269294,-0.027815884,-0.0017090352,0.033035826,-0.031441923,0.016176194,0.0006967808,0.042030454,-0.047133606,0.021184988,0.034748737,0.04631854,0.026908716,0.0459487,-0.033005465,0.07019627,0.019552879,-0.05840101,0.024293844,0.08586694,-0.0077270037,0.006545951,0.015765857,0.00027564933,0.034587506,-0.0071025738,0.0039745998,-0.032956045,-0.0076144235,-0.007064426,-0.005349982
2013-09-30,0.049405765,0.0043952162,-0.02028497,-0.00023204742,-0.02588346,-0.010794918,0.014732699,0.019956587,0.003940396,-0.002820471,-0.006893171,-0.05702932,0.010030011,-0.008831895,0.007028771,-0.025934793,0.037709966,0.024395227,0.00047458138,0.004445559,0.013149447,0.02060188,-0.017024415,-0.028742269,0.04171788,0.03073835,0.02589096,0.034458544,0.024932472,0.0036682498,0.016957626,0.0063544493,0.0200925,-0.030730892,-0.0026023872,-0.0056285076,0.0073179724,0.031386945,-0.013123485,-0.039391797,0.025979133,-0.013402307,0.052345928,0.012632136,0.009124601,0.018425342,0.0030907919,-0.015630456,-0.01852509,0.0073339744,0.032640558,-0.004112975,0.00841675,0.011550991,0.031607945,0.027160076,-0.010759157,-0.0060226987,-0.022906538,0.0058616176,0.007817829,-0.022332946,-0.005642371,0.0022945048,0.01693423,0.011987447,0.0012264692,-0.024985189,0.015398031,0.02865397,0.020605644,-0.010185918,0.015027546,-8.893277e-06,-0.002488009,0.002629794,0.0037982974,-0.010191035,0.024446728,0.022751987,0.03281863,0.026822269,0.038050853,0.018860783,0.020793526,0.024285408,0.013098574,0.014178248,-0.012308331,0.029830378,0.037269406,0.02079938,-0.0100564165,0.03749254,0.004737944,0.027051022,0.023784768,0.02007,0.019661592,0.007863771,0.015073689,-0.015506893,-0.012132823,0.032451544,0.01500894,0.04775133,0.013530122,-0.01930449,-0.012667607,0.022435647,0.002908358,-0.010953575,-0.013095514,0.036296435,0.031808876,0.028685937,0.020307897,-0.030105958,-0.00024909133,0.021688685,-0.009690424,-0.007408997,0.004643976,-0.026433697,-0.0061462843,0.03451609,-0.03281997,0.014380826,-0.008347583,0.037458275,-0.047323313,0.015438698,0.035708535,0.04165565,0.03390224,0.04811268,-0.028897718,0.06908421,0.011291381,-0.060241576,0.029768048,0.077193275,-0.0060692593,0.009586927,0.018896006,0.0034606226,0.030050902,-0.010414372,-0.0010024189,-0.033264644,-0.010923304,-0.010468524,-0.0069355704
2013-10-31,0.04960575,0.0014486942,-0.021547327,0.0032673057,-0.02607174,-0.011813449,0.011971082,0.021395372,0.0023802675,-0.0058543105,-0.011263471,-0.05944726,0.0070592463,-0.011672875,0.004957307,-0.026864322,0.037338134,0.024739347,0.0021691776,0.0036146606,0.013782463,0.017850209,-0.0156827,-0.027124481,0.043041203,0.030751998,0.020478653,0.037980665,0.024380866,0.004725672,0.017310264,0.004683855,0.016575262,-0.032128517,0.0009904654,-0.006888463,0.010200179,0.029743133,-0.011562799,-0.042711154,0.026142238,-0.014318949,0.049515124,0.012381945,0.0059212763,0.018249571,-0.00026652057,-0.018145192,-0.020874282,0.008978669,0.033128843,-0.004886407,0.00928396,0.012523812,0.034267634,0.030401774,-0.009731579,-0.0056399475,-0.02415218,0.005611561,0.0080354,-0.019715866,-0.005109581,0.002028913,0.015625246,0.01204999,-0.0011146505,-0.022131229,0.0141247725,0.03142314,0.020278856,-0.010205183,0.015571171,0.0017782524,-0.0026286738,0.003793744,0.0057775555,-0.011961255,0.026774189,0.022378676,0.031750426,0.026302861,0.038104564,0.019632278,0.020580674,0.02511128,0.014315545,0.016135247,-0.011493375,0.03170698,0.037510928,0.021049703,-0.006528967,0.03576715,0.0033586847,0.028914312,0.024117416,0.020474907,0.019723047,0.008798883,0.013978997,-0.012813335,-0.012098459,0.0372919,0.01526637,0.048082408,0.015308364,-0.021359555,-0.010962149,0.022772547,0.0049495264,-0.01199786,-0.015624548,0.03995398,0.037012912,0.026186079,0.022914445,-0.02929327,0.0026656133,0.023894276,-0.009406629,-0.0073414627,0.0024069592,-0.025019398,-0.005855179,0.035388123,-0.029246131,0.013909973,-0.00864493,0.036425184,-0.045899387,0.013187111,0.029898038,0.03618338,0.034598645,0.04682009,-0.025334323,0.07261381,0.008807684,-0.061910965,0.029737083,0.07862817,-0.004274632,0.010434607,0.019154165,0.0073533906,0.02798486,-0.0063949795,-0.0023706583,-0.032916233,-0.0069339555,-0.006074816,-0.003039314
2013-11-30,0.045321897,0.006747601,-0.021308726,-0.00061102037,-0.026945047,-0.009648077,0.0147065865,0.02102678,0.0059486185,-0.004201517,-0.012449988,-0.059411235,0.009219183,-0.017687084,0.005017628,-0.027388828,0.041172843,0.028883379,0.0045134597,0.008633494,0.009013574,0.020001033,-0.010850196,-0.022855902,0.045237094,0.03169118,0.018451534,0.036310643,0.023900768,0.0048370715,0.015959779,0.0072413664,0.018347168,-0.024610043,-0.0018386873,0.0016790808,0.007354,0.029466009,-0.014454509,-0.04517827,0.029815624,-0.010715278,0.051861268,0.014474596,0.0065307515,0.020672856,0.0008272445,-0.014038385,-0.019566182,0.016618226,0.038328134,-0.0019396117,0.0065629752,0.009778916,0.03244997,0.031392723,-0.008909798,-0.004500893,-0.023915088,0.0021657804,0.010757419,-0.01622818,-0.00042486962,0.006111179,0.017166328,0.015665062,0.0022262717,-0.024671365,0.015396161,0.03473237,0.022338524,-0.010344627,0.014955172,0.0037148618,-0.0025332528,0.005293793,0.0064079324,-0.011699402,0.026856713,0.02140034,0.035927437,0.028977782,0.041235957,0.020881753,0.022749424,0.027331602,0.012104339,0.018765613,-0.0070747915,0.0332881,0.040042296,0.027069502,-0.0038810908,0.04063482,0.00069320266,0.02992495,0.02363873,0.025297381,0.024008047,0.006819046,0.016795447,-0.010650878,-0.014446248,0.036830887,0.016708901,0.04446178,0.016613143,-0.018733721,-0.01764879,0.016440442,-0.003974689,-0.00991379,-0.018333657,0.042112634,0.04203902,0.023659257,0.018456813,-0.022104839,0.00081300794,0.026135392,-0.007646937,-0.007331931,0.0014966576,-0.023801228,-0.0037439656,0.034504615,-0.025546014,0.016802225,-0.009241171,0.036655813,-0.043089755,0.011591471,0.02516743,0.035949845,0.03764843,0.043891944,-0.019138034,0.0729891,0.008243452,-0.058706857,0.026780797,0.066811144,-0.002744954,0.01021695,0.02089186,0.007262328,0.028954552,-0.004561503,0.0054663965,-0.03269512,-0.005096785,-0.001997195,-0.0020053217
2013-12-31,0.04538151,0.005050001,-0.02112276,0.0026023865,-0.030505486,-0.009642547,0.015575446,0.02333641,0.0055707796,-0.0051059523,-0.016263157,-0.059096448,0.008945742,-0.017023094,0.0034611276,-0.024835732,0.04046488,0.027827196,0.0036127218,0.008040064,0.012073233,0.022193696,-0.014722094,-0.027156439,0.041276373,0.02858179,0.021379715,0.032570627,0.02423175,0.0032911731,0.01959666,0.0060376995,0.02274075,-0.026976597,0.0003377145,-0.0006457769,0.003697449,0.030595316,-0.013669938,-0.04464476,0.033437785,-0.011235701,0.052377198,0.015102133,0.005434177,0.021692028,0.00089168706,-0.014633583,-0.017808743,0.016722202,0.04395741,0.0012520297,0.0070452252,0.010744397,0.028689554,0.027590541,-0.007729421,-0.004403953,-0.022555238,0.0049133305,0.008630193,-0.017482158,-0.0014583697,0.00429532,0.011502568,0.017076964,0.0023682474,-0.01837071,0.016939493,0.03509323,0.02358768,-0.007827363,0.017087005,0.0034578107,0.00056025863,0.007585965,0.0075285793,-0.010509227,0.028810212,0.02211902,0.033964068,0.029642235,0.041598357,0.021556558,0.023857417,0.027585616,0.018496636,0.019512514,-0.005406026,0.027560392,0.03498747,0.02140569,-0.005389644,0.03927264,-0.0007193276,0.028252125,0.022160461,0.027186936,0.02718916,0.009298267,0.014892564,-0.006352945,-0.0149582,0.037449036,0.015211795,0.047057934,0.014034488,-0.017007466,-0.014818826,0.019021614,-0.004316711,-0.008133549,-0.016014386,0.04612187,0.04458498,0.022831175,0.016205829,-0.021798871,0.003783972,0.03184415,-0.010319546,-0.008117893,0.0019829427,-0.02490225,-0.0039012795,0.03811727,-0.023299163,0.016636332,-0.008708906,0.039887812,-0.040423878,0.011055879,0.028422885,0.036835205,0.04116328,0.04347587,-0.014607108,0.07533594,0.003014967,-0.06175192,0.024485221,0.068019606,-0.0053875204,0.0043880804,0.01507993,0.002837881,0.030612523,-0.0068893065,0.0022295767,-0.030146955,-0.007393764,-0.00402922,-0.0046684914
2014-01-31,0.048879087,0.008423228,-0.020206396,0.00013563997,-0.035510827,-0.008750441,0.014821688,0.020713335,0.0046298592,-0.00659824,-0.021027477,-0.062121224,0.0037803943,-0.022012,0.003025583,-0.02250385,0.039823886,0.026814502,0.0026880691,0.005753289,0.01343809,0.022196937,-0.013024677,-0.027355872,0.040839616,0.02724818,0.010406049,0.03864321,0.026981486,0.0030784428,0.021114448,0.0065448126,0.023589768,-0.02396444,-0.0016688303,0.0036263068,0.011656,0.029777745,-0.014696408,-0.04594204,0.030552454,-0.012010542,0.04888469,0.015920203,0.00591274,0.02187915,8.080979e-05,-0.014691208,-0.014131696,0.019449698,0.0454261,0.0008479391,0.0062478753,0.0095108105,0.03208593,0.031813983,-0.005992188,-0.0026369595,-0.024290433,0.0026562475,0.006005311,-0.0144979665,-0.004999793,0.00034123508,0.0056260917,0.016044023,0.0032396477,-0.02027486,0.01854594,0.033001035,0.0238301,-0.011306083,0.017129032,0.0058459574,0.0010738514,0.006540906,0.007201746,-0.011808202,0.02987049,0.02013401,0.03381574,0.027162882,0.04030072,0.019961366,0.019773368,0.025731955,0.018571662,0.020490631,-0.004829028,0.02937862,0.036224145,0.018387968,-0.0049851774,0.03691487,-0.0010327498,0.027082844,0.022262642,0.024934398,0.026500655,0.00821963,0.01502254,-0.004147652,-0.011651471,0.03652566,0.011896575,0.042530652,0.013214242,-0.020961765,-0.010038687,0.025548223,0.0038898021,-0.009005987,-0.0127267735,0.047359876,0.042182785,0.024203079,0.018628323,-0.026213244,0.0040033306,0.032791644,-0.012036804,-0.009210639,0.00026246606,-0.020911545,-0.0065126917,0.03612235,-0.024470443,0.014317614,-0.01199031,0.0395713,-0.040859252,0.010531581,0.032444946,0.0347216,0.038531296,0.041889008,-0.010352209,0.07513234,0.004705143,-0.0647285,0.029825848,0.069840975,-0.008566124,0.006319047,0.016397296,0.001557697,0.028695041,-0.006725076,0.0051676463,-0.031595927,-0.007250199,-0.0059802146,-0.0073231985
2014-02-28,0.041085273,0.0051599005,-0.020218888,-0.0014919308,-0.034131233,-0.011823729,0.020304138,0.015701698,0.0014323276,-0.002245269,-0.009102496,-0.06307855,0.012969578,-0.019845959,0.0076720496,-0.02354047,0.039991293,0.025736539,0.0036745248,0.012430331,0.014878862,0.018226122,-0.012901615,-0.028334877,0.035628986,0.024758134,0.018817836,0.050437216,0.024886487,0.001683588,0.026310973,0.006696515,0.02986143,-0.024016785,-0.0038999438,0.0048338627,0.0074721915,0.032671925,-0.01982585,-0.04164953,0.027649008,-0.013858783,0.054711416,0.01823052,0.014508051,0.0128979115,-0.004956193,-0.024001313,-0.018857218,0.032340173,0.04144813,0.0012076854,-0.0027168402,8.585199e-05,0.030253045,0.029464504,-0.0058553233,-0.004348371,-0.026061606,-0.00045926208,0.0047093243,-0.009861238,-0.0070001166,-0.0039990917,0.012362908,0.01850984,-0.0016311005,-0.023634609,0.0123912655,0.026214194,0.020595314,-0.021178298,0.015654651,0.0023244373,0.0023325193,0.0061656754,0.0014059932,-0.011383209,0.024502678,0.022796435,0.029060787,0.031648215,0.034391515,0.025323736,0.021196168,0.026685178,0.024657475,0.018419612,-0.0022005662,0.028960582,0.046813354,0.012933875,0.0012107631,0.037124157,-0.0011683132,0.023587823,0.01709051,0.01563802,0.019515311,0.0037835462,0.014225923,-0.008279398,-0.01349498,0.031488735,0.013055913,0.04983746,0.007703102,-0.017789815,-0.0006327695,0.03295987,0.017033592,-0.012691657,-0.013519566,0.043032758,0.032287855,0.026443372,0.005749643,-0.020910727,0.0011655941,0.0282706,-0.012755293,-0.01019352,-0.0013544046,-0.017563805,-0.011115421,0.0319872,-0.028569436,0.016623206,-0.0008859487,0.038208432,-0.042787906,0.015545622,0.041289244,0.03206983,0.04739462,0.038726825,-0.022857003,0.07290153,0.0068413736,-0.05301317,0.03281445,0.07411864,-0.0063090576,0.000539729,0.020582166,0.016379975,0.025728794,-0.0029171652,0.007016485,-0.034088086,-0.0036018335,-0.007552725,-0.0016912557
2014-03-31,0.039232273,0.006266727,-0.019691365,-0.0050630975,-0.032154813,-0.0121738585,0.018477518,0.014142612,0.0013933636,-0.0038603102,-0.007406611,-0.060495175,0.013199618,-0.019217439,0.005991599,-0.024848418,0.03964393,0.027760243,0.0050244266,0.0124048,0.012757414,0.019936442,-0.0127652725,-0.030961635,0.038050495,0.026961938,0.018650817,0.04813569,0.025831167,-0.0015825903,0.024381986,0.0052153645,0.025757063,-0.023125615,-0.0074125906,0.0052917185,0.008529595,0.032226004,-0.021856736,-0.042000808,0.028559865,-0.01177124,0.052479833,0.017388469,0.011187902,0.015093727,-0.0023443128,-0.022316195,-0.01950834,0.029306239,0.038590275,0.0003195701,0.00021906973,0.0032565002,0.030183407,0.028891122,-0.0077099865,-0.006999516,-0.02834898,0.00060275773,0.0072404626,-0.008394278,-0.0040858765,-0.0020659715,0.015200939,0.016368475,0.00010834085,-0.028172828,0.012839349,0.028174676,0.018286787,-0.020390572,0.01473338,-9.066348e-05,0.0015922328,0.0060723713,0.002696164,-0.012950451,0.023250194,0.022934932,0.03032986,0.032786764,0.035343755,0.026039803,0.022026947,0.025272645,0.02255456,0.016477896,-0.0017423051,0.028142883,0.04382296,0.014289251,-0.0002468102,0.034919724,-0.003860657,0.022956103,0.018177945,0.017280795,0.020299695,0.0031250708,0.010795022,-0.009969625,-0.017832052,0.035157166,0.012981345,0.048107114,0.009124727,-0.015742997,-0.0033708848,0.030223567,0.015298516,-0.011674422,-0.011654073,0.04523491,0.028196754,0.02319657,0.0085318675,-0.022850597,0.004647635,0.032517634,-0.012693032,-0.009997574,-0.004574226,-0.019061707,-0.00872572,0.029623019,-0.028003713,0.017554285,-0.0015643514,0.034470633,-0.042548552,0.01689916,0.04409764,0.03327044,0.048892252,0.040578377,-0.026564786,0.07389221,0.005973582,-0.05278684,0.033904877,0.07612952,-0.008002085,0.0020562988,0.020805959,0.016103389,0.02344752,-0.0020594902,0.00764464,-0.031501308,-0.0027060616,-0.006041797,-0.0004156644
2014-04-30,0.0355567,0.008183082,-0.027376302,-0.0045842887,-0.030353926,-0.0061399024,0.025198098,0.013601703,0.004944674,0.005881884,-0.017442094,-0.06802725,0.007392895,-0.018810054,0.012031352,-0.028177066,0.037637647,0.028336441,0.004970723,0.01145369,0.010837735,0.022802029,-0.0069490424,-0.025268007,0.036879748,0.025808023,0.013023612,0.051278256,0.024782091,0.0032699143,0.025950676,0.01206578,0.0275552,-0.020174699,-0.005466534,0.006740251,0.009363553,0.033024896,-0.024289185,-0.04341435,0.025911177,-0.0101363,0.060941797,0.021336304,0.018555142,0.014712003,0.003217553,-0.01795825,-0.015424222,0.026984233,0.040486943,0.0023550512,-0.0024152785,-0.00042618677,0.03347775,0.032575488,-0.0046626967,-0.00486305,-0.025602821,0.005824686,0.009226259,-0.007974595,-0.002751035,-0.002257509,0.017894644,0.018083908,0.004525583,-0.024478115,0.016434066,0.02626197,0.019876443,-0.016254053,0.010995292,0.004261347,0.0018589835,0.00394965,0.0034241048,-0.013929942,0.024856782,0.027809951,0.03117986,0.030765615,0.03471919,0.026209904,0.020654812,0.025478775,0.019378735,0.017398484,0.000877544,0.02725027,0.04425771,0.014379837,0.0012226728,0.04302559,-0.004380447,0.024925968,0.01851147,0.017054748,0.018106373,0.0031655505,0.006482296,-0.009729218,-0.0088409465,0.029717784,0.01054965,0.04383667,0.008439237,-0.01921871,-0.00103364,0.040459458,0.011983342,-0.01318506,-0.012588145,0.038376898,0.024184218,0.029318098,-0.0016845734,-0.01682605,-0.0023768863,0.025200093,-0.008203857,-0.005650018,-0.0021804767,-0.012894435,-0.0078651635,0.028343897,-0.030856796,0.022129796,0.0033442967,0.040624153,-0.035120044,0.015176857,0.049590256,0.03835072,0.042998444,0.04178521,-0.030625477,0.06643659,0.005264845,-0.049577344,0.027559394,0.070725486,-0.0076987525,0.003099475,0.021995328,0.017158775,0.025374157,-0.0032633485,0.008966684,-0.037464093,-0.0038317817,-0.006947434,-0.0019075535
2014-05-31,0.033838358,0.011752489,-0.032907914,-0.010223167,-0.03055063,-0.0015478361,0.02999024,0.012560546,0.008800972,0.009652402,-0.02113089,-0.05942972,0.0040933727,-0.018801939,0.015933808,-0.030389164,0.03702892,0.027683623,0.006209165,0.011279393,0.0076933154,0.02458616,-0.0017799463,-0.020579327,0.03751569,0.025677137,0.009065229,0.054560125,0.022198096,0.008335893,0.026148168,0.020549571,0.028205883,-0.01802358,-0.011576017,0.0072457166,0.004244746,0.029699115,-0.018877178,-0.045024227,0.022059781,-0.008463232,0.06505232,0.019877749,0.022096144,0.016040983,0.005999536,-0.015212648,-0.013050019,0.025469435,0.037590865,0.0023445582,-0.00349294,-0.0026291732,0.028426297,0.028624387,-0.0046775215,-0.0032514683,-0.021339228,0.00791541,0.008649165,-0.010457897,-0.0037970173,-0.0034634743,0.022264441,0.01764224,0.004143799,-0.030176453,0.016287426,0.025839455,0.021534447,-0.012201924,0.0038911242,0.009885936,0.00058861607,0.00094221573,0.004712025,-0.01523199,0.025137033,0.030501453,0.03357475,0.029103959,0.03633212,0.026976516,0.01960501,0.025213113,0.013070805,0.016684199,-0.0007893423,0.026613763,0.044179734,0.017019372,0.0030128092,0.046406668,-0.0010424334,0.027034601,0.018635755,0.02025603,0.018266054,0.0011533726,0.008210054,-0.012178376,-0.0056717256,0.030089218,0.0065033925,0.043163363,0.0084676435,-0.026300078,-0.002636307,0.041029267,0.006940385,-0.014901965,-0.016139865,0.032536287,0.019108424,0.023045378,-0.011023299,-0.016072165,-0.0089339595,0.020814668,-0.0066651637,-0.0037618235,0.00038404274,-0.010765901,-0.0054115653,0.024018822,-0.03259091,0.0225455,0.0034562706,0.046806686,-0.030845938,0.012270415,0.04698285,0.03753689,0.037688263,0.045094907,-0.031029839,0.060637496,0.003925505,-0.050738983,0.029397538,0.06568945,-0.008434684,0.0044111703,0.021940783,0.014576063,0.027253289,-0.006111263,0.01040833,-0.044320665,-0.0067806104,-0.008917962,-0.0035127008
2014-06-30,0.036383428,0.013818754,-0.029316155,-0.013750407,-0.030663436,-0.003523944,0.026296847,0.015972102,0.004907928,0.007383221,-0.022667035,-0.058890652,0.004137374,-0.020213498,0.011248811,-0.03054994,0.033189442,0.026626503,0.0063266233,0.0077077085,0.009247325,0.0235755,0.0014022388,-0.01906669,0.038803097,0.026076078,0.01368189,0.05437464,0.02523124,0.0059160125,0.022936856,0.020468637,0.023074182,-0.022883834,-0.014268032,0.005572624,2.5129943e-06,0.022961887,-0.016454373,-0.041759875,0.02805343,-0.008845815,0.06713449,0.016495565,0.019493204,0.020293798,0.005218975,-0.012363842,-0.012689394,0.022433143,0.04029649,-0.0010315076,0.0013212628,-0.00069128897,0.024766326,0.027656365,-0.0040132464,-0.002520101,-0.0211202,0.008996432,0.011694564,-0.006916116,-0.0012672462,-0.002251567,0.021189854,0.015535444,0.0074034883,-0.029545225,0.014770472,0.024487317,0.020482412,-0.011342222,0.004467747,0.011148958,-0.0024086058,-0.0012235013,0.0047786045,-0.01836241,0.027246993,0.028614562,0.035056718,0.02877983,0.034662984,0.026237173,0.022322634,0.023277467,0.013428161,0.01664236,-0.0020987156,0.028394861,0.042225532,0.019621937,0.004034328,0.046129324,-0.0009910676,0.031717997,0.0217227,0.023348818,0.020066561,0.0036733244,0.007920511,-0.009913235,-0.0070652715,0.032592893,0.0046242764,0.041036107,0.010778928,-0.032398175,0.0021602574,0.043863725,0.006647165,-0.017167594,-0.010735593,0.031136766,0.019508846,0.017179457,-0.01234746,-0.017561564,-0.0064665927,0.01956845,-0.007698875,-0.0059167203,-0.0059765643,-0.010481259,-0.005282255,0.028813722,-0.035189606,0.021424877,0.0017729712,0.04805846,-0.03152473,0.0120333545,0.044455323,0.03882008,0.041513994,0.042510822,-0.030432846,0.05824423,0.0033862377,-0.05298444,0.032216966,0.06680108,-0.0075521017,0.005986449,0.018708885,0.008000126,0.026796315,-0.007525085,0.01015137,-0.048663326,-0.008193105,-0.009332481,-0.0065424475
2014-07-31,0.043500368,0.0112819895,-0.032591324,-0.012188452,-0.024473825,-0.009943386,0.026627012,0.0050713792,0.006573259,0.0058799265,-0.023818351,-0.058910027,7.014046e-05,-0.018762423,0.014414939,-0.033111405,0.034112826,0.03188999,0.0031335184,0.0032895044,0.003375587,0.020303141,0.0033837357,-0.019568415,0.039032236,0.027853569,0.013399975,0.05326397,0.030360295,0.0043144715,0.018382536,0.018267408,0.023488011,-0.02423814,-0.010203964,0.0075230654,0.010287879,0.02330395,-0.027375655,-0.044356,0.021706656,-0.003774751,0.062185742,0.006573936,0.01931102,0.017316569,0.004141714,-0.014726295,-0.017957319,0.018543953,0.0308493,-0.001694815,-0.0062127346,-0.0047585233,0.029357525,0.034428854,0.001908719,-0.00044775216,-0.02013701,0.00910606,0.01572177,-0.010250826,0.0010467995,-0.0004827674,0.023958597,0.022082381,0.0018810414,-0.029569523,0.010478294,0.015644865,0.01936812,-0.020574931,0.002556852,0.002153144,0.0006056486,-0.008063345,0.0047827833,-0.019924218,0.029059568,0.026107168,0.029408842,0.025060592,0.033957083,0.019871775,0.021529937,0.030657552,0.00930496,0.024676373,-0.012199393,0.03944147,0.045076635,0.01986073,0.0053099575,0.04829025,-0.0061026285,0.023366226,0.016775278,0.017198175,0.015960936,-0.0061647245,0.00907595,-0.01941982,-0.007907694,0.02780796,0.0049719466,0.04592567,0.012524925,-0.034866296,0.0014481134,0.044598192,0.008760924,-0.00858897,-0.0064783907,0.030806562,0.027186068,0.013432128,-0.022376884,-0.022165386,-0.010077678,0.012293679,-0.0068689827,-0.004576808,-0.0047087646,-0.0057530687,-0.001458806,0.017718399,-0.042674426,0.019795042,-0.0028532015,0.034197476,-0.03559182,0.015389003,0.052856658,0.036477,0.040514313,0.036075927,-0.03287492,0.06059278,-0.0023080702,-0.05505912,0.044827435,0.06464514,-0.011322431,0.0062472075,0.017002713,0.008716465,0.022858508,-0.003970949,0.012297757,-0.052058727,-0.005004121,-0.0069078277,-0.0034914527
2014-08-31,0.046577048,0.012494747,-0.027971627,-0.019390725,-0.02309175,-0.0062200227,0.0231986,0.003968652,0.012263848,0.0035889808,-0.022017198,-0.054284327,5.9429203e-06,-0.021893006,0.009318079,-0.029160004,0.032964878,0.030916251,0.0047859955,0.0064125913,0.008501265,0.020524094,0.0002790798,-0.01995063,0.038783222,0.027445817,0.01420976,0.053220194,0.025650222,0.007202323,0.020973742,0.016054023,0.020095007,-0.02648858,-0.019176107,0.0082197115,0.007049966,0.022793038,-0.02642984,-0.043703362,0.02325721,-0.0024709902,0.058438465,0.004765363,0.016471105,0.019419083,0.004221559,-0.010930348,-0.012695947,0.015355932,0.03300667,-0.00045588246,-0.0046184883,-0.0031183609,0.027740443,0.03216073,0.0032348689,-0.00066186534,-0.019056618,0.0073882546,0.011464381,-0.014585208,-0.0018276692,-0.0031446707,0.01923191,0.02467469,0.006114513,-0.035822924,0.014838793,0.019103315,0.020927586,-0.018000504,0.00743058,0.0068619377,0.001397755,-0.0050714854,0.0045604254,-0.019266427,0.02861416,0.024084995,0.031780984,0.02233683,0.03762297,0.017733864,0.018481353,0.03287471,0.012772005,0.02707117,-0.009930161,0.037474707,0.042624768,0.020688927,0.001875638,0.04633332,-0.0035415615,0.026324691,0.017118081,0.017168831,0.015279528,-0.006404337,0.010774623,-0.015600246,-0.010244856,0.022850383,0.00610961,0.045284458,0.0135975415,-0.0297263,0.0057208603,0.045566734,0.01355233,-0.0112549765,-0.008480558,0.03226364,0.03516497,0.020892335,-0.019983843,-0.021442622,-0.013050559,0.012152063,-0.0067643346,-0.0046914723,0.0026077947,-0.0049975915,-0.0034397799,0.018511103,-0.045344464,0.02224499,-0.004421382,0.03079117,-0.031754255,0.014342916,0.049802717,0.03615446,0.039437678,0.029151307,-0.026546026,0.058046613,-0.004357464,-0.057388447,0.042412266,0.06230996,-0.013475406,0.006121127,0.014630262,0.006984436,0.01978224,-0.00996763,0.013267022,-0.04800374,-0.011018532,-0.010121743,-0.008191369
2014-09-30,0.045393247,0.011334087,-0.02664697,-0.025849989,-0.02164824,-0.00816115,0.015473437,0.010807187,0.0063429754,-0.0012254642,-0.020369923,-0.057253525,-0.0016157296,-0.01936779,0.0051255133,-0.02657214,0.038027298,0.032056242,0.008453043,0.00933695,0.009091547,0.020383425,-0.0014633118,-0.018994862,0.038528115,0.028435707,0.017038824,0.04615227,0.024282068,0.003880251,0.021038402,0.0089622205,0.01861175,-0.030144723,-0.024681613,0.012628475,0.005119042,0.025510311,-0.010988848,-0.04110042,0.021425098,-0.012286453,0.05506531,0.0041262866,0.009630769,0.016795926,0.0028373634,-0.014451177,-0.017598338,0.01475925,0.030833013,-0.0029187645,4.7111404e-05,0.0027607393,0.022163697,0.026610186,0.01125493,0.007078206,-0.009202519,-0.00040183667,0.005432608,-0.016872935,-0.005264797,-0.0071958825,0.022739964,0.023602331,0.005840841,-0.037261326,0.017863672,0.023458302,0.01944752,-0.017779287,0.012815378,0.00029654402,-0.0013494625,-0.004010519,-8.458827e-05,-0.019741213,0.03485653,0.01929405,0.03711,0.026624678,0.03452232,0.021639884,0.01624303,0.03313074,0.018857872,0.029338364,-0.011750175,0.03843023,0.04331468,0.022636732,0.0017157889,0.042815756,-0.007538304,0.027133098,0.020147763,0.0112885265,0.0074199503,0.0024273798,0.013791134,-0.009876557,-0.011245234,0.02082054,0.0006594803,0.044766933,0.012809027,-0.030713981,0.012897891,0.04039479,0.020534553,-0.012902521,-0.004185362,0.033080347,0.03524813,0.0316632,-0.010780902,-0.018580247,-0.013817353,0.014920265,-0.004612622,-0.0052700466,0.0013635362,0.004752599,-0.0072975056,0.029032128,-0.03982859,0.019001745,-2.0144565e-05,0.037117373,-0.034694836,0.0146165015,0.054786257,0.031009026,0.046282295,0.031109275,-0.019492758,0.051396504,-0.004857221,-0.059522383,0.04254093,0.05390388,-0.011629832,0.01280813,0.018470531,0.005381031,0.021372583,-0.013844961,0.017614307,-0.041689437,-0.014833731,-0.015142384,-0.011379374
2014-10-31,0.04496609,0.010555627,-0.02128447,-0.028367046,-0.022139959,-0.008490394,0.012515711,0.0117983455,0.004549878,-0.0043526017,-0.013230688,-0.059604403,0.0019703,-0.023288226,0.00035550524,-0.029520437,0.036685612,0.03211799,0.008674931,0.012505843,0.011575448,0.02260683,-0.002151612,-0.020305365,0.038679924,0.029882343,0.017149497,0.045251425,0.023890896,0.0038626085,0.024772258,0.006337,0.022008548,-0.028474921,-0.028530562,0.011257921,0.008365444,0.025257975,-0.0097286925,-0.036057245,0.025422156,-0.009931206,0.052534953,0.0081773605,0.007359307,0.015438937,0.005214908,-0.013186015,-0.015460815,0.016251275,0.035749108,-0.00021068631,0.0039528836,0.0065170997,0.023430606,0.027872706,0.009207363,0.0054845302,-0.01220964,-0.0013295934,0.006011975,-0.015165678,-0.0024287954,-0.00410448,0.018058496,0.023621028,0.00606433,-0.038193464,0.019669816,0.022761684,0.020261608,-0.018293194,0.016659983,0.0003383021,0.0005537178,-0.0014983157,0.00089325826,-0.0189304,0.030061204,0.01960733,0.034938462,0.025875252,0.03442805,0.02021906,0.012901161,0.03261467,0.02375653,0.028073069,-0.009635272,0.034645565,0.040901158,0.021597654,0.0015585645,0.040525354,-0.0074877604,0.027621249,0.021106355,0.011736475,0.009210839,0.004131362,0.01526307,-0.0070127826,-0.015703866,0.02328621,0.0033991886,0.043180738,0.012463841,-0.028041562,0.01412104,0.040112086,0.022142064,-0.016843721,-0.011246616,0.032067835,0.04051214,0.029933838,-0.015815726,-0.020120865,-0.015364448,0.01175301,-0.0032767148,-0.0029195542,0.0016495148,0.0048121363,-0.0056292056,0.03166039,-0.040093955,0.020165622,0.0029864549,0.035224333,-0.034246456,0.012931965,0.057455298,0.036885977,0.043962937,0.024226002,-0.019498708,0.05078983,-0.0023591046,-0.056266256,0.044962697,0.059333254,-0.014543461,0.008227297,0.014163705,0.0034219928,0.022084229,-0.012538823,0.016167797,-0.037292488,-0.013565559,-0.014967477,-0.009103526
2014-11-30,0.039645445,0.00966586,-0.017673984,-0.019961735,-0.026041301,-0.009384483,0.012055364,0.01773649,0.0016660987,-0.0035682132,-0.005899858,-0.0545215,0.0032446517,-0.03133782,-0.00018745406,-0.03813817,0.03434755,0.034661926,0.004397032,0.013247043,0.009848376,0.023952622,-0.004830344,-0.018245192,0.033751782,0.026382908,0.022686364,0.045743044,0.018558666,0.0018648898,0.024420246,0.0042625195,0.01975384,-0.027706014,-0.018817082,0.01562635,0.010463631,0.026190005,-0.008494683,-0.032478064,0.027900942,-0.015113217,0.051149625,0.007397123,0.010390732,0.016820492,0.0053622397,-0.011068162,-0.014753012,0.014333528,0.039792538,-0.0011713954,0.0020021931,0.0058985744,0.023603931,0.025717754,0.007044238,0.0063875145,-0.0062749875,0.0006646206,0.0132008735,-0.01292834,0.00751075,0.0037095447,0.015521249,0.022218673,0.0044559087,-0.029654527,0.018893948,0.020774744,0.018679177,-0.019458953,0.016657015,-0.0021420526,-0.0005933337,-0.001377433,0.003489241,-0.020364372,0.028381314,0.021895945,0.037034675,0.025884092,0.03841146,0.018163037,0.009196547,0.03245279,0.027843539,0.026857667,-0.011963374,0.028743384,0.036316156,0.021138005,-0.0027368471,0.03884944,-0.007490451,0.026238129,0.019440452,0.013410969,0.010117487,0.009746639,0.016882446,-0.0036380282,-0.020976042,0.025205709,0.0048009683,0.047232103,0.010262345,-0.030225167,0.017076112,0.043025274,0.02127646,-0.018308204,-0.019431673,0.029696895,0.040293064,0.021434184,-0.0121860765,-0.024268962,-0.020511243,0.005773463,-0.001542772,-0.0024890755,0.0020109168,7.3474475e-05,0.001752005,0.038537193,-0.037171043,0.01937738,-0.0009943561,0.039314233,-0.036536936,0.015526707,0.059472445,0.038681734,0.042162973,0.024879111,-0.025414942,0.05421574,-0.017336741,-0.06371439,0.05327221,0.06539904,-0.01353569,0.00470875,0.014768753,-0.0003908436,0.018769616,-0.008773608,0.021566821,-0.0347926,-0.009735645,-0.006637965,-0.0056919027
2014-12-31,0.037258174,0.0113005685,-0.015366437,-0.019221198,-0.023778653,-0.0076315077,0.012900596,0.014211444,0.00062660285,-0.0012987476,-0.010230263,-0.05445692,0.0021443001,-0.03081439,0.002067359,-0.036850072,0.035091683,0.036297243,0.0070222537,0.016391324,0.0063506006,0.028042626,-0.0024447802,-0.015517615,0.036332317,0.027982261,0.017454823,0.049388543,0.017909992,0.0012067702,0.02378018,0.0048489105,0.021646934,-0.026496949,-0.018429557,0.018943407,0.010268575,0.027791206,-0.011502539,-0.031981234,0.028872658,-0.009974116,0.054469135,0.009843135,0.0122643495,0.01918833,0.008546096,-0.008459867,-0.013084128,0.016058132,0.040008016,2.6148755e-05,0.00022474778,0.0042412556,0.028840741,0.029804252,0.0056669787,0.007688183,-0.0073625036,0.0013792601,0.013538354,-0.008182433,0.009421151,0.004827502,0.015041344,0.021961277,0.0037169866,-0.027515875,0.022148129,0.01827127,0.018678537,-0.020926673,0.015851153,-0.0011650948,-0.0015778622,-0.0013012122,0.0029653287,-0.018981537,0.025802985,0.02476507,0.036060974,0.024552364,0.038180165,0.018187279,0.008110327,0.03202855,0.02671964,0.026993841,-0.010142139,0.030031357,0.037513673,0.023344165,-0.00071627443,0.04214891,-0.009147353,0.027802585,0.020219982,0.014340583,0.009995048,0.005902671,0.01889659,-0.0033300065,-0.021183278,0.019731678,0.0075618676,0.048842315,0.012274044,-0.027385158,0.016826482,0.040348366,0.02102698,-0.020358132,-0.021834593,0.024757441,0.040385727,0.024951365,-0.02084009,-0.021133658,-0.028998662,0.0006388679,-0.00040063862,-0.0010612218,-0.0015093872,-0.0013066581,0.0013205602,0.035650764,-0.03904728,0.022808144,0.0013453925,0.03694198,-0.03531457,0.0144971805,0.05914968,0.03889766,0.040654678,0.024188468,-0.025628671,0.04830861,-0.01931025,-0.060815215,0.057287604,0.059902392,-0.014310191,0.0064734537,0.014733683,0.0006613201,0.01711714,-0.0069581573,0.024664639,-0.032894205,-0.007864333,-0.0064761396,-0.0031351978
2015-01-31,0.035616063,0.010418603,-0.018148031,-0.0047331955,-0.021965746,-0.006355727,0.013883176,0.0178621,0.00447963,-0.0010735577,-0.01634179,-0.048235893,0.0014098109,-0.033811398,0.003609751,-0.03635971,0.031966347,0.030706953,0.009096396,0.020128239,0.006112703,0.024616377,-0.007535052,-0.019641582,0.036060385,0.026090328,0.017920375,0.025158152,0.019019417,-0.001535993,0.028239584,0.0011852026,0.022007488,-0.024679298,-0.005545107,0.020137765,0.012646849,0.03224584,-0.01292244,-0.029067079,0.02670273,-0.019961264,0.05720052,0.0059975027,0.013657158,0.014309352,0.0071788444,-0.010683724,-0.012091379,0.018745795,0.04191192,0.0054683075,0.00021721254,0.0046349377,0.03040178,0.032687567,0.0033097041,0.008340716,-0.006148431,-0.0025499966,0.016156554,-0.009405549,0.011395167,0.010395642,0.01766668,0.026393106,0.0025972838,-0.013197382,0.02619902,0.019173866,0.02188002,-0.02129336,0.021579975,-0.006222261,0.0013587103,-0.0007298753,-0.004927837,-0.025069082,0.022742007,0.02371069,0.03296241,0.023410676,0.031743597,0.014168059,0.004280103,0.034356423,0.03210754,0.03147297,-0.00822036,0.03231401,0.042797334,0.021073138,0.0003747405,0.044175055,-0.0023097855,0.024535632,0.015300728,0.00803365,0.004899898,0.010693332,0.021888623,-0.0013688853,-0.016383467,0.027970208,0.011324974,0.05445054,0.008432908,-0.021687984,0.0141018145,0.04031076,0.0195149,-0.02222346,-0.011387863,0.029656777,0.03427355,0.016147198,-0.0084649725,-0.024058092,-0.018313773,0.009160342,0.0021152059,-0.0014424663,-0.0011859267,-0.00641639,0.0034897518,0.04067037,-0.044430163,0.023736918,0.009221553,0.041585483,-0.0329543,0.014750411,0.05039686,0.043326166,0.039015327,0.02793287,-0.026531944,0.053718857,-0.01802647,-0.060222197,0.05421881,0.07001806,-0.01800917,0.007758085,0.018435031,0.006848796,0.0111044925,-0.006166221,0.028204259,-0.031047653,-0.0068664304,-0.006210909,-0.0007298772
2015-02-28,0.03484776,0.012498018,-0.012468236,-0.008529396,-0.01592105,-0.0064867497,0.008131846,0.017624268,0.0035045696,-0.0026195857,-0.0060372404,-0.047464516,0.0016387305,-0.03166579,-1.5701838e-05,-0.03120549,0.033832792,0.028373566,0.008782101,0.025416395,0.0104456525,0.021491863,-0.0062428047,-0.0191014,0.04116915,0.030221729,0.0255768,0.013930643,0.01813999,-0.0050719557,0.025542961,-0.0012369078,0.019371454,-0.026679073,-0.010729524,0.020769821,0.009626719,0.03169373,-0.0050459993,-0.032381013,0.024557821,-0.023018964,0.0485049,0.005080973,0.0070740716,0.013453835,0.0035075862,-0.013579767,-0.014660086,0.017518492,0.037224296,0.005442609,0.0015838718,0.005850995,0.02840502,0.030264528,0.0051180515,0.013041461,-0.0066233445,-0.012063462,0.013779703,-0.016975591,0.009058982,0.0067864787,0.017307842,0.027286246,0.00082639133,-0.018926378,0.027118213,0.021177052,0.02548126,-0.01632341,0.021366129,-0.008323562,0.0006333156,0.00031092294,-0.011437349,-0.02551144,0.028984785,0.012768352,0.033619676,0.026984837,0.025710022,0.014568678,0.005355605,0.033528656,0.031897742,0.033197768,-0.009675105,0.040585324,0.045960482,0.02559457,0.003901294,0.040069155,-0.004885773,0.027309313,0.016879434,0.0052430737,0.0029960475,0.010215707,0.026245829,0.0005862226,-0.015476423,0.026234027,0.0072532324,0.047954924,0.010240958,-0.024633171,0.017760571,0.040403873,0.024552805,-0.014740717,-0.012530929,0.03563677,0.041932497,0.013466937,-0.0022295883,-0.021850882,-0.019410836,0.009998859,0.0013205571,-0.0022671095,0.004030809,-0.008892836,0.0021299447,0.039503504,-0.03974157,0.024632799,0.008900494,0.035950456,-0.031579483,0.015363247,0.050876345,0.036972832,0.0365031,0.034368742,-0.0068290257,0.054405205,-0.019819241,-0.057228062,0.06253926,0.06935847,-0.01695846,0.013549795,0.020981943,0.00701607,0.012250426,-0.011155982,0.030111598,-0.02645348,-0.011675331,-0.01021443,-0.00661055
2015-03-31,0.040046655,0.013028461,-0.006690382,-0.008754129,-0.021465342,-0.008157358,0.005205943,0.01967551,0.0028612346,-0.0073512085,-0.013582608,-0.052668933,-0.0012753649,-0.03974348,-0.0019015687,-0.03060675,0.033654433,0.025214197,0.0076678325,0.024606748,0.011686026,0.020283185,-0.0077682347,-0.021708505,0.03818927,0.030990431,0.02326786,0.008073084,0.01807235,-0.003614171,0.021486452,-0.0006953342,0.019890806,-0.032306768,-0.012172492,0.016722623,0.005940658,0.037000325,-0.008723058,-0.0351403,0.025989901,-0.02531757,0.046323474,0.0016491571,0.003156699,0.016165199,-0.00076855376,-0.0138986735,-0.014382869,0.01345387,0.039442845,0.0031111962,0.0034704092,0.010415243,0.028812652,0.028688665,0.0030278924,0.011771637,-0.0067014694,-0.0121921925,0.014184322,-0.017177274,0.008559671,0.0068716113,0.010736508,0.02335809,0.0013266872,-0.018060628,0.025756458,0.015551908,0.021406524,-0.017261337,0.021496136,-0.006617031,-0.002403817,-0.001577285,-0.010582689,-0.027118087,0.030509127,0.009759279,0.029587321,0.026344355,0.025704,0.013194774,0.0065432624,0.027827619,0.030087145,0.027263705,-0.016361535,0.037772764,0.04102054,0.01966425,0.0021920996,0.033418383,-0.005331155,0.026935121,0.018892277,0.008647976,0.00834489,0.0126399025,0.02527237,0.0036039087,-0.015696285,0.023329478,0.010207039,0.05265312,0.009505217,-0.029751068,0.014772931,0.042339735,0.02546332,-0.02318778,-0.019587187,0.030342521,0.037601482,0.02018569,-0.0033164255,-0.028031917,-0.02349898,0.011064474,0.0023145701,-0.0017485993,0.009083228,-0.011006386,0.0033501175,0.040071957,-0.044432063,0.022631124,0.005380091,0.035681643,-0.03442891,0.017353205,0.04806992,0.03604748,0.04569715,0.029005712,-0.0042556147,0.047369998,-0.009343655,-0.060296178,0.058763113,0.07070366,-0.016785769,0.014334075,0.021491103,0.0004362577,0.012305619,-0.012201596,0.024697615,-0.025326634,-0.012721053,-0.010773618,-0.0077635846
2015-04-30,0.039432287,0.008097952,-0.0067324475,-0.0046500405,-0.029329626,-0.016004112,0.0069395457,0.02096363,0.0017474536,-0.012453714,-0.010295667,-0.042227317,0.0011316247,-0.043131664,-0.0025025357,-0.031645168,0.034736287,0.02597406,0.009664268,0.021055361,0.0050641536,0.019695636,-0.01683565,-0.028469993,0.035901748,0.02750975,0.015044996,0.014672906,0.013649143,-0.0056621,0.018788353,0.0017477402,0.02001346,-0.03362399,-0.006972675,0.019449085,0.014614446,0.042294458,-0.00975353,-0.03174868,0.027863922,-0.022324586,0.041230444,-0.001132483,-0.000816649,0.012530273,-0.0042139,-0.017722465,-0.020242948,0.015391407,0.04015042,-0.004728298,-0.0008955279,0.008249825,0.025117578,0.021918869,-0.0008948073,0.008597523,-0.010223096,-0.015359409,0.020954592,-0.0075483965,0.016149137,0.013985934,0.0067929127,0.02285834,-0.0028642681,-0.012868415,0.021589614,0.016413013,0.016637279,-0.01843891,0.018538643,-0.011733321,-0.010489397,0.0014396707,-0.006759975,-0.027769143,0.024428822,0.011347347,0.030720884,0.030880416,0.03211537,0.018430226,0.011016829,0.024966506,0.028039165,0.020333275,-0.02217793,0.031940766,0.036791205,0.015294567,0.0057724677,0.029898155,-0.0066050612,0.022569502,0.016415974,0.012411946,0.014341276,0.014790751,0.029587341,0.0043823803,-0.02267957,0.036477644,0.0073685884,0.04817627,0.0053738006,-0.029702319,0.011887487,0.03568226,0.020098595,-0.020732554,-0.015261231,0.03602535,0.028925588,0.02119982,0.0037168688,-0.029717376,-0.012155479,0.01834533,0.004185347,0.0039259675,0.008030767,-0.015242714,0.00863556,0.0418352,-0.045406032,0.017945921,0.002045868,0.03450079,-0.043124747,0.024710204,0.053166285,0.03527714,0.047374763,0.02643356,-0.0030683777,0.051468603,-0.008053078,-0.062628105,0.057231642,0.070342876,-0.016476655,0.017861871,0.024634147,0.00015223055,0.00982757,-0.0032270255,0.02561384,-0.026906261,-0.003755604,-0.0041088033,-0.0003555045
2015-05-31,0.04057565,0.012922445,-0.007635879,-0.0063293697,-0.027848002,-0.012815496,0.014025026,0.0148473205,0.0009877925,-0.006237642,-0.01039222,-0.00868559,0.0024906178,-0.031322017,0.004926447,-0.028833099,0.03565295,0.031026052,0.009652239,0.025792833,0.00086754357,0.022051105,-0.013610281,-0.023221286,0.037316605,0.027216712,0.017378049,0.00024282937,0.01677436,-0.0077485424,0.016854279,0.008522141,0.018702984,-0.026111724,-0.009713121,0.025498506,0.0101100635,0.042743977,-0.0097544985,-0.029463178,0.025418257,-0.013676844,0.047443207,0.0038592021,0.0034827075,0.0152432425,-0.0011635447,-0.00901145,-0.016228274,0.017186435,0.033481583,-0.0023181704,-0.0008861904,0.0067601562,0.027131768,0.025374131,-0.0022861923,0.005300451,-0.012641333,-0.011652602,0.015899288,-0.009627123,0.012740105,0.011691038,0.01738669,0.019189604,0.0017324648,-0.018438743,0.023162168,0.010880783,0.019198557,-0.020417476,0.0091192415,-0.014383474,-0.005705083,4.4264863e-05,-0.005060879,-0.02508886,0.027145136,0.015684523,0.034592267,0.043324765,0.031073133,0.02576031,0.018226475,0.02586272,0.024129944,0.023350367,-0.016903177,0.034276385,0.04239896,0.021193001,0.0016081784,0.038039103,-0.0070364196,0.026858158,0.019807294,0.018569058,0.01807923,0.007697483,0.022734161,0.0018689237,-0.017554061,0.025304042,0.011738633,0.04692315,0.011687667,-0.034283742,0.007755069,0.027084805,0.006073634,-0.030199485,-0.036229625,0.019265777,0.031450167,0.033684686,0.010298143,-0.019659484,-0.021703895,0.0012468033,0.0034111072,0.0068465024,0.017820612,-0.018672269,0.009184936,0.034851383,-0.04672677,0.02083972,0.00068755256,0.032766096,-0.045719992,0.03018926,0.04026582,0.033776537,0.063221656,0.04055889,-0.0031989655,0.039888754,-0.012445727,-0.049584106,0.076851085,0.06531239,-0.017176982,0.015035806,0.028551029,0.004761123,0.008612868,6.514393e-05,0.031400952,-0.03688055,-0.00041644543,0.003132252,0.005572621
2015-06-30,0.040096615,0.010621894,-0.007083721,-0.0088028675,-0.028513517,-0.014266975,0.013875815,0.0127627775,0.0031177525,-0.00495702,-0.0098612495,-0.007542247,0.006037648,-0.02993131,0.00520297,-0.024218922,0.035828162,0.029732531,0.0064681247,0.025810583,0.0073607313,0.022232397,-0.013378254,-0.024087794,0.032628115,0.023933407,0.013860163,0.012967797,0.01891089,-0.005672355,0.0119989915,0.00789855,0.02095325,-0.02680704,-0.010884714,0.024101166,0.010531878,0.04466914,-0.011324308,-0.029776666,0.02548951,-0.016157383,0.044655327,0.001704694,0.0038967375,0.013914258,-0.0021822604,-0.009461784,-0.01763574,0.017514708,0.038052514,-0.0018627556,-0.0023262142,0.006172888,0.025132338,0.023771128,-0.00095264235,0.00984448,-0.007624744,-0.009573379,0.013545781,-0.00443526,0.008428962,0.00999191,0.007485975,0.020987792,0.0038848703,-0.018685248,0.025342878,0.009848164,0.018943079,-0.021317925,0.0139445495,-0.013130247,-0.0010925875,-0.0021473656,-0.010062188,-0.025115423,0.031060245,0.01450239,0.03073551,0.043852422,0.02707264,0.026435608,0.018456722,0.02704086,0.031719457,0.025161313,-0.019775728,0.03234569,0.038957234,0.0136624,0.0021100675,0.034792103,-0.011097042,0.024566563,0.017306024,0.01491916,0.014733426,0.005699913,0.017525224,0.0060623446,-0.014388314,0.027013216,0.009623464,0.04603571,0.0058997613,-0.029431796,0.01681484,0.036568187,0.017475884,-0.026438836,-0.03321907,0.023126451,0.035052586,0.054111578,0.009883547,-0.020518744,-0.016095856,0.007961852,0.0074484693,0.0141768195,0.027047256,-0.011126967,0.008052663,0.035139374,-0.042952143,0.017996462,0.0034270117,0.029893378,-0.04906459,0.035636667,0.036117475,0.043845467,0.06673142,0.037151437,0.0015955,0.043787397,-0.0064814114,-0.04805627,0.07133431,0.062396914,-0.015898947,0.011832477,0.024281815,-0.000110690315,0.0058822394,0.0034707088,0.0303048,-0.030221779,0.0029519275,0.0036118224,0.0076976055
2015-07-31,0.0465905,0.007477427,-0.00010383862,0.0027406104,-0.028771326,-0.0222322,0.012975622,0.0118411295,-0.0016789963,-0.0037745293,-0.017908974,0.0062985215,0.0022006463,-0.035380606,0.008313742,-0.017645553,0.035663996,0.028436434,-0.0018583678,0.019744836,0.0061712763,0.021610804,-0.017509662,-0.03135674,0.031210463,0.022978,0.0073281527,0.016163694,0.01967937,-0.003527162,0.011609046,0.0051899673,0.020616999,-0.03449974,0.0007934732,0.024013303,0.016135536,0.046132483,-0.017619489,-0.03037594,0.027673569,-0.015623527,0.041223906,-0.0051701344,-0.00045552832,0.011872887,-0.009191172,-0.013252128,-0.021432795,0.014541642,0.044262838,0.0006109611,-0.003199658,0.008097307,0.020262182,0.023004796,-0.005701101,0.007456179,-0.010383371,-0.010091936,0.015819583,-0.0055350107,0.01337126,0.013211637,-0.0052561136,0.01889401,-0.00082280434,-0.007112029,0.02223999,0.004205123,0.01832765,-0.020496652,0.019305123,-0.0127620585,0.001889911,0.002638015,-0.011277026,-0.026059879,0.031066865,0.015440365,0.029375408,0.04614798,0.029330585,0.026220549,0.015503721,0.02571274,0.033457365,0.023174766,-0.016074061,0.02760553,0.033872165,0.008854213,0.006437897,0.03148295,-0.02024759,0.022001177,0.014270457,0.011965746,0.014964059,0.004210748,0.023270745,0.004971963,-0.01567473,0.028355727,0.0060551986,0.041020766,0.0033467242,-0.025076868,0.014706034,0.03251304,0.016804103,-0.024785351,-0.04071877,0.021621404,0.04449405,0.04832428,0.009526065,-0.016797991,-0.023371492,0.0041033984,0.008844114,0.013003273,0.023550842,-0.0187649,0.012103667,0.036618803,-0.045692235,0.012084157,-0.0054517076,0.02723415,-0.058095608,0.043177795,0.04638683,0.0362977,0.08015915,0.03565647,0.0018049831,0.043359835,-0.0070887893,-0.04653733,0.06498926,0.06005648,-0.01608864,0.007809795,0.02030001,-0.0044340086,0.008169041,0.0039647473,0.031546302,-0.02340964,0.0036781034,0.0022952608,0.009500076
2015-08-31,0.044570867,0.00969765,0.0019907458,0.0017015592,-0.028778054,-0.019009374,0.013890957,0.011133291,3.772577e-05,-0.0017883359,-0.014849705,0.009582135,0.0069805,-0.033590395,0.011003324,-0.018477146,0.034971885,0.03090392,0.00027372557,0.021019617,0.0039048423,0.02466991,-0.01359671,-0.027189156,0.03111043,0.022455284,0.007411116,0.019378537,0.020240176,-0.0030094918,0.011530679,0.0055449815,0.019855145,-0.032391526,7.861058e-05,0.027047714,0.0160933,0.043388892,-0.020705892,-0.027013615,0.029556211,-0.012262481,0.045259222,-0.005111845,0.002803151,0.015385291,-0.0065284795,-0.009405831,-0.019099843,0.013752633,0.048200056,0.0013418016,-0.004413559,0.006936477,0.022821939,0.024827547,-0.0043522385,0.008321719,-0.010793981,-0.0056971037,0.018105134,0.00096586323,0.01673838,0.015758522,-0.0067026853,0.019142954,-0.0013320318,-0.007088658,0.026545936,0.0030657127,0.018073343,-0.023159634,0.019113302,-0.009491571,0.0022616263,0.0036835424,-0.009752962,-0.02564685,0.027060594,0.020248573,0.029053656,0.041101765,0.030361842,0.022879878,0.011346146,0.025589395,0.03442509,0.024829809,-0.014193695,0.028739356,0.033551883,0.009960859,0.0058736815,0.035059176,-0.021208584,0.021701107,0.013477806,0.013776319,0.017020904,0.0028766938,0.025175769,0.006261281,-0.01528023,0.026791213,0.005987181,0.03820373,0.0040720035,-0.021177096,0.011827906,0.029184768,0.013978195,-0.022887582,-0.042049468,0.019373754,0.04661759,0.050210875,0.0033374422,-0.016430907,-0.028257163,0.0012456292,0.012682699,0.016299468,0.02055841,-0.017543988,0.014313561,0.036286246,-0.04770961,0.015715903,-0.0032997292,0.026877267,-0.054647274,0.040163133,0.04988868,0.038070884,0.08511358,0.03537769,0.006066826,0.038698953,-0.008154895,-0.04502395,0.06311377,0.057278484,-0.01623283,0.00917765,0.019115746,-0.005370656,0.005600803,0.006826834,0.034300465,-0.02164854,0.006583944,0.0029818292,0.012222063
2015-09-30,0.033306208,0.01311145,-0.0015400037,0.0012660648,-0.025497682,-0.014787774,0.015184016,0.020867588,0.0016949036,0.004718326,-0.011666478,0.011928803,0.009017799,-0.025970096,0.012281794,-0.020794785,0.030173467,0.03126458,-0.0007373698,0.02367817,0.0023492053,0.02479139,-0.011758347,-0.020459084,0.031982876,0.019717606,0.009304122,0.010397891,0.018464627,-0.007248322,0.00803021,0.0078108804,0.022129994,-0.033108205,0.005452006,0.028348174,0.011895757,0.039500374,-0.023418274,-0.032262783,0.029795077,-0.015922582,0.047738682,-4.29559e-05,0.0059977975,0.01658398,-0.0042528366,-0.006202145,-0.019430181,0.015310914,0.047654655,0.00027418984,0.0028730186,0.011261595,0.015679697,0.015195979,-0.00684082,0.009061803,-0.010093813,-0.013387486,0.018295472,0.0043866634,0.016336739,0.0141294,-0.00044599696,0.024512708,-0.0029073264,0.00013308247,0.027116083,0.010383016,0.023580344,-0.017786974,0.018086988,-0.0123784905,0.0027451126,0.0061056283,-0.008044015,-0.02757246,0.03094494,0.017525436,0.037114006,0.036844138,0.03711695,0.01935044,0.012479654,0.03181357,0.03716738,0.02774899,-0.01021999,0.031938784,0.03813336,0.01432712,0.0020385324,0.037525363,-0.013521832,0.02808699,0.01437823,0.014020828,0.014412239,0.010243731,0.021244006,0.0055265874,-0.0112583805,0.026956724,0.004222452,0.033990014,0.0074103097,-0.019035354,0.0073937085,0.021678858,0.0006780733,-0.021950742,-0.042289454,0.017519442,0.04905566,0.052124545,-0.0037821461,-0.014351919,-0.036656715,-0.0036080128,0.011010666,0.01763132,0.02040406,-0.018134115,0.013791264,0.0376101,-0.051611543,0.0188777,-0.0017250131,0.03612316,-0.05001899,0.038785443,0.048075013,0.02679817,0.087800205,0.043745484,0.007344134,0.039585717,-0.002379045,-0.04089965,0.061375193,0.059752036,-0.018401006,0.00619541,0.021829253,-0.0038680162,0.006959706,0.0068981857,0.034226738,-0.024504384,0.006591997,-0.0030038296,0.009893663
2015-10-31,0.032358278,0.018435718,0.0074823885,0.00024129072,-0.021481138,-0.009613351,0.012226777,0.027579503,0.0024526976,0.003184345,-0.011886342,0.02363641,0.008792614,-0.030912694,0.0105764065,-0.016228326,0.029088352,0.0322956,0.001966154,0.027424576,0.00026861622,0.029056221,-0.011321231,-0.015833516,0.033811085,0.02175573,0.008414962,0.014626277,0.0126525145,-0.007970296,0.0063768644,0.006777009,0.023248069,-0.032100048,0.0036559114,0.024507925,0.009808601,0.040877238,-0.031421456,-0.029952176,0.030425642,-0.016866455,0.04872978,0.0012194123,0.005566199,0.019356528,0.0017707198,-0.0022665032,-0.016357979,0.011726195,0.049048983,-0.00014164009,0.008642285,0.015818741,0.02012711,0.013074761,-0.0038514165,0.01079242,-0.006903666,-0.013769008,0.01835654,0.00655519,0.017877154,0.011789812,-0.00048013966,0.026438532,-0.0029704885,0.0028179542,0.031748727,0.013011341,0.028627472,-0.016735366,0.016862232,-0.0087168645,0.000695093,0.0072996705,-0.006397112,-0.026859496,0.030312981,0.016976679,0.036774166,0.030277576,0.0350577,0.017214065,0.009950789,0.03617542,0.034762643,0.031744804,-0.009996344,0.031232549,0.034097403,0.01671327,0.0018195359,0.03680913,-0.007397612,0.031630296,0.01744998,0.016189473,0.015992811,0.016970681,0.021573309,0.007418795,-0.007959076,0.01693379,0.0064971116,0.03069135,0.010944707,-0.015586197,0.007621498,0.02152082,-0.0025159237,-0.021461584,-0.038885087,0.011662363,0.04978519,0.054128792,-0.014934276,-0.015441404,-0.04222088,-0.012156912,0.012317576,0.021392226,0.019964851,-0.015017046,0.012124462,0.039769508,-0.05643339,0.023666691,0.002450358,0.036402185,-0.045965623,0.038045377,0.04526743,0.021178756,0.08246029,0.042607676,0.0074757347,0.03195474,-0.0006770665,-0.039615676,0.054882813,0.05656226,-0.020626174,0.008552424,0.018806757,-0.0066734278,0.006264785,0.005929255,0.03014679,-0.01808286,0.005729185,-0.006265959,0.008212327
2015-11-30,0.030026035,0.024549259,0.009796919,5.2530864e-05,-0.023476886,-0.0039888336,0.011832791,0.026522266,0.0058787186,0.0004355796,-0.01978787,0.01743697,0.00587174,-0.030808194,0.009329925,-0.018057344,0.028223073,0.033470012,0.0036672242,0.029540544,-0.0010000179,0.027339818,-0.0064550107,-0.01039695,0.03455468,0.023353152,0.004173952,0.01027965,0.015228581,-0.002639041,0.00865301,0.010403707,0.025287502,-0.029645385,0.0018246709,0.026562953,0.0029825405,0.036934413,-0.03325931,-0.036011938,0.026578723,-0.020407239,0.04641786,0.0050990344,0.0003943046,0.019220231,0.00042287377,0.00058927765,-0.014772393,0.010303628,0.05097694,-0.00019560775,0.010779691,0.017609011,0.027672967,0.0206187,-0.008570803,0.008398226,-0.0031489062,-0.014894806,0.019541614,0.007791858,0.016947666,0.016398406,0.004197308,0.027435092,-0.0005489083,-0.0026840433,0.03151122,0.011325999,0.029343612,-0.015640803,0.011408426,-0.003619365,-0.0014547155,-0.0011252126,-0.0065125157,-0.02963901,0.036589496,0.0152667,0.034119945,0.022338822,0.030625386,0.012420061,0.00046285056,0.03780871,0.034411795,0.032846663,-0.017661396,0.02920139,0.033975676,0.0153801385,-0.0023481452,0.037357766,-0.00810495,0.032876324,0.020765044,0.015017081,0.0110063795,0.018512169,0.009633161,0.014447179,-0.012616796,0.019720199,0.004628598,0.03455384,0.01068519,-0.031551298,0.019565988,0.036318608,0.008555679,-0.0240577,-0.042642735,0.013480496,0.056477007,0.049546644,-0.008766377,-0.019030241,-0.042902853,-0.009157924,0.008804436,0.014969922,0.016344842,-0.021136723,0.010564976,0.037073467,-0.05461412,0.025582341,0.0053606313,0.04068031,-0.035535216,0.023786267,0.041942712,0.030999688,0.073353074,0.039986383,-0.0020413483,0.035958316,0.0019647197,-0.04243577,0.04516587,0.05668145,-0.024973571,0.0097688865,0.015079061,-0.013796865,0.005259148,0.0052653714,0.02921491,-0.025793867,0.0050229775,-0.002943573,0.0065277824
2015-12-31,0.030060386,0.028212545,0.01014808,0.0079538,-0.023238773,-0.0032075508,0.010957165,0.022449736,0.0015944982,0.0022866048,-0.017507508,0.0095209405,0.004906262,-0.03667763,0.0070778793,-0.01156937,0.032399587,0.036143046,0.0037554246,0.028573852,-0.0050351974,0.025028408,-0.006312698,-0.013492553,0.030946737,0.022166705,0.012569311,0.015429957,0.016135398,-0.0014083575,0.0091976635,0.008373128,0.02146803,-0.0334796,0.010492092,0.021961354,0.007735459,0.039289493,-0.03462173,-0.032333817,0.026300061,-0.0176918,0.04207743,0.007929592,-0.00026001147,0.01715127,0.00060638995,-0.002268083,-0.017348096,0.007956145,0.047780227,0.0068278145,0.006176195,0.015156652,0.023721056,0.016339973,-0.0053944094,0.008035569,-0.001960145,-0.0121646365,0.018548613,0.008188294,0.0145849995,0.018076615,0.0007174556,0.021523187,-0.0038238165,0.0067055244,0.029386397,0.00864891,0.029886339,-0.015296141,0.013225985,-0.007314535,0.008561553,-0.0071490947,-0.010754298,-0.030894103,0.04057101,0.014137357,0.03136119,0.031407163,0.029293455,0.017692115,0.009345556,0.03277724,0.036760326,0.03354019,-0.023910133,0.024567014,0.029173935,0.00935296,0.0022716578,0.028020028,-0.015589604,0.02958609,0.018611828,0.01185162,0.009203574,0.013238375,0.0067843045,0.015034084,-0.012952857,0.01809811,0.0027956273,0.036631633,0.005567927,-0.028409043,0.031645443,0.048235092,0.0214724,-0.016926166,-0.03374019,0.018346217,0.055903338,0.05527847,-0.005253197,-0.021656526,-0.03549864,-0.0018834332,0.0024005885,0.00885602,0.0072414367,-0.020715328,0.004730238,0.035528217,-0.058337513,0.020095542,0.0022415956,0.031521387,-0.041845288,0.031116964,0.031938646,0.046906583,0.076384984,0.036131494,-0.012045145,0.044743847,-0.00782202,-0.043519944,0.043373603,0.06485036,-0.023132032,-0.003552774,0.007871344,-0.013565373,0.0044811303,0.009195259,0.024266899,-0.023732923,0.008911957,-0.0018319901,0.01058673
2016-01-31,0.02978983,0.02858138,0.016368534,0.0048439275,-0.019662302,-0.0013122635,0.006360099,0.022170072,0.003607965,0.00038819463,-0.010418483,0.017702146,0.011720374,-0.031639196,0.004557115,-0.015848566,0.0320169,0.034236927,0.0059939027,0.031124929,-0.0016491619,0.024457393,-0.007986158,-0.014942672,0.03304354,0.025802929,0.015424123,0.011326033,0.017045839,-0.006618052,0.0058824555,0.003950539,0.023597516,-0.03058654,0.007979475,0.022970855,0.0066718287,0.041526053,-0.038398966,-0.028777245,0.030261833,-0.010316728,0.03968505,0.0108066965,-0.0032498164,0.017853223,0.0017733045,0.0007422556,-0.012318814,0.007078707,0.048015304,0.0041542575,0.011936685,0.021361439,0.021987967,0.015270896,-0.0031751988,0.009199885,-0.0023621253,-0.013771683,0.019319344,0.012686716,0.01660602,0.016559802,-0.0013538593,0.01851269,-0.002754775,0.007525164,0.03185303,0.013571515,0.025482193,-0.018528754,0.016879542,-0.010079933,0.0073654484,-0.0040526395,-0.007501863,-0.028501546,0.033188503,0.016179776,0.03511281,0.03064583,0.031382386,0.021083223,0.009376694,0.027857877,0.036434736,0.029098755,-0.016152201,0.020547984,0.025361674,0.011657822,0.0015654839,0.024729708,-0.012987699,0.03523649,0.025534634,0.015825722,0.011900865,0.0115007805,0.0008666058,0.015366813,-0.014140295,0.017845647,0.008408366,0.035144757,0.012355697,-0.022221744,0.031843815,0.048509292,0.025062168,-0.024391038,-0.033545867,0.015605181,0.04660825,0.059944473,-0.009446829,-0.026050977,-0.033348724,-0.0018882484,0.0040338472,0.013091126,0.0045442516,-0.022696598,0.0051107733,0.03606497,-0.057048354,0.02047501,0.004718898,0.026864367,-0.042559873,0.03105623,0.024271702,0.046808906,0.0742683,0.030766,-0.010456844,0.039961297,-0.020353902,-0.04780123,0.045654047,0.05915238,-0.022312667,-0.0018013377,0.0069944034,-0.016155409,0.0039720116,0.010412499,0.022239212,-0.016580438,0.010285477,-0.0024251593,0.011668846
2016-02-29,0.034673292,0.034550946,0.020618435,-0.00021783986,-0.017491585,0.0018081096,0.005562548,0.026317175,0.0036251345,-0.00076415954,-0.017995898,0.008264722,0.009015018,-0.030432325,0.004777218,-0.02212857,0.035114158,0.03632083,0.009609759,0.034762006,-0.00066840264,0.023122905,-0.0064918413,-0.007947559,0.03355295,0.026416667,0.011673021,0.010693686,0.011348799,-0.0019657863,0.007103939,0.0036450438,0.027742688,-0.030818626,0.001996163,0.013645246,0.0038207988,0.04669298,-0.03942683,-0.032305516,0.029821733,-0.012859742,0.03879556,0.0072375247,-0.0024157013,0.021000592,0.0007965106,0.0023983025,-0.014896862,0.005819499,0.04965,0.005434688,0.014801647,0.025060615,0.026903164,0.017976709,-0.003410942,0.007573091,-0.0037499834,-0.015451371,0.018960543,0.013582809,0.017115027,0.01663502,-0.0029241613,0.022710565,-0.0045483015,0.00092803594,0.033046942,0.012699395,0.029953433,-0.015463937,0.015073426,-0.0047591617,0.005870559,-0.0013411704,-0.005338062,-0.027656756,0.035627358,0.01468065,0.034778193,0.02851496,0.028690878,0.020073108,0.009927292,0.03226353,0.03286985,0.03125555,-0.02045068,0.020965047,0.026042584,0.016209695,-0.001866142,0.024972117,-0.0063756993,0.036735587,0.027471898,0.0116562955,0.007976378,0.015379026,0.00079079205,0.021849733,-0.014970061,0.008012836,0.00913428,0.039144672,0.015699197,-0.026152493,0.027057782,0.043715518,0.022088788,-0.0321409,-0.034698542,0.011998925,0.0422063,0.05673832,-0.016056135,-0.028513148,-0.0406018,-0.0055322973,0.0033219282,0.012704442,0.002574056,-0.023900768,0.0068524987,0.038424782,-0.06341388,0.025534455,0.007021851,0.028813059,-0.036740724,0.029204296,0.022354899,0.04342114,0.063464634,0.029177641,-0.0068456717,0.031933688,-0.026338052,-0.053591095,0.04016019,0.06023771,-0.02257745,-0.0011085279,0.005917689,-0.025694504,0.0013948348,0.005248279,0.015113946,-0.01862682,0.004891811,-0.004806357,0.0069125653
2016-03-31,0.02849693,0.03292664,0.019421216,0.00037113955,-0.015104892,0.0053597353,0.003615488,0.03086528,0.010027816,0.00014651184,-0.014570527,0.010284326,0.011200652,-0.026546834,0.0026926417,-0.01994237,0.03130794,0.030663362,0.010130698,0.03140044,-0.00088568754,0.027715404,-0.005951251,-0.0064028404,0.03653903,0.02828767,0.018047426,0.0047072857,0.0134519255,-0.0043052398,0.0059329383,0.0009522091,0.030754607,-0.029794546,0.0013213154,0.0119896745,0.0043636137,0.047784884,-0.03730187,-0.03246867,0.03139959,-0.014157979,0.04223013,0.010298175,-0.002335525,0.024313416,0.005232647,0.0087081855,-0.008756717,0.0064821006,0.054820538,0.0073286905,0.018221013,0.028678838,0.024084756,0.016690211,0.0024490547,0.010509094,-0.0020037752,-0.014871531,0.0133849885,0.008617777,0.0117288185,0.012994179,-0.0013859904,0.025632225,-0.0011294371,0.0026750122,0.036539227,0.015485299,0.03206983,-0.016133262,0.015254235,-0.0034181285,0.008414977,0.00091489905,-0.0033506348,-0.025537092,0.038905274,0.01682733,0.038006738,0.028172242,0.029031336,0.0214777,0.010372125,0.03405795,0.031731118,0.034293596,-0.01687972,0.026079774,0.028165737,0.018689744,0.00329635,0.030215539,0.00049884827,0.042471673,0.03134148,0.016682453,0.012340912,0.019838545,-0.0002336127,0.022608489,-0.0107375495,0.004510293,0.012017665,0.040317416,0.019587545,-0.024057386,0.026487121,0.04568799,0.019188447,-0.03602356,-0.035396103,0.0018895881,0.034615837,0.049569793,-0.024768014,-0.024864143,-0.044089045,-0.013056242,0.0016928851,0.010203722,0.0035984125,-0.02142478,0.0019264396,0.04068308,-0.06181279,0.025852088,0.007090455,0.033712897,-0.033458643,0.027756067,0.023882475,0.04232889,0.06316268,0.031246617,-0.008708362,0.025438065,-0.02364648,-0.046949066,0.043214727,0.055909343,-0.020327926,-0.00021437866,0.0039992565,-0.02238528,0.0040599937,-0.0015504971,0.014278017,-0.016085753,-0.0017233765,-0.010316272,-6.7730175e-06
2016-04-30,0.02826894,0.033052605,0.010486441,-0.0015432753,-0.021253016,0.0073416727,0.008354905,0.028003877,0.018728567,0.0040695514,-0.026684534,0.0011564716,0.007078599,-0.0284976,0.010931342,-0.028298812,0.032329142,0.03333583,0.014290121,0.034938257,-0.0057041105,0.0231072,-0.0030477466,-0.0052689747,0.03264223,0.020844478,0.009659859,0.0029100415,0.010817036,0.00307323,0.007853748,0.009464008,0.02421198,-0.026143353,-0.0013302121,0.017503088,-0.0006528423,0.04632146,-0.039953828,-0.03233949,0.025735104,-0.023727367,0.04343648,0.0051849782,-0.0028874737,0.020919994,0.00158815,0.00629128,-0.010740167,-0.0011584302,0.046023592,0.0076845107,0.008528242,0.018440854,0.027412387,0.015538196,0.00078550464,0.008504112,-0.00075325585,-0.013704089,0.018439734,0.012858352,0.013770695,0.017895652,0.0070712417,0.029443072,-0.0048313336,-0.001057538,0.034377478,0.009955663,0.038501006,-0.008739354,0.0048213024,-0.0024424721,0.009078318,-0.0016899791,-0.009705613,-0.032164738,0.03792011,0.009416934,0.03551076,0.026975345,0.02874929,0.017227722,0.0067405836,0.040833868,0.034053434,0.042403884,-0.030281583,0.027089993,0.030284349,0.01658025,-0.0013421105,0.033150762,0.005797279,0.034553405,0.02106946,0.011175292,0.0039996854,0.020269508,0.0030502572,0.025205147,-0.008659743,0.004013606,0.0040581613,0.03956027,0.0100881,-0.03107564,0.03171401,0.04804695,0.020272387,-0.03513961,-0.039483476,0.005666723,0.030604716,0.049884398,-0.033159096,-0.018135337,-0.046436984,-0.015213654,0.001117738,0.011127638,-0.0006988154,-0.02387817,0.0063286438,0.036108263,-0.061096363,0.031824432,0.00042277286,0.040658955,-0.0296351,0.022061149,0.022033937,0.034265686,0.064394556,0.04342314,-0.010222603,0.024349036,-0.023759285,-0.040688712,0.044005565,0.05619292,-0.018436326,0.0016055823,0.005586472,-0.021866577,0.0018173027,-0.0030451356,0.018141868,-0.025576413,-0.003253459,-0.008233652,-0.0018696592
2016-05-31,0.031921383,0.04003315,0.012157845,0.001717306,-0.019332647,0.0103347,0.011994243,0.016703146,0.020060554,0.0061952705,-0.01866424,-0.011528187,0.01731691,-0.017013371,0.013639221,-0.03269861,0.03739751,0.040755916,0.020350827,0.037373807,-0.012128049,0.019045442,-0.0036902488,-0.00295202,0.032095686,0.02030009,0.017494261,0.02198501,0.007396032,-0.00039501733,0.0060517592,0.012083618,0.020336065,-0.024893105,-0.0011793998,0.012147784,-0.004389612,0.0465552,-0.036296416,-0.030896468,0.021728702,-0.019848153,0.039643876,0.0038940525,-0.0039040348,0.018373702,0.0008928687,0.008192632,-0.00862497,-0.015306641,0.036166858,0.0074578505,0.0019843527,0.011851708,0.035454284,0.017945727,-0.00068814855,0.0028972118,-0.0053387154,-0.011109272,0.015008749,0.012167397,0.011880407,0.014972024,0.016253535,0.028185565,-0.005114814,-0.002311726,0.03647872,0.0015620058,0.041447822,-0.0064837914,-0.0031256452,-0.0066219456,0.0041986913,-0.0047002095,-0.013314259,-0.034223296,0.039246693,0.006778074,0.02780138,0.014342523,0.022647025,0.004269731,-0.0007483071,0.040157065,0.026465923,0.03972446,-0.04079621,0.02943632,0.032283973,0.013899494,-0.007886159,0.03358874,-0.0005454222,0.02915385,0.017085802,0.009027704,-0.0012136394,0.01329061,0.009544406,0.023547513,-0.0103643425,0.00478548,0.002676672,0.039563913,0.006147837,-0.03269243,0.029235562,0.044327743,0.018872894,-0.034362525,-0.042315345,0.003312155,0.032623705,0.043249633,-0.03433315,-0.020429207,-0.047844965,-0.023124529,-0.004854013,0.008821644,-0.0074208374,-0.023959916,0.0065547545,0.023459544,-0.060346954,0.035232887,0.0066519934,0.03324668,-0.028597325,0.021303196,0.0076703806,0.037337765,0.06822586,0.059370626,0.017959176,0.017167898,-0.024164412,-0.041401662,0.047495976,0.054738443,-0.019305946,0.00877446,0.011871747,-0.022084042,-0.0034156742,0.0040928014,0.014455925,-0.03391703,0.0038358814,-0.004453175,0.0052137743
2016-06-30,0.034184508,0.03894408,0.01822203,-0.001871202,-0.02035384,0.0030678145,0.008471043,0.008747608,0.016757943,0.0013271692,-0.01992838,-0.009753761,0.014177372,-0.028311716,0.009200985,-0.035607222,0.03920767,0.036774915,0.016047692,0.03466785,-0.006592916,0.015980175,-0.0108649,-0.005192042,0.02860768,0.021613602,0.004559985,0.020122878,0.0023715142,0.0040838984,0.001552184,0.008063817,0.021224061,-0.02731818,-0.0020151136,0.015397316,-0.001529738,0.05067527,-0.030822346,-0.027619902,0.021194957,-0.013965354,0.032029644,0.0004034902,-0.0065822527,0.01780443,-0.003612025,0.005676845,-0.010391788,-0.010592436,0.03457335,0.0064375573,0.0016080366,0.012837472,0.03114056,0.016088115,0.0017465272,0.0025581007,-0.005779636,-0.01871712,0.022881638,0.01847823,0.019018074,0.024072584,0.0035562608,0.02473605,-0.008033086,-0.0006171384,0.030651778,0.0066424897,0.037780695,-0.0061796876,0.005417727,-0.0062929755,0.0019024952,-0.008136501,-0.012308669,-0.030732391,0.03180054,0.0069721374,0.030903406,0.017630966,0.026787644,0.008877951,0.0031454787,0.035356108,0.027075715,0.03516672,-0.039515138,0.02148679,0.027441766,0.011008681,-0.009715595,0.024104862,-0.0055427905,0.029249482,0.019096773,0.0048158215,-0.0034347204,0.0044049346,0.0018163408,0.024026949,-0.015923806,0.0075733573,0.0025621748,0.03700277,0.0058363145,-0.025851587,0.04923495,0.059310444,0.039283216,-0.029642701,-0.046412393,0.013231049,0.04418672,0.047279093,-0.046876233,-0.024858907,-0.047336277,-0.022060568,-0.0024730908,0.014007528,-0.0011695197,-0.023291515,0.012881922,0.01955396,-0.05243664,0.03107523,-0.000951957,0.0215,-0.034508713,0.02415309,0.011763529,0.042314306,0.07017537,0.04688686,0.03374916,0.019928068,-0.020010041,-0.046212006,0.040892035,0.05770788,-0.02202677,0.0045852466,0.011551433,-0.028573675,-0.0022445165,0.0063482295,0.014604341,-0.029049875,0.006162768,0.0033534428,0.0070069185
2016-07-31,0.02472466,0.045692783,0.01754632,0.00064571545,-0.0037415035,0.012224928,0.0009984454,0.011169535,0.021066127,-5.5207736e-05,-0.0021726992,0.0063415607,0.03238432,-0.002707235,0.005092106,-0.035057265,0.03623525,0.03973283,0.023083491,0.039015707,-0.01283592,0.005489123,-0.0009859126,0.0021999902,0.034109555,0.02458395,0.018373694,0.018486757,0.0017464773,0.0029501345,0.0005304207,0.004586768,0.023060253,-0.019309489,-0.00054839184,0.012759311,-0.009369571,0.041348018,-0.03063925,-0.029101538,0.016051654,-0.020661494,0.022898378,0.0032891287,-0.017206404,0.00935118,-0.011629361,-0.0020839272,-0.018172946,-0.014544882,0.02296181,0.0072438535,0.0035679394,0.014736285,0.03082257,0.01876267,0.018983813,0.014282682,0.0073258476,-0.03443887,0.019528158,0.0110662095,0.017879339,0.02375682,0.010308984,0.02547659,-0.0025559685,0.0020814321,0.027243564,0.013411726,0.037390433,-0.0037939958,0.006114436,-0.005557334,3.3650802e-05,-0.0036364787,-0.020996219,-0.036336605,0.03550036,-0.005858332,0.029134063,0.0131691275,0.018422104,0.0046671336,0.0022391633,0.035371162,0.022132494,0.035800636,-0.037541468,0.0343641,0.039314166,0.020262739,-0.010622354,0.02054044,0.0064281514,0.031418134,0.021467274,-0.003883257,-0.013395458,0.0060169245,0.005246329,0.022363614,-0.011824149,0.015345834,0.0007678472,0.021402452,0.007850336,-0.020906428,0.045566283,0.05148186,0.037334763,-0.015079401,-0.024167148,0.029075967,0.0459033,0.05924758,-0.06421077,-0.015635466,-0.024893543,-0.007162739,0.001450896,0.015168754,0.008215951,-0.010792234,0.011200069,0.017638514,-0.053144995,0.03379423,0.0078953765,0.016944453,-0.028435163,0.0204227,0.01116832,0.038350485,0.069254324,0.053081453,0.027364127,0.033677533,-0.01811598,-0.034226596,0.06350494,0.06417575,-0.017081752,0.013132765,0.016585598,-0.024331246,-0.009487887,0.010908962,0.014529647,-0.02811706,0.010831517,0.004792706,0.010277308
2016-08-31,0.032596506,0.04008741,0.020079937,-0.00173276,-0.0076223207,0.0069246213,-0.0010663841,0.017300809,0.019928962,-0.005295776,-0.003843376,-0.0063760486,0.02584643,-0.0077378456,0.00045482029,-0.03465826,0.030365832,0.03280877,0.01170398,0.026741706,-0.0049400236,0.0100430045,-0.003035752,-0.0013086013,0.036625367,0.027595025,0.019616142,0.016359461,0.0055599506,0.009708691,0.0010961245,0.006892246,0.02635534,-0.026558068,-0.0017395375,0.0036644537,-0.010754129,0.03832176,-0.023072058,-0.031083409,0.016330723,-0.022994434,0.022509838,-0.00067768013,-0.022092722,0.012827631,-0.0065014097,0.00010176201,-0.0159892,-0.012769503,0.02093681,0.006031055,0.010547184,0.020522363,0.03041488,0.017491229,0.02728732,0.021035494,0.0137067335,-0.032771863,0.019282334,0.004074893,0.0149685545,0.0217211,0.011643944,0.023954488,-0.006732015,0.0007570039,0.026058964,0.015523595,0.034250125,-0.008244058,0.0053243544,-0.00028077193,-0.001719851,-0.0050252974,-0.018553782,-0.0357287,0.03596509,-0.006013311,0.033175826,0.019953836,0.021994434,0.008407525,0.0025967304,0.033398494,0.026202386,0.032282684,-0.04241438,0.033904,0.038441285,0.017392145,-0.010056082,0.017500853,0.009594761,0.035657115,0.02537603,0.0015573204,-0.009852934,0.011666145,0.00065649435,0.014858239,-0.010530804,0.010355276,0.0028028227,0.02327307,0.009540363,-0.029250119,0.051011425,0.060999915,0.040905584,-0.011387516,-0.023011062,0.027374791,0.04106552,0.07279415,-0.050807796,-0.020758992,-0.019204272,0.0007777079,0.00079514575,0.011814699,0.016784022,0.0033371712,0.0040964517,0.02400985,-0.051466867,0.029151544,0.00066551135,0.021837529,-0.034610014,0.021842984,0.011677505,0.043244064,0.060346775,0.052268285,0.01983167,0.032585513,-0.016902246,-0.041086327,0.07361605,0.06911099,-0.02247551,0.015319574,0.01851599,-0.027652701,-0.005967862,0.003213501,0.0071240687,-0.030449307,0.0028141867,-0.0027067724,0.00302466
2016-09-30,0.03260093,0.033056624,0.015069435,-0.001301924,-0.014806624,0.005146617,0.005205793,0.016525846,0.021915317,0.001319777,-0.0069338763,-0.021383807,0.01909718,-0.016611332,0.004667775,-0.04054639,0.032130048,0.038148314,0.0094750915,0.024355471,-0.0020693757,0.016437355,-0.0013011056,-0.0022235778,0.038113117,0.027291715,0.004293558,0.033891715,0.0011646363,0.008150908,0.0002713931,0.012485552,0.019692115,-0.012489098,0.0023552459,0.0031186,-0.004117876,0.0406801,-0.021896826,-0.025591169,0.020088004,-0.0154564,0.029297898,0.0035939617,-0.0127639165,0.016008507,0.00063995545,0.009106692,-0.0050817793,-0.020793555,0.02283281,0.0034321202,0.009417768,0.021380741,0.0402519,0.025968462,0.02267347,0.014672463,0.008888007,-0.019498855,0.023978738,0.008976549,0.01785051,0.028146394,-0.00081154756,0.027512424,-0.013009114,0.0047752527,0.028753636,0.0072862543,0.036569398,-0.010729002,0.0063050073,0.00039384043,-0.00068936695,-0.0058367536,-0.014781599,-0.040198375,0.027262136,0.0016074515,0.025507715,0.012817324,0.022700131,0.0013179055,-0.0041953335,0.037172306,0.029374642,0.03176365,-0.038716342,0.03009726,0.03612103,0.01615946,-0.012336493,0.022292363,0.008900547,0.035514895,0.026658943,0.0035189604,-0.0059037893,0.010924862,-0.0064753867,0.013289233,-0.014194587,0.012653928,0.006642752,0.023832437,0.011095091,-0.025340669,0.056063913,0.06469105,0.047046952,-0.01517288,-0.027547568,0.028300092,0.032342866,0.0671018,-0.05879468,-0.02750403,-0.008270796,-0.004608658,0.0026281816,0.0135523435,0.014491511,0.0056703165,0.006675834,0.02385808,-0.052361526,0.029407926,-0.0010009006,0.02056077,-0.030880384,0.014756165,0.010565906,0.04568201,0.05121096,0.046878383,0.006929865,0.032910157,-0.024793608,-0.044118263,0.076788366,0.079671435,-0.018885788,0.010483425,0.017313277,-0.026655193,-0.011807836,0.004367377,0.0059285564,-0.02935222,0.003957312,-0.0025165158,0.0051224427
2016-10-31,0.032707952,0.030943645,0.008498399,-0.0027674984,-0.018273618,-0.00068961,0.0023087193,0.013416439,0.014538035,-0.0035409015,0.0010819023,-0.013194209,0.021509146,-0.031404022,0.00030021838,-0.045201056,0.02608404,0.027838854,-0.0015760167,0.016578604,-0.011492253,0.015293273,-0.0011693705,-0.005959332,0.039832786,0.029648202,0.015672028,0.015370745,0.0012903924,0.011829852,-0.0016855597,0.013126263,0.023336759,-0.012219113,0.0022473852,0.0072147627,-0.0049763867,0.0342001,-0.01080061,-0.025129428,0.020314833,-0.013835554,0.02795684,0.0051355353,-0.01143625,0.011807385,0.0060399296,0.005885319,-0.0090192845,-0.016126625,0.016731372,0.0021804133,0.000995648,0.013898468,0.034190554,0.025304966,0.013399168,0.0067342757,0.0010505536,-0.017893229,0.026667206,0.005567332,0.019799251,0.031014604,0.014266,0.02625761,-0.014416802,-0.0011381592,0.027041135,0.008702701,0.033117883,-0.017142579,3.733855e-05,0.0011174899,0.0008976412,-0.016325511,-0.012964933,-0.040103406,0.02861509,0.002427187,0.03033992,0.01865257,0.024874318,-0.0017629445,0.003265037,0.03728549,0.023702431,0.030148486,-0.04837939,0.031297706,0.034386866,0.016859904,-0.0069702473,0.025290683,0.017114894,0.034712184,0.029444426,0.0049079633,-0.0029658207,0.008897828,-0.0068229227,0.002614031,-0.02768344,0.02657717,0.0063812616,0.02911573,0.009084778,-0.03398476,0.058591723,0.07042203,0.047758523,-0.01331805,-0.02095324,0.03716436,0.034341987,0.055015482,-0.034296628,-0.04076042,0.008801304,0.008604429,0.008373366,0.016440023,0.01980754,0.0030422567,0.015657369,0.01969611,-0.045452863,0.021650335,-0.0104430355,0.017075753,-0.036431942,0.014343652,0.011972362,0.051273856,0.05864397,0.05641137,0.009233897,0.045243192,-0.02275915,-0.05326413,0.06519049,0.082699746,-0.015153858,0.010936183,0.019551005,-0.025482165,-0.007139227,0.0006370206,0.009172011,-0.038756207,3.9388673e-05,0.00016828724,0.0018033114
2016-11-30,0.02747691,0.029740632,0.0042660506,-0.0075507625,-0.02201076,0.0030184237,0.01115237,0.010471905,0.01567964,0.0047081513,-0.0019009173,-0.007128458,0.016355287,-0.031095704,0.00791323,-0.044091776,0.026255606,0.031135015,0.0064778025,0.021428825,-0.009813584,0.018986294,0.0030656497,-0.0038170393,0.034190588,0.024535697,0.01230993,0.013078369,0.0063624196,0.01003108,0.0029539834,0.016838968,0.019225575,-0.0085237995,-0.0007538605,0.01270504,-0.0030958692,0.035798986,-0.012031116,-0.022981256,0.018877262,-0.009700896,0.032397654,0.011345055,-0.0050677387,0.013312965,0.0067173867,0.008820751,-0.0055055507,-0.015286068,0.026959362,0.006234309,-0.0029760632,0.008469152,0.03878355,0.029651377,0.019189175,0.011041172,0.0044222693,-0.015137227,0.027493171,0.011056251,0.021242911,0.03147969,0.009484906,0.025704302,-0.010826508,-0.007933344,0.030652566,0.007939386,0.033161066,-0.016391568,0.0014560135,0.0006063002,0.0033558125,-0.01377983,-0.01241414,-0.036898874,0.025464863,0.006433107,0.027687533,0.016345233,0.0258099,-0.0041030203,0.00047177967,0.035316564,0.025864528,0.032301947,-0.036395986,0.028939828,0.038769674,0.015501555,-0.0028060437,0.03312095,0.01956412,0.028620958,0.023206135,0.002398477,-0.0053387326,0.0035391082,-0.010480559,0.0074780565,-0.023723587,0.025029687,0.004454028,0.025196044,0.00809094,-0.027143996,0.056454558,0.06587529,0.05082577,-0.017250286,-0.020447295,0.034038164,0.038790584,0.058045223,-0.03163669,-0.03351303,0.006477624,0.0040995367,0.013209897,0.019032594,0.022192039,0.0065804436,0.017433438,0.017039953,-0.04491172,0.024878146,-0.0015818105,0.017958244,-0.032346953,0.01915307,0.0087383175,0.04299671,0.06659031,0.0548925,0.008518896,0.037747588,-0.02828468,-0.050796904,0.06845035,0.07666238,-0.016656278,0.007977263,0.022774713,-0.023478307,-0.009896076,0.002652773,0.014021688,-0.038591225,0.0022392042,-0.00093719235,0.0009984068
2016-12-31,0.023923187,0.023879822,-0.0028751981,0.0025559987,-0.027778814,0.009016986,0.0235777,0.011800758,0.018081563,0.011032491,-0.01745255,-0.0094099725,0.0007719086,-0.038538586,0.015816497,-0.037975747,0.030091925,0.034128655,0.010903741,0.02245765,-0.01381687,0.025148906,0.011605655,0.00539775,0.032627683,0.021060789,-0.0009672931,-0.005266422,0.0019725796,0.010660928,0.007933143,0.022288801,0.011168264,-0.0029792748,0.009201084,0.012998539,-0.0041871252,0.037905056,-0.008126876,-0.012991818,0.024765674,-0.012839701,0.045364395,0.015599412,0.0059135645,0.016710954,0.01329768,0.01697336,0.0031658744,-0.02327717,0.03421367,0.012298046,-0.00962909,0.00010621442,0.046260133,0.030104704,0.012987533,0.003182657,0.00040193184,-0.00090987206,0.030526927,0.010201042,0.02375968,0.030859647,0.010887307,0.028241055,-0.01203424,0.0040009175,0.038028065,-0.0013539105,0.037586447,-0.0037840786,-0.0037146593,0.0022080275,0.008500069,-0.010967936,-0.006693679,-0.033951562,0.013157363,0.015552956,0.017482243,0.010048211,0.028867554,-0.010168404,-0.0041206325,0.04155801,0.03044193,0.037932195,-0.035493214,0.02829131,0.032452635,0.012003486,-0.0019645332,0.04351807,0.019327553,0.02335522,0.015885483,0.0066776737,-0.0044841175,0.009534659,0.0012626521,0.009065796,-0.017411971,0.0311317,0.010695066,0.03535607,0.0034712702,-0.026840484,0.05073665,0.063790604,0.03970012,-0.017097525,-0.0022163976,0.026435593,0.014745432,0.05830513,-0.0006757079,-0.033705574,0.01817656,0.027402094,0.014993772,0.021566343,0.03256605,0.0024331752,0.024988612,0.01889576,-0.034083586,0.027597576,-0.00016405221,0.029411454,-0.023892302,0.012187357,0.030433105,0.041084588,0.055172827,0.057225533,0.019039163,0.034283545,-0.026973814,-0.047755472,0.064367086,0.07425147,-0.015039308,0.0046076216,0.01788478,-0.0065790904,-0.009728633,0.005276559,0.015438009,-0.03963653,0.00518336,-0.00041329124,0.00063085125
2017-01-31,0.018526467,0.02121642,-0.010652858,0.011420844,-0.033767667,0.0038807786,0.033076227,0.0106545165,0.0039212103,0.018069107,-0.011458535,-0.009741495,0.0004628035,-0.042577166,0.02292672,-0.03754611,0.025799142,0.028364187,0.0070408266,0.01849126,-0.020422189,0.024276946,0.007786491,0.0036435593,0.026296277,0.016638758,0.0042865803,-0.003878595,-0.0033033649,0.0120483935,0.009970028,0.02946944,0.019784668,0.0017511242,0.016357766,0.018449288,-0.0048091128,0.036878556,-0.005586667,-0.0118899075,0.030372433,-0.00463462,0.055781048,0.015535577,0.018323954,0.013176776,0.016514247,0.016466528,0.006023512,-0.00658206,0.036954615,0.008948466,-0.014506425,-0.006400681,0.041538686,0.026384726,0.013131442,0.0041856025,-0.0034197764,0.0046380763,0.029345134,0.011448841,0.024962882,0.035629503,0.017147945,0.02202873,-0.010085221,0.010285992,0.033638537,7.452413e-05,0.03186121,-0.010699468,-0.008969349,0.0026598899,0.004171482,-0.011002477,-0.0028240555,-0.02394149,0.008728201,0.02472234,0.021962104,0.013461898,0.031500813,-0.0081098,-0.0030812607,0.034761075,0.025321327,0.029601987,-0.03046534,0.019846996,0.029016903,0.0071658865,-0.00032616893,0.048674732,0.02272197,0.0230034,0.014895884,0.012621007,0.0031496575,0.005823364,0.003559521,0.0078056194,-0.014382585,0.030192044,0.013998655,0.037832905,0.0013437608,-0.020813277,0.051343787,0.061398547,0.038278926,-0.026894879,-0.009424703,0.025262611,0.018277843,0.047534265,0.004764475,-0.044228666,0.013046392,0.02123107,0.014647654,0.016563222,0.026861738,0.002206302,0.024558602,0.017514575,-0.029063385,0.023609491,-0.0011437836,0.033424523,-0.026702581,0.01308864,0.022143852,0.04933449,0.05269283,0.05859004,0.020731965,0.037204612,-0.018173445,-0.057957813,0.064868964,0.08864725,-0.015349539,-4.6979443e-05,0.018668247,-0.005392773,0.00014123358,0.0023486873,0.020945437,-0.04250002,0.0021671008,0.0004031723,-0.00031238643
2017-02-28,0.02278226,0.014470995,-0.008077347,-0.0029499047,-0.032037158,-0.0054279445,0.023302391,0.007138776,-0.0029444632,0.007154181,-0.007739997,-0.0021084424,0.0044909595,-0.05023757,0.013762776,-0.043168392,0.0310248,0.024394883,0.0024726058,0.013192681,-0.016485184,0.023215408,-0.0064690243,-0.0087932395,0.03256938,0.026546411,0.006653718,-0.013908646,0.0009796697,0.0069008716,0.0059158537,0.019709677,0.023759047,-0.010183202,0.0049615465,0.02294509,-0.0029679183,0.03921787,-0.0010056649,-0.015969291,0.032831926,-0.0007345673,0.05356585,0.00833162,0.0081104245,0.014431739,0.014029111,0.008114505,-0.0012049853,0.00012280881,0.039930023,0.007850061,-0.0088326465,0.0017076178,0.032037105,0.020301858,0.015270269,0.0009299652,-0.0051069,-0.001981203,0.028201286,0.012512933,0.026963698,0.0359977,0.011827219,0.01805,-0.009201489,-0.005781192,0.030288523,0.009258303,0.026394403,-0.020630214,0.00018244753,-0.00046203166,0.0057713552,-0.01576092,-0.0038517688,-0.025680678,0.017675431,0.019531593,0.030558577,0.02690685,0.03761909,0.001291988,0.0039424645,0.029573081,0.027686456,0.02827925,-0.027546957,0.02469451,0.029370027,0.012817358,0.0017233073,0.04341644,0.020193147,0.028708123,0.025070872,0.016865943,0.008847796,0.0017081067,-0.0018509958,0.0049523627,-0.022868888,0.03240961,0.01337051,0.03445796,0.008311152,-0.021913676,0.06292567,0.06720027,0.054539245,-0.020832034,-0.0055543226,0.026925245,0.02133903,0.0501721,0.0033420639,-0.05309232,0.0112185925,0.029653579,0.014573193,0.022037609,0.02917271,-0.0011331266,0.024907535,0.015013521,-0.026879605,0.012372244,-0.0130316345,0.024777114,-0.0452989,0.025164919,0.02275005,0.04398156,0.068517834,0.061112307,0.005689868,0.045606628,-0.00074775214,-0.0663543,0.057218686,0.07387278,-0.016609319,0.0033080033,0.016023764,-0.007131823,0.0057261945,-0.0006610721,0.022837294,-0.03934023,-0.0011370945,-0.0020266275,-0.0037511245
2017-03-31,0.018542068,0.0074259383,-0.0006579814,-0.0049593933,-0.036444303,-0.010615131,0.020417077,0.0065506357,-0.0019001465,0.004083908,-0.0073466785,0.0028466762,0.0043670335,-0.05138285,0.009259498,-0.041316748,0.027809449,0.026976846,0.004949667,0.013439176,-0.008358136,0.02900209,-0.0070944596,-0.016019164,0.03148942,0.0270178,-0.0015005482,-0.009376199,0.007420839,0.0031186978,-0.0019569327,0.01698231,0.02057844,-0.007796579,0.0013478424,0.026716143,-0.0042632516,0.042163994,0.0027439173,-0.008785845,0.03784905,0.010203005,0.05208539,0.007623558,0.007761646,0.018639829,0.018275168,0.013038098,0.0023561767,0.0016904556,0.041885328,0.0020171532,-0.0070761875,0.004957526,0.031166475,0.01942946,0.015909627,0.0024929608,-0.0048867525,-0.00079140783,0.028752586,0.020919342,0.026096065,0.034242984,-0.0022916298,0.015993487,-0.0081364615,-0.006613157,0.03149347,0.01326379,0.022541672,-0.022819845,0.0024346986,-0.00024058143,-0.0002359549,-0.018500919,0.0049586385,-0.02374658,0.012190053,0.025032302,0.033581056,0.025829963,0.04311592,0.0030501515,0.0043259077,0.027138527,0.033681806,0.026800994,-0.023488991,0.018865798,0.02032211,0.012172651,0.0037316107,0.03835707,0.016689127,0.032642778,0.029313898,0.022502456,0.016613416,0.0019705903,0.0014468194,0.009145665,-0.029065248,0.03325756,0.015885836,0.03510381,0.011807577,-0.019244099,0.07028799,0.07576473,0.06184859,-0.017949836,-0.00056542753,0.02424571,0.021098008,0.04894546,0.0009982422,-0.05814417,0.011536596,0.03097514,0.013324539,0.020876717,0.023103908,-0.00230997,0.02234169,0.017145168,-0.023167027,0.009644434,-0.014121579,0.01949141,-0.04909904,0.027040757,0.016188713,0.04426982,0.06970661,0.050115786,0.0052844593,0.041080102,-0.008831484,-0.07042073,0.054085903,0.072943725,-0.019549048,0.0028045666,0.012543196,-0.011042115,0.0046787993,0.00296759,0.026329326,-0.034535285,0.0023996702,-0.00126682,-0.00011539167
2017-04-30,0.020710792,0.007586142,0.0029694105,0.0012369604,-0.02941538,-0.008708038,0.011359922,0.012580088,0.0022735319,-0.0018993558,-0.008272464,0.0033078042,0.0071349638,-0.046740446,0.0029440927,-0.03878583,0.031668413,0.034904137,0.012734717,0.018537937,-0.00586438,0.02331267,-0.0074669756,-0.018745458,0.034340348,0.030503778,-0.004173361,-0.007151034,0.010916068,0.00038727254,-0.004535943,0.01376002,0.019938955,-0.008987714,0.008400894,0.02368603,-0.0023029686,0.0488155,-0.0062017986,-0.009901819,0.038480114,0.007902775,0.04102991,0.010114349,-0.004809032,0.016223699,0.008629297,0.008835326,-0.0018736558,-0.00064324064,0.036441874,0.001377467,-0.0009111741,0.011787705,0.034826446,0.022559263,0.013313354,0.0009119364,-0.008521377,-0.012421456,0.02710565,0.020978147,0.024519764,0.033179484,-0.0049886745,0.017689833,-0.0051088277,0.0014003259,0.027387306,0.015547931,0.022113293,-0.022932425,0.005605261,0.00032202943,-0.00012532389,-0.011394108,0.003559573,-0.024418939,0.018353948,0.016624147,0.034126084,0.02937895,0.041673653,0.006234906,0.006108244,0.027296392,0.028310714,0.025270563,-0.024108263,0.025079835,0.023553241,0.016829982,0.0060201287,0.030260975,0.013993227,0.036241602,0.032703303,0.020323446,0.016284216,0.007312837,-0.00076491386,0.0110098915,-0.024082119,0.037192214,0.015812125,0.031777773,0.014845875,-0.018615184,0.07293754,0.072198816,0.062116634,-0.018821346,-0.006440961,0.022161542,0.025215315,0.052051347,0.008201338,-0.050714433,0.008253676,0.02522746,0.012136224,0.021553475,0.021750083,-0.0064500608,0.023544015,0.021345416,-0.03205241,0.0135549195,-0.008773381,0.015031224,-0.049509086,0.032043546,0.015085172,0.032959837,0.06172897,0.04276508,0.013440691,0.034917284,-0.022954786,-0.07117874,0.061808586,0.06282173,-0.023617925,0.004707927,0.013148347,-0.008876414,0.00041765877,0.0036513228,0.02457155,-0.028623136,0.0032937552,-0.0036471905,-0.0003571358
2017-05-31,0.022209123,0.0140901655,0.008669281,0.004924202,-0.024800582,-0.007011225,0.0077801645,0.017294541,0.008521305,-0.0044323113,-0.007031483,0.003529163,0.0022429086,-0.049344636,-0.00068880984,-0.02620089,0.035170652,0.042032022,0.016693715,0.023199398,-0.0074476786,0.015477805,-0.010165586,-0.023858635,0.03233241,0.026737094,0.0049028387,-0.01003558,0.013996159,0.00071652356,-0.0026076552,0.00790594,0.015593185,-0.021784531,0.01008331,0.022209425,0.0019899085,0.054272544,-0.018804163,-0.014845198,0.03289179,-0.0049883663,0.029407814,0.0075217737,-0.015240396,0.0092912465,-0.00819916,-0.006975483,-0.020118771,-0.0024093364,0.038139023,0.0071739675,-0.0009879934,0.013897616,0.03174714,0.023585225,0.011914918,0.0023272575,-0.008497561,-0.026774924,0.020799844,0.009214873,0.018706826,0.024563491,-0.0026050436,0.020833263,-0.003486998,0.0085250195,0.019048776,0.013368563,0.022301344,-0.019113,0.010220569,-0.00598997,0.0057798023,-0.0016595963,-0.0071591497,-0.02882248,0.026832944,0.002531731,0.031855464,0.037252873,0.033403452,0.015779572,0.01690088,0.027847352,0.025199607,0.029730048,-0.023368001,0.029325573,0.029903475,0.01554646,0.004739362,0.02623707,0.007022478,0.03376168,0.028026072,0.015640728,0.013456577,0.012134803,0.008383509,0.015044722,-0.020702142,0.03931199,0.00913918,0.025168853,0.011839898,-0.018025648,0.06056608,0.05948506,0.050193287,-0.022248637,-0.017098883,0.02691778,0.03548188,0.042689662,0.008046994,-0.041365955,0.0025504637,0.018943993,0.0041161953,0.012737627,0.01902964,-0.011551748,0.013130488,0.02421638,-0.041908324,0.016937045,-0.0055322726,0.017795991,-0.050393395,0.03832862,0.010330885,0.023371868,0.06395221,0.03588327,0.019626582,0.040931858,-0.029387727,-0.06946824,0.07296371,0.055432983,-0.023172364,0.0043045944,0.011885542,-0.010979402,-0.0014473691,-0.0034778612,0.024105303,-0.021712035,-0.0036307606,-0.006532365,-0.0061034057
2017-06-30,0.020771643,0.013502567,0.0103720855,0.005441662,-0.022236096,-0.00658661,0.0051801857,0.016470853,0.009737041,-0.0036200145,-0.0052619264,0.0035079808,0.006137948,-0.042982254,-0.0018434528,-0.03164629,0.035226036,0.043783747,0.020868361,0.026158476,-0.0067202477,0.015946366,-0.008614452,-0.022904914,0.033990443,0.026862489,0.0013439518,-0.013715643,0.014320295,-0.0017102315,-0.006147903,0.0073208944,0.0112076495,-0.01969784,0.011055994,0.023253571,-0.0018093552,0.052759964,-0.02097392,-0.012103869,0.032781728,-0.0031915337,0.025243467,0.006374771,-0.01668923,0.010077416,-0.008188641,-0.0046912273,-0.01908169,-0.0062670936,0.036480892,0.005279931,0.001295694,0.016225835,0.032743406,0.024194676,0.012363347,0.0027361724,-0.0070030633,-0.030610945,0.02408826,0.014900708,0.021885106,0.028169792,-0.0037849566,0.020038528,-0.003043924,0.01239851,0.020633744,0.014374802,0.021520525,-0.018173622,0.011147863,-0.0056830067,0.0033650598,-0.004238998,-0.010858585,-0.030570678,0.024642501,0.00030274957,0.030571744,0.03355844,0.033029053,0.015231677,0.015820982,0.026531704,0.024957364,0.02810694,-0.02227737,0.030389681,0.03051492,0.016739499,0.0049201017,0.024308426,0.005528363,0.03558601,0.028853435,0.012059112,0.008645202,0.011937951,0.009341705,0.013308665,-0.017555451,0.03820606,0.010424992,0.020364463,0.013492853,-0.01366622,0.0666203,0.0611561,0.053105153,-0.020338146,-0.015889186,0.026863797,0.043017253,0.04886355,0.0058514825,-0.035289235,-0.0025895827,0.016573781,0.0071821827,0.018476633,0.017711693,-0.0135141285,0.0152586475,0.024831008,-0.045251,0.017056873,-0.0025980931,0.0141193215,-0.049862053,0.040566523,0.0106932,0.023388684,0.06306783,0.033417776,0.02349648,0.038709924,-0.031055909,-0.064633824,0.07498343,0.04955344,-0.022963626,0.0069888537,0.013841594,-0.007678027,-0.0049009277,-0.0014544413,0.025374534,-0.016536582,-0.0015908382,-0.004750886,-0.0032671818
2017-07-31,0.026537374,0.0019865637,0.005225926,0.0108750975,-0.028126568,-0.01309113,0.0074778716,0.013748773,0.00716651,-0.006336807,-0.009933883,0.0016331961,0.0038370371,-0.04838427,-0.0044236453,-0.030621015,0.031892557,0.038686693,0.0125041725,0.008257697,-0.00093941356,0.01713382,-0.01472075,-0.033074163,0.026876343,0.02125723,0.00067642756,-0.0045149093,0.014565669,-0.010440086,-0.010093229,0.0052136974,0.0021696654,-0.019545007,0.014547334,0.024632145,0.001203995,0.042241637,-0.007653786,-0.004026852,0.037188996,0.0064945007,0.028849907,-0.00064375345,-0.00899037,0.00982001,-0.007996142,4.557371e-05,-0.0148077505,-0.01374109,0.03974272,-0.0018509134,-0.00511748,0.010492959,0.023577243,0.020827278,0.005579467,0.0022494316,-0.008105512,-0.027145976,0.03173628,0.011379691,0.023407243,0.029667225,-0.011349629,0.015902136,-0.0047890237,0.014608949,0.020358492,0.014182309,0.016605701,-0.026717564,0.014317625,-0.011705337,0.0013727925,-0.009481441,-0.0023068665,-0.0279709,0.013050347,0.008620766,0.030240525,0.033279918,0.036340553,0.012578019,0.015803186,0.024276044,0.031477533,0.024606904,-0.022257073,0.021192232,0.021079803,0.011037504,0.013607854,0.01862221,0.0008068727,0.028138185,0.026563516,0.013812958,0.012612644,0.011477337,0.0108242445,0.013001922,-0.020351693,0.03383103,0.010548793,0.027025284,0.011258065,-0.014353671,0.06683017,0.06681224,0.057397768,-0.01813246,-0.017585367,0.036020875,0.04229284,0.059241652,0.008767537,-0.051012784,-0.004195087,0.026038405,0.015398681,0.028050974,0.035250045,-0.009195771,0.023637107,0.024152143,-0.04257185,0.006863419,-0.01801624,0.010627678,-0.05638608,0.03297788,0.019928116,0.02253078,0.06520901,0.03862824,0.004830345,0.05060992,-0.019620135,-0.0771866,0.06407142,0.049127243,-0.021882895,0.0021493644,0.008708156,-0.013264557,-0.013435348,-0.00059509365,0.02574031,-0.01722497,-0.00079775124,0.004383474,-0.0025453123
2017-08-31,0.027962007,-0.00021248727,-0.0009965034,0.009778856,-0.030633906,-0.011302252,0.011787428,0.008431015,0.009041692,-0.002911487,-0.010847851,0.0064889477,0.0025141754,-0.04844411,-0.0010418654,-0.029073514,0.036281586,0.04102981,0.014605559,0.013057978,0.00067550736,0.01629529,-0.011384335,-0.029427752,0.023854733,0.018160192,-1.7371367e-05,-0.0035323924,0.016750107,-0.0088636475,-0.013031365,0.00763715,0.0046350625,-0.021186814,0.014008834,0.020781668,0.003980711,0.03968446,-0.0065957764,-0.0037485918,0.03378424,0.005380486,0.029433671,0.0022360282,-0.00677171,0.0078032142,-0.008409179,0.00017968487,-0.014919305,-0.012564556,0.03922916,-0.0011195436,-0.0068008723,0.007925343,0.029695459,0.02558665,0.009291219,0.0017057211,-0.008368345,-0.024751987,0.028576443,0.009841447,0.020549754,0.02668672,-0.01337371,0.02096367,-0.0038789217,0.013054437,0.023622204,0.013215294,0.02043025,-0.029232753,0.012293504,-0.009088159,0.0043907026,-0.014323706,-0.0045086504,-0.03104462,0.015432896,0.008441276,0.02819143,0.03546764,0.035372104,0.015674984,0.016887436,0.0278553,0.035424747,0.028535556,-0.021275995,0.02246057,0.025634764,0.00921189,0.016156718,0.018385002,-0.002697851,0.024542788,0.022054577,0.010632134,0.009100505,0.00615409,0.009555944,0.020219702,-0.018821752,0.026980145,0.0016356457,0.02137783,0.0080345,-0.01774656,0.07205223,0.068782926,0.06257922,-0.0132332705,-0.013353737,0.03804265,0.04554827,0.0666218,0.008800568,-0.048157074,-0.005169512,0.027290784,0.013743438,0.028149396,0.034823652,-0.0061872466,0.02025381,0.023192216,-0.039980605,0.0072359536,-0.016056154,0.013408993,-0.057139833,0.03499893,0.014713506,0.016418345,0.06255435,0.032273382,0.005784723,0.051474586,-0.02528224,-0.07661392,0.06429361,0.05002264,-0.025962416,0.0007129205,0.0100308405,-0.015356343,-0.013341583,0.0018880776,0.024126353,-0.022666724,0.0017604833,0.0035556704,0.00067656266
2017-09-30,0.027036196,0.00093352044,-0.0013799825,0.011002215,-0.022324832,-0.0132128345,0.009771746,0.008952938,0.00824416,0.0007081632,-0.011623914,0.009558485,0.0046176007,-0.04877927,0.0006455615,-0.025020787,0.032120384,0.038573276,0.013765906,0.012879416,0.00030782883,0.017920703,-0.009814415,-0.02665094,0.027126215,0.021963786,0.0058965506,0.0038149667,0.016244799,-0.009774839,-0.010327341,0.0056543685,0.009645733,-0.024924843,0.012847465,0.019576805,0.004860165,0.038799897,-0.010529312,-0.0053941165,0.034061395,0.005683653,0.032532115,0.005435732,-0.003876522,0.0071435133,-0.010658206,-0.0035442095,-0.019103147,-0.015391588,0.03871014,-0.0017764856,-0.0056434353,0.009928499,0.028721174,0.025310934,0.012974575,0.00409738,-0.003928155,-0.022744492,0.023964427,0.008099228,0.018453863,0.022733001,-0.009029265,0.020302271,-0.0047878018,0.015891775,0.025276119,0.011743838,0.018802796,-0.029363971,0.01342595,-0.009929126,0.0022456788,-0.0103003085,-0.008211631,-0.033014372,0.018079199,0.0074326834,0.02889195,0.032809168,0.03199293,0.014527168,0.011881774,0.02630818,0.035722207,0.026585098,-0.01876483,0.027908694,0.029710092,0.01363957,0.013744192,0.022694455,-0.00281093,0.02699607,0.02456336,0.010253016,0.008889328,0.0063426173,0.014361617,0.020620119,-0.015170138,0.025595203,0.003133855,0.023653798,0.0095656635,-0.016799377,0.07085917,0.07044798,0.05948976,-0.017474452,-0.015180285,0.035384513,0.042137183,0.069597736,0.0044026165,-0.04841308,-0.004031683,0.023987638,0.014887486,0.030980183,0.038572367,-0.004023476,0.017569486,0.021845529,-0.04054897,0.008686611,-0.013027762,0.012474458,-0.051380336,0.032011516,0.014273219,0.015892416,0.066090524,0.036691096,0.006550641,0.046696845,-0.026922861,-0.076325424,0.06264058,0.05181225,-0.024697332,0.00829363,0.01211927,-0.013444635,-0.014848708,0.00058449234,0.021867566,-0.019812722,0.0005166476,0.001740321,0.0012502008
2017-10-31,0.023994803,-0.00091245223,-0.0056523858,0.019644434,-0.022458907,-0.007175979,0.011677304,0.014457361,0.01523884,0.0022265934,-0.018461684,0.014820225,-0.0036757428,-0.052130837,-0.0010665071,-0.013932422,0.033905894,0.040699594,0.02155735,0.019918207,0.0028587903,0.01584483,-0.010024327,-0.028111374,0.030151226,0.020963082,-0.0033255497,0.010550089,0.016358068,-0.009836324,-0.007209923,0.005256333,0.0060053375,-0.019341178,0.020114921,0.020219265,-0.0024057257,0.046621267,-0.01646468,0.00080607104,0.033908006,-0.005252707,0.034639083,0.01291887,-0.004956297,0.007945246,-0.011656636,-0.0013039905,-0.01758302,-0.017395126,0.038099613,0.0003195464,-0.004907752,0.008042355,0.03207273,0.026669819,0.010204481,0.0065624295,-0.00506355,-0.017058719,0.01879223,0.0067219264,0.0135871265,0.018080834,-0.008154136,0.01936539,-0.011208379,0.026091969,0.029215397,0.008252896,0.021097533,-0.016143551,0.015362596,-0.011271054,0.0028616525,-0.010418266,-0.012008505,-0.035751063,0.017665537,0.0064387317,0.02541068,0.028867185,0.029318757,0.013651096,0.013786852,0.026210908,0.041347556,0.027962489,-0.02095882,0.02871157,0.026363514,0.009946155,0.010027117,0.023348976,-0.0017655772,0.023534419,0.018115886,0.010187276,0.003735548,0.01598217,0.019604586,0.023192748,-0.012113179,0.021179603,0.0018685475,0.018438198,0.004912039,-0.015040559,0.06836352,0.07191372,0.0558737,-0.009870922,-0.014263899,0.03370884,0.054381154,0.073908664,0.008379977,-0.041117232,-0.015214365,0.0072360123,0.012605908,0.030688878,0.03768574,-0.00041976917,0.014724782,0.027334116,-0.04784409,0.016923474,-0.003938521,0.019243678,-0.05021901,0.03813206,0.012646455,0.012430945,0.05853744,0.035714578,0.00989832,0.044946913,-0.036059275,-0.06754472,0.05249792,0.050400846,-0.028921803,0.0101462025,0.013342965,-0.0014167698,-0.015827151,-0.0010002092,0.022037078,-0.013545965,-0.0009996281,-0.0013799274,-6.196295e-06
2017-11-30,0.019220294,0.00085960043,-0.004934774,0.018643588,-0.018516663,-0.00496887,0.010260067,0.016652502,0.01789802,0.0050368193,-0.015975766,0.01669814,-0.0011915978,-0.04664159,0.0002482147,-0.015454907,0.03233936,0.042755477,0.022923686,0.020598192,-0.0022512737,0.0197789,-0.010017552,-0.025067111,0.03307207,0.023036784,-0.007815631,0.007103318,0.012118178,-0.010502879,-0.011405179,0.0044047954,0.004122167,-0.016494963,0.020403413,0.020357244,-0.0017264745,0.04249042,-0.01796031,0.00094043446,0.036370233,-0.0015780445,0.03641981,0.013544301,-0.002627323,0.012615501,-0.0077489773,0.0035284464,-0.013485238,-0.019101106,0.04035212,-0.0005310048,-0.0017504039,0.011038048,0.030337544,0.0228999,0.013015581,0.009093886,-0.0047956696,-0.0135816485,0.022015441,0.015350641,0.018713921,0.023133935,-0.010348613,0.019188207,-0.00798503,0.026887575,0.030957747,0.010935367,0.020869626,-0.01669122,0.0152192535,-0.008133038,0.0030839727,-0.006086725,-0.008435252,-0.03412836,0.016533151,0.011398558,0.028030094,0.028728005,0.031525396,0.015401107,0.0124561,0.026744755,0.038699977,0.027679592,-0.017501201,0.026955904,0.024356911,0.013494614,0.008561749,0.025606284,-0.0024485537,0.027528409,0.020785853,0.013398592,0.005103656,0.016139288,0.02190497,0.020266892,-0.013110142,0.020622196,0.0054770773,0.019022375,0.008339888,-0.009640008,0.065478794,0.0666245,0.051828515,-0.0072183535,-0.010764213,0.033222437,0.054736935,0.07997189,0.0072037396,-0.039847247,-0.014182048,0.0077234036,0.016768914,0.037631124,0.03564973,-0.0019637619,0.018656358,0.026317874,-0.04891855,0.016289547,-0.0026031188,0.01928021,-0.04972743,0.03934918,0.015207249,0.01129615,0.05440533,0.03514589,0.010948534,0.04089598,-0.03421534,-0.06405552,0.055201985,0.05000109,-0.02695893,0.012061507,0.013823253,-0.0010094711,-0.01584755,0.000880306,0.02179771,-0.0072161905,0.0009609094,-9.129937e-05,0.0030946976
2017-12-31,0.017615056,-0.0020246662,-0.0046067783,0.012573336,-0.019546561,-0.00628705,0.00902257,0.023615662,0.022870783,0.005976094,-0.007606887,0.02592959,0.0032308626,-0.03808935,-0.0005716302,-0.010989597,0.028126338,0.042405874,0.020085922,0.024286218,-0.0038451317,0.02874372,-0.011608496,-0.026158208,0.03613051,0.027546316,-0.00039823173,0.008845946,0.011134802,-0.010334813,-0.012164118,0.0044653453,6.1703606e-05,-0.013086006,0.014857558,0.024037316,-0.002047364,0.043994963,-0.029225415,0.0032639683,0.044526413,-0.0016287557,0.043632172,0.011192976,0.001715167,0.019598251,-0.00066399225,0.008400539,-0.008134616,-0.022042882,0.04620567,-0.0033956477,0.0021272814,0.015454546,0.02753586,0.022123687,0.013840758,0.009739083,-0.004943995,-0.0067620194,0.01665569,0.013840165,0.016103895,0.017656649,-0.013742103,0.017149543,-0.011168302,0.025916437,0.03366025,0.0138850445,0.015469239,-0.01897784,0.015616278,-0.0046732947,0.00046139897,-0.0023201131,-0.003073537,-0.0369371,0.013664408,0.019306427,0.034238655,0.022726169,0.034916665,0.012974399,0.011087656,0.024222687,0.041934278,0.025589298,-0.014966925,0.028593663,0.022852648,0.017823286,0.005952252,0.03133553,-0.0039893067,0.030189127,0.02090408,0.018436301,0.009694694,0.022485944,0.03367555,0.018653993,-0.009757935,0.014991229,0.0081240935,0.019562101,0.01209594,-0.0031499956,0.052347288,0.051088605,0.036859255,-0.006179792,-0.014394319,0.029173214,0.056568246,0.08421949,0.0028235882,-0.03386754,-0.020942267,0.0015329787,0.014499623,0.03694621,0.032238696,-0.0032881696,0.014406358,0.031663645,-0.051258076,0.023485035,0.002876445,0.026007902,-0.04120297,0.036790997,0.010594443,0.017579952,0.0660177,0.03687574,0.018956883,0.031553917,-0.031247132,-0.05531676,0.05802606,0.03915364,-0.025858914,0.014636875,0.014361896,0.0025029937,-0.01866975,-0.00254993,0.025242979,0.0003739844,-0.002605802,-0.0053928755,-0.001543873
2018-01-31,0.022688305,-0.0012734206,-0.00011655127,0.0046034125,-0.026319174,-0.0044529387,0.0083724,0.022243386,0.02603787,0.0031950423,-0.009862383,0.0052554808,0.0022406045,-0.030701805,0.0007592551,-0.020977505,0.036425512,0.043848578,0.02165041,0.030752491,-0.0025618915,0.030319287,-0.01418181,-0.02928792,0.03558546,0.027413437,-0.0041536503,0.00816072,0.016641011,-0.0031544836,-0.00812325,0.008568672,-0.0063533494,-0.014106568,0.0054142447,0.020157745,-0.0070857117,0.044918954,-0.029182618,0.0026748339,0.03897725,-0.004885686,0.04387082,0.014718112,-0.0001591556,0.02261321,0.002733337,0.009633232,-0.006734158,-0.022212347,0.049773782,-0.0026927667,0.003253405,0.016657272,0.024404226,0.015871707,0.001714359,0.006548347,-0.004425601,-0.007828828,0.018668056,0.009219717,0.017259814,0.021542044,-0.012743954,0.021400092,-0.013417452,0.016937347,0.036075972,0.013488116,0.01944442,-0.01827783,0.0093305195,-8.560154e-05,0.0044673644,-0.0042883093,-0.0036342882,-0.0397715,0.015396751,0.017425533,0.031123862,0.02707052,0.035567403,0.018076466,0.014024976,0.028778492,0.039233718,0.029071648,-0.023189994,0.03140809,0.024889166,0.017108968,0.0049174814,0.030205268,-0.0042586573,0.028027624,0.02035908,0.020349868,0.012835759,0.020729374,0.04036742,0.023864275,-0.00806621,0.015522982,0.0034658408,0.015496334,0.0145269055,-0.011731475,0.045466404,0.045142755,0.032725908,-0.00675241,-0.0056558787,0.020683542,0.04496554,0.07301821,0.0057168882,-0.024611147,-0.018740268,-0.007670667,0.012341553,0.03258369,0.032965284,-0.008396812,0.016269129,0.031564876,-0.051488657,0.02007227,0.005115513,0.027321598,-0.044637002,0.04342173,0.0067614447,0.0067295195,0.066077426,0.040194545,0.020433169,0.028003816,-0.04193225,-0.04843601,0.059889447,0.034726627,-0.027993191,0.0144660985,0.01341411,0.005256733,-0.015766645,-0.011385967,0.020577671,-0.003607801,-0.011370622,-0.0091523295,-0.009824566
2018-02-28,0.023576424,0.0018598036,-0.00041182348,0.006893012,-0.022322204,-0.0040289746,0.006421726,0.023813918,0.024470588,0.0027374176,-0.017048255,0.0067883176,0.000424317,-0.02725606,-0.0010805071,-0.02126668,0.03443408,0.03991201,0.020092031,0.030733464,-0.0010436466,0.027701203,-0.01425572,-0.027891388,0.03934105,0.029728804,-0.00464823,0.005699897,0.015983477,-0.006250655,-0.006282647,0.0076402393,-0.0037307874,-0.014476403,0.007106075,0.017638737,-0.009647376,0.044997808,-0.03232737,-0.0017504153,0.038417272,-0.0070338435,0.042149544,0.014273743,-0.0028236227,0.02005682,0.0009773992,0.0076205367,-0.008622459,-0.02193254,0.048300043,-0.0021565002,0.006662963,0.019474363,0.022381945,0.014630199,0.00071216223,0.00760162,-0.0027102248,-0.013940011,0.01844378,0.0048088403,0.016985368,0.020818148,-0.011515478,0.02153197,-0.012923163,0.018884592,0.034226514,0.014589032,0.02095665,-0.015587669,0.011200845,-0.0036534755,0.0060812035,-0.0011718256,-0.0032951334,-0.03720193,0.01943857,0.012079447,0.03442369,0.027082484,0.034899678,0.019679025,0.015319714,0.029740212,0.036853813,0.029939115,-0.021754602,0.033379674,0.028036855,0.022159241,0.005142206,0.030799333,-0.00036367335,0.03195649,0.023704613,0.019438308,0.010706469,0.021249486,0.03718356,0.024909366,-0.0067718225,0.014837424,0.006174367,0.017645149,0.018769495,-0.012449462,0.047974315,0.04503119,0.031894147,-0.0092887,-0.011890261,0.018496685,0.046084747,0.066677615,0.00013432105,-0.021893492,-0.019680506,-0.009555611,0.010152079,0.029455524,0.03110741,-0.009028756,0.015749048,0.031266235,-0.05360619,0.019787002,0.006382642,0.024948994,-0.0440258,0.045031115,0.007365576,0.0036068761,0.064648256,0.04479162,0.02042346,0.026335828,-0.0411594,-0.04617455,0.062270343,0.033580944,-0.026650554,0.014273801,0.014746721,0.0067296647,-0.014105316,-0.012455802,0.018358426,-0.004294726,-0.01252589,-0.008084991,-0.0113205565
2018-03-31,0.026599946,0.0006266857,-0.00091027125,0.008875688,-0.019688103,-0.0067337644,0.0033968235,0.023045354,0.022060025,0.0017748146,-0.015300568,0.0147219105,0.0017799743,-0.027754463,-0.004701885,-0.02243109,0.029995533,0.038186237,0.015614634,0.024936363,0.00091836264,0.027402455,-0.016548704,-0.027732402,0.042040866,0.033489134,-0.0024591675,0.0032705062,0.016214423,-0.011066288,-0.011170188,0.0020980537,-0.005774543,-0.013930744,0.010810043,0.015581636,-0.011267267,0.04219627,-0.030824536,0.0015852912,0.040220886,-0.0048518376,0.04049029,0.009371302,-0.003084526,0.019786034,0.00050514744,0.0071645663,-0.008315841,-0.022935841,0.04809736,-0.0033528637,0.010065294,0.021903588,0.020424452,0.015329432,0.0006984706,0.008062008,-0.0014775958,-0.012761693,0.01875286,0.00506276,0.016338024,0.020613967,-0.013299316,0.020490509,-0.013754173,0.021834705,0.031763345,0.016939215,0.017895961,-0.018579978,0.015720583,-0.006272256,0.0050371294,-0.0011785761,-0.004001841,-0.03918418,0.017650347,0.010627644,0.033704963,0.025421103,0.03300283,0.018910846,0.014853267,0.029586045,0.037153978,0.029529555,-0.018437719,0.034994718,0.028590009,0.0247582,0.0047265454,0.030320246,-0.0025574558,0.033554133,0.026250646,0.01977256,0.012100001,0.021098524,0.037910152,0.020476485,-0.0064259735,0.017084556,0.010496112,0.017168753,0.02147851,-0.007692531,0.05129423,0.04842557,0.036130752,-0.011070898,-0.013446122,0.020929279,0.046646215,0.061368108,-0.005086088,-0.023450553,-0.01958194,-0.008104241,0.012209052,0.030279776,0.031096932,-0.008006118,0.017865807,0.032324713,-0.04900961,0.018411357,0.0011285817,0.02084717,-0.045353215,0.04357549,0.004691719,0.005240186,0.061502527,0.041541938,0.022455726,0.028203322,-0.039009914,-0.047990683,0.059377268,0.031380396,-0.024122532,0.016198333,0.01638438,0.0064854184,-0.015724272,-0.011779605,0.015553364,-0.0008870722,-0.01182973,-0.0066970964,-0.009834886
2018-04-30,0.030344892,-0.0019619034,-0.0072000455,0.015367572,-0.015055878,-0.01158332,0.0053347694,0.021884406,0.019955045,0.007123313,-0.009506855,0.009449918,0.007923585,-0.012965314,-0.0011444656,-0.021133104,0.033107113,0.035904698,0.017836148,0.023754952,0.0034058325,0.023652107,-0.016803889,-0.025565542,0.04472888,0.032973927,0.0066339904,-0.0027325784,0.01517639,-0.006918594,-0.017461475,0.00047767695,0.0011826096,-0.014673651,0.019861178,0.011120328,-0.007974608,0.04060125,-0.028474191,-0.002681938,0.034283087,-0.009335119,0.036413703,0.011413958,-0.0014614578,0.017098462,-0.0032845202,0.0056561525,-0.011648021,-0.016424512,0.04215381,-0.004428496,0.008768632,0.020862456,0.027173206,0.021926498,-0.0020016783,0.0064218557,-4.2980642e-05,-0.0146311205,0.016759168,0.0037207808,0.014775569,0.019174749,-0.0088153705,0.017316163,-0.02062193,0.027031697,0.030393748,0.018790586,0.011699987,-0.016295414,0.019223288,-0.006465824,0.0017850599,-0.0037635744,-0.0075174104,-0.03677859,0.023476245,0.010682069,0.033761792,0.032430712,0.030546632,0.020519314,0.017281786,0.025129063,0.034458075,0.026006628,-0.020402348,0.03654558,0.034168668,0.02352847,0.011058901,0.028632214,-0.0025131868,0.03070872,0.02301074,0.013756172,0.00661445,0.022514295,0.038719118,0.02254196,-0.0107555995,0.015191648,0.0067517096,0.011727822,0.019996677,-0.00490831,0.05426553,0.04744926,0.037790347,-0.011712463,-0.013118853,0.019661257,0.047335077,0.059228767,-0.011482024,-0.01956088,-0.021831883,-0.009873673,0.011305405,0.03379352,0.032305345,-0.023428334,0.026908873,0.030914493,-0.044113893,0.007442486,-0.003314914,0.02210189,-0.050163276,0.043337468,0.01297878,-0.00035722385,0.059106067,0.03933529,0.019899936,0.027603563,-0.033081833,-0.045371324,0.055074036,0.030235255,-0.028899219,0.02061235,0.020544464,0.0095058065,-0.012594836,-0.011222034,0.010079835,-0.0032457444,-0.011435219,-0.009469045,-0.010572757
2018-05-31,0.037597258,-0.008904633,-0.011731931,0.017985923,-0.020693755,-0.010536598,0.009127991,0.018404717,0.026059316,0.007757644,-0.0062385197,0.020847008,0.015511157,-0.018049495,-0.0019367968,-0.013538258,0.041191824,0.033943046,0.025070267,0.031563457,0.0049680835,0.026980514,-0.012237886,-0.032030124,0.03826958,0.028439458,0.012552096,-0.006690943,0.019413793,-0.011223291,-0.014573498,0.0010942416,-0.0027712474,-0.016278692,0.021300875,0.010997834,-0.0028591207,0.047006816,-0.019478569,0.0044742804,0.03180228,-0.016395848,0.036433306,0.020226143,-0.0023614087,0.01948136,-0.0027296566,0.009158996,-0.008926719,-0.01640779,0.04316147,-0.0009026264,0.005474881,0.015990743,0.034207582,0.030398514,-0.0055918065,0.002658315,-8.092825e-05,-0.016744092,0.016914127,0.001633092,0.013568583,0.018343074,-0.0073751505,0.015567414,-0.02247562,0.028310519,0.035384074,0.013504092,0.011362699,-0.016468117,0.022237502,-0.0052865236,0.003112428,-0.0038303547,-0.012566054,-0.031200072,0.024719674,0.004628008,0.02257231,0.041907325,0.023843614,0.027061133,0.016192447,0.022402592,0.03942719,0.027024897,-0.018951692,0.038338665,0.03827277,0.018503105,0.018669443,0.030305978,-0.0042548603,0.021867858,0.01504326,0.010022202,-0.00022220152,0.022753524,0.03136346,0.021819036,-0.0044914726,0.020050991,0.0013308135,0.00091712637,0.016737128,-0.0011362358,0.053015582,0.0459676,0.037932638,-0.010056118,-0.013120782,0.022309674,0.04133771,0.046402257,-0.005523463,-0.012998244,-0.019236594,-0.0013434818,0.013564182,0.03363202,0.040658817,-0.020668715,0.03266464,0.030838741,-0.040208533,0.0002248956,0.002363089,0.02394047,-0.05571734,0.04152586,0.009346395,-0.006076364,0.058007173,0.038473096,0.008738218,0.0362153,-0.02161388,-0.041839052,0.05005631,0.042231925,-0.028978907,0.024979983,0.025700504,0.010349503,-0.008348744,-0.0076019615,0.009101493,-0.008491752,-0.007818463,-0.007258042,-0.010085971
2018-06-30,0.037244994,-0.0110106915,-0.012389016,0.018300341,-0.01928095,-0.010375926,0.008324163,0.017938375,0.024987102,0.0066089807,-0.00081314973,0.015472194,0.014282183,-0.017367825,-0.0023103678,-0.014059122,0.042264875,0.032276228,0.0251418,0.029120557,0.0060075973,0.02563845,-0.015083602,-0.03330561,0.03942647,0.029834315,0.013509172,-0.012534488,0.017845621,-0.009919005,-0.013944271,0.00061299547,-0.0028999173,-0.015747903,0.021900838,0.012472566,-0.0009967103,0.047718685,-0.016313795,0.004959902,0.032563172,-0.013892645,0.035960626,0.018577928,-0.0030988653,0.020566668,-0.0042526443,0.008176548,-0.008899208,-0.012745713,0.040939502,-0.0022673123,0.006249163,0.016458072,0.03225173,0.030642167,-0.0050601233,0.0008016529,0.00036731866,-0.016259773,0.017104307,0.0024744666,0.015175493,0.018171534,-0.005914877,0.018943325,-0.020848468,0.028375424,0.034344655,0.013833749,0.013596668,-0.017127749,0.021884099,-0.0045386003,0.0034183261,-0.004813857,-0.011642437,-0.031029899,0.0244318,0.0057164673,0.020794671,0.04235287,0.023087414,0.026230471,0.015051064,0.025208084,0.040116236,0.02929305,-0.018465007,0.039675742,0.037872996,0.018973619,0.020107388,0.028938273,-0.0056486633,0.023141552,0.017624766,0.011431186,0.0004487972,0.022258602,0.031611137,0.02073481,-0.0083310185,0.02457392,0.0029879324,0.0018963998,0.016812403,-0.003090397,0.059624407,0.049391072,0.041464496,-0.005948587,-0.013808441,0.024503672,0.042641837,0.04565793,-0.0007003352,-0.012589534,-0.016151618,0.004333852,0.011644704,0.03114211,0.03769451,-0.021455446,0.03041271,0.031576063,-0.041347757,-0.0027408274,-0.0003384506,0.022226969,-0.05653533,0.039975986,0.0142713655,-0.0065446123,0.05539519,0.02998434,0.0035613796,0.039467268,-0.021444567,-0.041558824,0.052237134,0.03852397,-0.02811961,0.024402518,0.02580472,0.012766688,-0.007854599,-0.008888335,0.009874404,-0.007677717,-0.009114637,-0.007852761,-0.010332453
2018-07-31,0.038776826,-0.004335177,-0.005360497,0.016179908,-0.016303683,-0.010442275,0.0069614784,0.020775018,0.022822602,0.005683695,0.015366441,0.016787285,0.02377965,-0.0048942617,-0.0027499436,-0.0064904434,0.042415068,0.032126665,0.023896888,0.031824306,0.0057061412,0.021359075,-0.0066928174,-0.029090485,0.03710136,0.02786319,0.023557616,-0.02864041,0.024291186,-0.0142179085,-0.011761701,0.0031201635,-0.005817368,-0.019611608,0.021571487,0.007978472,0.002175537,0.047776684,-0.018510137,0.002840481,0.028102435,-0.012814828,0.02933622,0.019974124,-0.0059136543,0.018802298,-0.007892739,0.006095322,-0.009293405,-0.0147709055,0.037381962,-0.005189203,0.014881733,0.026178861,0.034826294,0.03423504,-0.0039969394,0.0010891234,-0.0006295212,-0.015813243,0.016733399,-0.0024781183,0.014411619,0.018752148,-0.009985562,0.020708404,-0.015481816,0.03287943,0.029941026,0.013480248,0.013039381,-0.014055255,0.017726617,-0.008112578,-0.004183352,-0.0015755986,-0.012819789,-0.03185109,0.026052125,0.0037580421,0.023985684,0.041631225,0.027585024,0.028916145,0.01631876,0.021941626,0.037125733,0.028858589,-0.02662096,0.041359548,0.038182974,0.019645665,0.015323526,0.023349227,-0.0086920215,0.022390679,0.016990319,0.009149133,-0.00044873753,0.024781791,0.024557594,0.025939804,-0.008423255,0.020187471,-0.0002602143,-0.004484474,0.0214623,-0.0083497055,0.048893325,0.037448823,0.035457235,-0.012249412,-0.020725273,0.01577877,0.026282746,0.050950803,0.0011055735,-0.00826816,-0.021783395,-0.0059574363,0.011484208,0.033504162,0.043049637,-0.02401332,0.029846966,0.029535051,-0.04410432,0.0043077385,-0.003397553,0.024396019,-0.04733726,0.036486883,0.02049073,-0.0035023747,0.05202846,0.027629742,-0.0012462428,0.030807264,-0.01686984,-0.035657145,0.058075324,0.03838474,-0.023838619,0.027663922,0.029322034,0.0049777366,-0.015226704,-0.014406878,0.003559615,-0.0068305233,-0.0146916,-0.014171984,-0.014392881
2018-08-31,0.03524555,-0.002465913,-0.0019062744,0.016469514,-0.018244134,-0.010497487,0.0063201995,0.021007692,0.024690738,0.0058713974,0.010935051,0.013622267,0.019637177,-0.0108684115,-0.0027926092,-0.0072820634,0.04096149,0.03324253,0.024956705,0.03166392,0.0074442727,0.02428424,-0.010264174,-0.03211448,0.036665924,0.027132824,0.01755756,-0.032489255,0.021203246,-0.01398304,-0.013215955,0.0035135497,-0.009690072,-0.018591551,0.022000682,0.0111296885,-0.00090811925,0.05094763,-0.020401755,0.0011713206,0.028492559,-0.013300072,0.02748793,0.021059671,-0.0064526126,0.019371916,-0.0045078653,0.00829983,-0.0074333716,-0.01412172,0.036544207,-0.00608802,0.01496771,0.02575449,0.03086773,0.031725332,-0.00091016496,0.0044867927,0.00347261,-0.016869998,0.019878998,-0.001287047,0.017128736,0.021546181,-0.011163113,0.02162094,-0.015218443,0.033157907,0.032136865,0.010435316,0.01369583,-0.013137839,0.017909369,-0.006337947,-0.0035237567,-0.0018822196,-0.014374578,-0.034018498,0.025726642,0.00027844097,0.017463991,0.040120766,0.021766946,0.027953155,0.0155135635,0.023051424,0.037244607,0.028511057,-0.027146531,0.039185878,0.038665734,0.017573476,0.014934764,0.021126626,-0.007265906,0.022814112,0.017054047,0.009637703,-0.0017459638,0.026260056,0.025766268,0.026645862,-0.009800029,0.01348097,-0.0025526718,-0.005476838,0.01967721,-0.0100927185,0.04682746,0.037790656,0.036166113,-0.013615448,-0.022687556,0.01462366,0.027057903,0.057453606,-0.003572154,-0.009631498,-0.024744622,-0.0083475225,0.014375585,0.037027188,0.05010721,-0.021010963,0.032440178,0.030432584,-0.04381211,0.003131234,3.967259e-05,0.025235781,-0.048735317,0.039965574,0.02119167,-0.006936707,0.0512691,0.029590903,-0.0030382567,0.029181022,-0.012526309,-0.03365588,0.060666077,0.041423213,-0.020100106,0.026207328,0.027489953,0.0019764951,-0.014491085,-0.009761411,0.0068246974,-0.006745094,-0.010075047,-0.00948281,-0.009942639
2018-09-30,0.034789443,-0.0026620165,-0.0017549699,0.01612671,-0.01751796,-0.0112120975,0.0054422836,0.021433225,0.024175692,0.005526475,0.0126240635,0.0144749675,0.021608498,-0.007799053,-0.0031358171,-0.0074232924,0.040402904,0.03409063,0.025120134,0.030889701,0.0067413375,0.02473732,-0.009712884,-0.031762794,0.037388213,0.027975827,0.018569373,-0.03273716,0.021514323,-0.015145541,-0.014303724,0.0022837373,-0.01023296,-0.017516654,0.022075096,0.011505092,-0.0011561145,0.05082293,-0.020971445,0.0015419268,0.028386429,-0.012957013,0.026969468,0.02087174,-0.006249723,0.019597957,-0.003840406,0.008730488,-0.0067596985,-0.014897238,0.03532468,-0.006697447,0.015647162,0.026673397,0.031077016,0.032416914,-0.001492243,0.004391987,0.0034486484,-0.0169534,0.020595077,-0.0012030524,0.01828081,0.022911452,-0.010497311,0.020608304,-0.014713141,0.032799523,0.032212976,0.010931616,0.012261821,-0.013514389,0.01847662,-0.0069342097,-0.004268895,-0.001891302,-0.013641137,-0.033618648,0.024654983,0.000733164,0.017934978,0.0403209,0.02160496,0.02892974,0.015587536,0.022387486,0.036638122,0.027948322,-0.026128985,0.03979817,0.038930863,0.01877094,0.014019556,0.021020321,-0.0065213726,0.023029914,0.017485214,0.009661891,-0.001911578,0.02670578,0.025898924,0.025702527,-0.010586869,0.013790976,-0.001321047,-0.0059228344,0.021145474,-0.008676854,0.046051897,0.035474107,0.034872033,-0.013514329,-0.021585403,0.01383738,0.02595886,0.058340244,-0.0025360233,-0.0100610405,-0.023440247,-0.008313593,0.01557192,0.038301338,0.05076981,-0.021099562,0.033729002,0.030052094,-0.044774804,0.003721074,-0.0012061956,0.024641173,-0.048092965,0.039741743,0.021717168,-0.005800764,0.050794307,0.03020865,-0.0038428693,0.028816858,-0.012674565,-0.03330664,0.061207548,0.040528785,-0.019342165,0.027461996,0.028384233,0.0022575317,-0.015005847,-0.008978811,0.007211076,-0.0064985557,-0.009307924,-0.008272838,-0.00927603
2018-10-31,0.03337885,0.0038865337,0.0011892336,0.0121337995,-0.017179474,-0.010169491,0.0029916938,0.019039875,0.026657494,0.0034355482,0.015652563,0.017938117,0.025363522,-0.0044521345,-0.0043773125,-0.009051385,0.041182067,0.032051984,0.02833497,0.03604353,0.004561451,0.02859967,-0.009327448,-0.030998774,0.039620683,0.031042982,0.016032195,-0.035543416,0.02806392,-0.015254612,-0.014211549,0.0020338611,-0.00965771,-0.01672413,0.0171564,0.01517305,0.00094955385,0.05805412,-0.02716432,-0.0022960608,0.025861211,-0.015186949,0.024472212,0.021150645,-0.011308953,0.021473564,-0.00029282633,0.008539754,-0.0075417575,-0.016901,0.031936668,-0.0089990515,0.0168171,0.027979322,0.027973166,0.030679552,-0.0063084126,0.0037794323,0.0026956107,-0.021914635,0.016435476,5.815702e-05,0.016733937,0.018872976,-0.010480869,0.01831102,-0.013208586,0.027664369,0.03239737,0.012759927,0.00848237,-0.014769819,0.017287962,-0.0071358723,-0.0068268552,-0.0010141783,-0.015564737,-0.036418796,0.026961898,-0.004125675,0.019144835,0.036707748,0.02308196,0.028243188,0.011368107,0.020818409,0.033371598,0.027492393,-0.025145203,0.03984058,0.04238627,0.020552311,0.0120066255,0.02037663,-0.0060112653,0.025965147,0.020673418,0.010878064,-0.00027441263,0.021830475,0.026920414,0.025900627,-0.012370407,0.016627882,-0.004954537,-0.009953057,0.022125468,-0.013453155,0.03718963,0.02445557,0.03305706,-0.013206162,-0.01802316,0.009035919,0.023572858,0.054995257,0.0024670616,-0.0049141436,-0.023978727,-0.007524135,0.011024831,0.032674015,0.0442506,-0.024073696,0.03052758,0.028681656,-0.045167167,0.005090322,0.0071612047,0.02265435,-0.04689649,0.043170054,0.026859496,-0.018465163,0.052728787,0.031698685,-0.011287878,0.027692435,-0.015016457,-0.02842987,0.056128968,0.038850203,-0.015333746,0.02932149,0.031919707,-0.0015769617,-0.014585001,-0.0044904514,0.012312981,-0.010732372,-0.0047500073,-0.005899298,-0.0053560645
2018-11-30,0.035445742,0.0005434979,-0.0034190142,0.009529701,-0.02247478,-0.00924817,0.00750292,0.014809933,0.029178094,0.0047094114,0.013379383,0.0073022004,0.019261235,-0.016191978,-0.002826007,-0.010440939,0.04040071,0.03291259,0.028337646,0.03287561,0.006086805,0.023556083,-0.0073283594,-0.02805339,0.034828342,0.027255796,0.014801186,-0.034706134,0.025539106,-0.013246791,-0.014054305,0.004686886,-0.009261739,-0.01852951,0.013954155,0.013825424,-0.0005788539,0.058504194,-0.025532711,-0.0017934797,0.024575643,-0.015997384,0.023691336,0.019204412,-0.00930673,0.018313045,-0.0039051431,0.0075406847,-0.007589799,-0.020199632,0.033256758,-0.010021079,0.010815648,0.021998938,0.032983515,0.032044448,-0.0017704425,0.007177262,0.0026423857,-0.021162273,0.016374089,-0.001894955,0.015880307,0.019879755,-0.012039301,0.021663282,-0.014835327,0.025865508,0.03160331,0.008279857,0.009875619,-0.014432729,0.015517449,-0.008353267,-0.007080642,-0.0050774617,-0.017361423,-0.040817305,0.02446048,-0.0027145229,0.0174678,0.034110077,0.024152094,0.025462352,0.012479125,0.022028863,0.038542185,0.027817275,-0.028437076,0.037533965,0.04156199,0.015947724,0.011438902,0.019523192,-0.0049838834,0.020688944,0.015322103,0.008376289,-0.0042061065,0.019098228,0.023617618,0.027736783,-0.012045042,0.0105648525,-0.0071062013,-0.00673038,0.015889332,-0.017211502,0.045222767,0.03216841,0.0410533,-0.013710892,-0.012241119,0.011288436,0.025021696,0.061699532,0.0054079304,-0.009721108,-0.025223052,-0.005737286,0.010458114,0.031108404,0.04561192,-0.016851902,0.02517922,0.02953883,-0.048928495,0.00952648,0.0067268917,0.02421926,-0.044932682,0.04109838,0.024760101,-0.01223802,0.052126072,0.03353652,-0.01444037,0.028341753,-0.015165045,-0.03495026,0.062005874,0.04469857,-0.016975591,0.02707614,0.031256557,-0.002008675,-0.017640267,-0.006657339,0.011826378,-0.014576379,-0.006961908,-0.0071629197,-0.007723317
2018-12-31,0.029741045,0.002018768,0.0012020644,0.008134917,-0.025120012,-0.009597333,0.0068937438,0.016590701,0.031398628,0.0017252924,0.012019734,0.009205579,0.016236514,-0.014833205,-0.006475747,-0.012319035,0.037242986,0.036439944,0.029480921,0.024114702,0.004009359,0.024970222,-0.009544438,-0.022211675,0.031949457,0.024451125,0.0047704,-0.034409773,0.019251753,-0.010628491,-0.022696838,0.005947492,-0.016477367,-0.016903792,0.013572159,0.015821021,-0.0075557455,0.058409844,-0.026046697,-0.0022023818,0.026113806,-0.010508528,0.017805442,0.021951197,-0.007417753,0.018810144,-0.0019846351,0.007983869,-0.00670442,-0.02235176,0.03483699,-0.009133978,0.01339838,0.025371984,0.028592605,0.02910129,0.0022120883,0.008735145,0.0028577344,-0.016182438,0.01735084,0.0035402575,0.017049817,0.021843342,-0.014510931,0.022297587,-0.02035659,0.024094785,0.028892726,0.008940936,0.0048303995,-0.018606212,0.014073835,-0.0076110275,-0.010929333,-0.0005193942,-0.012057357,-0.04009416,0.021766743,0.0009940383,0.019033892,0.031187009,0.025419028,0.023239788,0.013601392,0.021865323,0.03742638,0.026712408,-0.033182696,0.031635992,0.039470777,0.014176082,0.008590054,0.017925823,-0.0032654407,0.020709021,0.016091097,0.012367347,-0.002599443,0.01833845,0.02566081,0.024232108,-0.016592301,0.011734624,-0.010956348,-0.01026749,0.017387364,-0.019171601,0.0474677,0.036978137,0.043503176,-0.020457797,-0.011588431,0.007911506,0.02026231,0.05830503,0.006771987,-0.01726884,-0.024500785,-0.007860598,0.01293837,0.03523346,0.045168802,-0.01705027,0.028689085,0.030063722,-0.05060196,0.011742964,0.00085513166,0.019849425,-0.04389246,0.040407024,0.025806874,-0.009518754,0.04979533,0.037458044,-0.018747058,0.024873251,-0.014394159,-0.042351015,0.064495064,0.04279977,-0.021211797,0.028631948,0.032285243,-0.002730967,-0.017470125,-0.0038448975,0.013099779,-0.015116718,-0.0044955034,-0.009179055,-0.004450177
2019-01-31,0.02852576,0.0017255747,0.0013256432,0.012186902,-0.02182733,-0.007385846,0.005299823,0.01658171,0.033934176,0.0036162764,0.013349538,0.013501739,0.016404202,-0.006659764,-0.005981298,-0.009573492,0.036133345,0.03591578,0.03076706,0.026721051,0.004754524,0.023171881,-0.008450891,-0.020859314,0.033609487,0.024938567,0.0077934475,-0.03471585,0.021505244,-0.011627083,-0.021382181,0.0042670416,-0.016333034,-0.01641252,0.017691646,0.014163848,-0.008049478,0.05997758,-0.029182954,-0.006153052,0.024676798,-0.010608963,0.014852144,0.023663372,-0.008383643,0.017451359,-0.004818096,0.007942977,-0.006027011,-0.021477548,0.035839163,-0.0062851324,0.014268452,0.025879463,0.029657358,0.030377176,0.00011537905,0.00844531,0.0043828906,-0.018330825,0.016205348,0.001621237,0.015795294,0.021224648,-0.015210271,0.024664477,-0.019380044,0.028726628,0.029502861,0.009731986,0.005420773,-0.017224798,0.016180094,-0.008803647,-0.008812118,0.0017806939,-0.014902594,-0.039411608,0.02442085,-0.0023555122,0.018732434,0.032218784,0.023737835,0.025699547,0.014629492,0.022546954,0.03751517,0.028587883,-0.029510101,0.034862656,0.041382402,0.016281685,0.0097289225,0.017697062,-0.004479129,0.021846121,0.015948514,0.010679705,-0.004530844,0.017759668,0.027485983,0.02566119,-0.012627601,0.008737782,-0.01022322,-0.013497662,0.018838523,-0.01590271,0.04279278,0.032336283,0.038631506,-0.023987634,-0.017093001,0.005108411,0.019443993,0.05906338,0.0012218731,-0.012301367,-0.028085615,-0.011222253,0.010626273,0.03367618,0.043584727,-0.020628953,0.027903885,0.028459236,-0.050654314,0.012521745,0.0036515791,0.0179784,-0.041397482,0.040965192,0.022829868,-0.01488585,0.050721306,0.03731881,-0.018972427,0.021367485,-0.015166058,-0.039195832,0.060643684,0.04281697,-0.0209461,0.029504469,0.0322798,0.00056185544,-0.016193947,-0.0035584478,0.011718756,-0.011266251,-0.0041414867,-0.009548575,-0.0043619024
2019-02-28,0.033107378,-0.0040326794,-8.017841e-05,0.007060208,-0.028314417,-0.011118975,0.009325825,0.01889437,0.029785508,0.0033881937,0.007016929,0.0014508723,0.013323532,-0.012886339,-0.0018578324,-0.017115781,0.038129434,0.035383716,0.025005013,0.025722085,0.0074337465,0.025805365,-0.013999033,-0.024405658,0.030100413,0.021678627,0.00012376677,-0.031432204,0.016896728,-0.011137581,-0.019756913,0.007380217,-0.012046022,-0.012699391,0.015660793,0.014333709,-0.008165329,0.058578584,-0.023381248,0.00083882303,0.024149526,-0.010191359,0.017110508,0.024337908,-0.0030897246,0.017333698,-8.73629e-05,0.010328933,-0.001939956,-0.020858455,0.036399085,-0.011180489,0.013512936,0.024988348,0.02992228,0.02806593,-0.004820684,-2.4785011e-05,-0.0018311961,-0.010809253,0.020884272,0.0031750873,0.018439824,0.024979496,-0.016539572,0.018571407,-0.018981375,0.023159938,0.03054939,0.010683929,0.0034389026,-0.01997185,0.013066288,-0.0062435246,-0.011506263,-0.0030181715,-0.013759543,-0.035779152,0.02004938,0.004623579,0.020565769,0.035175193,0.027786743,0.024546806,0.010969601,0.021710766,0.04198631,0.027232846,-0.03185894,0.029620938,0.038557954,0.012264376,0.00820879,0.019544085,-0.0045450106,0.018345764,0.014864021,0.006897486,-0.0056157005,0.020044519,0.02862472,0.021476068,-0.016952844,0.011685604,-0.0077647925,-0.0057014436,0.014420138,-0.01736418,0.05022533,0.040365204,0.046290636,-0.026099501,-0.0107060755,0.010820799,0.026012426,0.07357333,0.0009963302,-0.016044084,-0.020828106,-0.0045624813,0.009020575,0.03733014,0.04381564,-0.019638734,0.025286365,0.032109242,-0.04410234,0.007867461,-0.002560163,0.021375239,-0.049160156,0.03981543,0.031819686,0.0009407969,0.055522155,0.03569815,-0.022010937,0.0249942,-0.022364529,-0.048688047,0.06968116,0.04645038,-0.025637997,0.026331937,0.032186396,0.0030196458,-0.014033471,-0.0037869797,0.013791077,-0.013339684,-0.0044128723,-0.010768235,-0.004327702
2019-03-31,0.036196966,-0.0046453825,0.0024892867,0.0074214838,-0.031532947,-0.011664899,0.0073182974,0.016578082,0.030519994,0.00050079846,0.005603362,-0.0009055002,0.0117799975,-0.01876913,-0.0058575436,-0.016792964,0.037296683,0.03420449,0.023394508,0.023501813,0.007840269,0.027133815,-0.014055758,-0.025719322,0.028999617,0.0209378,-0.0025805691,-0.028758248,0.016478518,-0.009933956,-0.02094637,0.005815552,-0.011626739,-0.011295495,0.014984639,0.013918106,-0.008248334,0.056597214,-0.023146205,0.004240932,0.02528514,-0.007340233,0.013307485,0.022872416,-0.006616717,0.017389674,0.0022976429,0.009479306,-0.003497965,-0.021189114,0.03351677,-0.012822853,0.012867321,0.025119103,0.028451562,0.025035683,-0.002907207,0.001622107,-0.00083440344,-0.013269388,0.022181377,0.004057402,0.018677901,0.025696546,-0.017971782,0.018758714,-0.016827948,0.023029195,0.032106634,0.009843068,0.0030686625,-0.024470363,0.013591647,-0.0050918963,-0.0119872,-0.005080697,-0.013594888,-0.039045032,0.016976405,0.0023450772,0.020954855,0.03615891,0.029291723,0.024797957,0.011801768,0.023280647,0.044622228,0.028985023,-0.03606714,0.029794024,0.038646296,0.010543332,0.008235199,0.015093662,-0.0056199026,0.018259663,0.01400698,0.008976043,-0.0047778734,0.01762792,0.0330787,0.021257902,-0.019297205,0.0127895465,-0.009877123,-0.00806017,0.014394433,-0.017919593,0.052037284,0.043329135,0.047112573,-0.025402142,-0.009955296,0.010139611,0.025459306,0.071926355,0.0022910805,-0.02094014,-0.019408964,-0.002846996,0.006919376,0.036112916,0.04257269,-0.017759029,0.024636265,0.030644204,-0.04494563,0.007133382,-0.0029922198,0.018727431,-0.049304616,0.037075654,0.028973712,0.006162561,0.05429884,0.035519276,-0.020434001,0.023934068,-0.020377671,-0.050245162,0.068817526,0.046365682,-0.024349203,0.025148,0.03346543,0.0026247965,-0.010774457,-0.0033820665,0.012677165,-0.010522614,-0.0039691194,-0.009983381,-0.0037310463
2019-04-30,0.03678859,-0.0015352936,0.007983367,0.0039275554,-0.024268491,-0.010216539,0.00026792128,0.015786594,0.033145085,-0.0012688625,0.011354385,0.006277768,0.013219987,-0.017587077,-0.008318239,-0.012588363,0.030883513,0.03109684,0.01939158,0.023685321,0.0043711234,0.02861835,-0.009843296,-0.023628505,0.031344857,0.023092702,-0.0015049665,-0.027502479,0.019318014,-0.00853299,-0.02030601,0.003015137,-0.005703052,-0.01215243,0.010218108,0.015289121,-0.013894144,0.06269722,-0.031655416,0.0016412144,0.021383602,-0.008373428,0.0033632463,0.024150869,-0.010252451,0.018096948,0.0027028543,0.008890616,-0.003778629,-0.025905961,0.026905093,-0.009205689,0.013702484,0.025992576,0.030144716,0.025298862,-0.004718103,0.002492584,4.2751875e-05,-0.016206808,0.022553975,0.0054044225,0.0194702,0.025860623,-0.017487982,0.021416105,-0.014350227,0.01997238,0.032077085,0.013917641,0.0011286677,-0.024968563,0.013579343,-0.0022338447,-0.01029988,-0.0011655764,-0.015575854,-0.041661657,0.021537663,-0.0015012246,0.025491655,0.03853527,0.027671011,0.025695387,0.009980085,0.022052223,0.04099744,0.027203906,-0.03729225,0.033909872,0.04070078,0.016529044,0.0113657955,0.011112623,-0.0025263678,0.020067854,0.014787384,0.006939425,-0.008151564,0.016589036,0.03316866,0.02428354,-0.020201962,0.012122435,-0.011104203,-0.007955482,0.017665587,-0.023939649,0.048666187,0.035966188,0.043623265,-0.022484044,-0.009015695,0.009709505,0.02675142,0.07634504,-0.0033958887,-0.018704796,-0.018535433,-0.0035345627,0.006721407,0.038329225,0.04442367,-0.020980356,0.02666667,0.028645733,-0.044795312,0.01034983,0.00071010104,0.013701316,-0.044464525,0.030848617,0.033746142,-0.0038616587,0.0599776,0.035909887,-0.019323291,0.023734195,-0.026731871,-0.05074626,0.062989436,0.05092479,-0.021587435,0.02564348,0.030379307,0.006082389,-0.013694403,-0.0042347,0.012874737,-0.007639455,-0.0047605364,-0.013619067,-0.004438393
2019-05-31,0.036926147,0.0028049236,0.011235587,-0.00035265318,-0.03000412,-0.009817573,0.003996535,0.012454238,0.031537473,0.0031968497,0.010541266,0.007561909,0.0072445064,-0.018066296,-0.0041838163,-0.014012286,0.02780153,0.027022587,0.017201317,0.024240639,0.004422701,0.032975458,-0.009990261,-0.025582314,0.028890485,0.021077631,-0.0096466765,-0.02395242,0.021196904,-0.0068134647,-0.023004275,0.0065340246,-0.0058284993,-0.010934741,0.008153053,0.018474575,-0.01503533,0.059383884,-0.027696045,0.0025050892,0.02220326,-0.0053840177,0.0026480614,0.023591407,-0.0073859105,0.021098873,0.004857181,0.012156092,0.0006151114,-0.023989342,0.03164723,-0.008426068,0.012600379,0.026173355,0.02750207,0.026347121,-0.0030452101,-0.00044563858,-0.003263241,-0.013821129,0.023545645,0.007402906,0.022279697,0.027257781,-0.02000655,0.020540698,-0.013532523,0.016593555,0.033587273,0.009082987,-0.0012695467,-0.025268741,0.011643969,-0.00046139627,-0.011114008,0.003272169,-0.011937694,-0.035832487,0.018979637,0.0011207336,0.025097786,0.038528483,0.029411918,0.025796546,0.013025865,0.019673528,0.041061178,0.028542805,-0.036893357,0.031778608,0.041380446,0.017721867,0.010145167,0.014565604,-0.005555718,0.017883968,0.0119222645,0.0076394035,-0.007991306,0.011291233,0.028665952,0.02682331,-0.020617858,0.008477974,-0.01282924,-0.007943535,0.018671216,-0.025684932,0.04811599,0.03152423,0.042341094,-0.031171469,-0.00817785,0.0026973763,0.022615328,0.076960996,-0.00011346273,-0.022033889,-0.017034935,-0.003904431,0.007319445,0.0387262,0.046037216,-0.019998755,0.028217372,0.028053422,-0.043947745,0.007279544,-0.0020757404,0.012485499,-0.04511808,0.035845604,0.034406256,4.463239e-05,0.05782476,0.036392074,-0.0240235,0.018857542,-0.031738006,-0.054593448,0.068454914,0.04528841,-0.024992017,0.026154716,0.030104175,0.0017174861,-0.017096277,-0.0079444945,0.015495813,-0.009639913,-0.008461517,-0.015984474,-0.009138058
2019-06-30,0.0370397,0.004773195,0.0109375175,0.002741602,-0.03223822,-0.006022777,0.007899274,0.011369552,0.034893077,0.006172003,0.006214318,0.003365184,0.004552637,-0.01929388,-0.0009204397,-0.011764848,0.029054064,0.029037666,0.02078954,0.029393135,0.0037272698,0.031565856,-0.008133155,-0.02310661,0.025193464,0.01572879,-0.01093693,-0.017292377,0.02156459,-0.006628738,-0.021750027,0.009342469,-0.0069934223,-0.010237778,0.010621616,0.017120693,-0.014615186,0.06201901,-0.028676648,0.0020207658,0.019712292,-0.007791827,0.00378446,0.026847808,-0.006237015,0.02003376,0.0028293673,0.012069582,0.00041006686,-0.025443258,0.033646468,-0.00643461,0.010140664,0.022315068,0.034025535,0.031319812,-0.001489229,0.00017808459,-0.0026134062,-0.01302392,0.021022724,0.006309686,0.02033502,0.025740113,-0.02226238,0.022534825,-0.013010968,0.021218274,0.035486616,0.006698117,0.00359083,-0.021556318,0.010656879,-0.001581646,-0.010537223,0.0040305792,-0.014284592,-0.03619964,0.018628523,0.0013721526,0.02153936,0.036690034,0.02849222,0.023499306,0.012233388,0.022403825,0.04248839,0.03122627,-0.038636327,0.030632468,0.041339587,0.013805431,0.010608954,0.015266142,-0.0061418246,0.014911424,0.0069026765,0.0045185215,-0.011576751,0.0109462105,0.027509429,0.032602426,-0.016468396,0.0063776923,-0.014700345,-0.008438351,0.014988937,-0.025584918,0.047801934,0.030206615,0.040224098,-0.028821407,-0.00828095,0.004787129,0.024821833,0.08451331,-0.0063571096,-0.017630486,-0.018897284,-0.0036161928,0.0064677303,0.037687823,0.047266964,-0.017989635,0.024273165,0.027140945,-0.0446297,0.011157711,0.0021939445,0.01480455,-0.043998078,0.036824584,0.030292578,0.0005378149,0.060051017,0.038081426,-0.023460833,0.02026873,-0.033737592,-0.051786397,0.070511915,0.04639704,-0.025630228,0.024938496,0.029996393,0.00035700484,-0.01721098,-0.009397794,0.014817982,-0.010289091,-0.009866921,-0.01795806,-0.010337583
2019-07-31,0.03180158,0.006934282,0.014903491,-9.987219e-06,-0.031788424,-0.0044885203,0.006867322,0.014165498,0.035938486,0.003090595,0.0012048229,0.00043804513,-0.0011438025,-0.022691553,0.00019416692,-0.014714233,0.028016154,0.028012369,0.020999338,0.029752702,0.0029052156,0.034231238,-0.010343641,-0.019120216,0.028611239,0.017136205,-0.01589231,-0.017154181,0.01365467,-0.0056768027,-0.020975746,0.008156405,-0.007896471,-0.009512526,0.0076740305,0.021779548,-0.018039715,0.061460346,-0.028778506,0.0021529547,0.021185867,-0.009622005,0.004485607,0.026321912,-0.008602968,0.02256619,0.004785969,0.014918811,0.0014708857,-0.028131926,0.031692743,-0.0050877878,0.01013038,0.020434335,0.030849455,0.02642583,-0.003512007,0.0012030408,-0.0025755374,-0.014934873,0.020734232,0.005532802,0.01990635,0.026587652,-0.017901089,0.022369491,-0.015173744,0.016632488,0.03370296,0.0066360664,0.0049721203,-0.01869935,0.008380229,-0.00016311077,-0.009533223,0.003034887,-0.0143243205,-0.037071697,0.020772837,0.0014493013,0.02228153,0.039393503,0.02856236,0.027442882,0.014088296,0.023520732,0.039415535,0.02821061,-0.039103925,0.02751786,0.039933458,0.013176187,0.008172617,0.013299226,-0.0052598766,0.018212557,0.008988815,0.0096209,-0.008794324,0.014252779,0.029576285,0.027806561,-0.021913137,0.004897047,-0.016892765,-0.005486032,0.013798922,-0.029400842,0.049567476,0.03415385,0.03973392,-0.03024057,-0.006032514,0.0034701636,0.02009079,0.0926176,-0.0050266986,-0.020963091,-0.012991925,-0.0017706879,0.0065922365,0.042710766,0.051600594,-0.016459916,0.021782327,0.027112575,-0.044818692,0.011042201,0.0008782966,0.01597623,-0.040148433,0.030236553,0.02798776,0.000331664,0.060459767,0.038139742,-0.03266371,0.019184511,-0.03567343,-0.05578062,0.060742777,0.042606506,-0.02905523,0.023750655,0.029535837,0.0012713955,-0.01969453,-0.00994965,0.020831138,-0.0059058927,-0.010483111,-0.019167025,-0.010923963
2019-08-31,0.030463252,0.007751346,0.016148185,-0.0026374222,-0.03236468,-0.005336107,0.0060881944,0.016205108,0.03645572,0.0005107018,0.005880968,-0.00095842435,0.0024421604,-0.020835504,-0.0012497448,-0.016074589,0.025164539,0.027137589,0.020748815,0.026684372,0.003944603,0.032583702,-0.010033775,-0.019412734,0.0292851,0.019200336,-0.013508943,-0.020214522,0.014446502,-0.004276334,-0.020532068,0.006943688,-0.007923957,-0.0081094215,0.005944082,0.020731619,-0.018499864,0.05939632,-0.030604547,0.0042336197,0.021262247,-0.00907669,0.004385139,0.025984967,-0.0076904176,0.024442596,0.005355536,0.016835539,0.0037731817,-0.025319912,0.03422776,-0.005137568,0.012181487,0.022364013,0.030759623,0.027070327,-0.0025721362,0.002669741,0.00024129536,-0.014156124,0.022077365,0.006269098,0.021714108,0.028572233,-0.019795785,0.020868732,-0.015648348,0.012033259,0.034452394,0.00581795,0.0036208937,-0.019428452,0.011033916,0.0008623999,-0.008100419,0.006410211,-0.013489904,-0.035874035,0.018588787,0.002330267,0.022951024,0.036503054,0.029484322,0.02644083,0.01253891,0.022088543,0.03729487,0.027571239,-0.037965976,0.030164931,0.041935846,0.014988061,0.008546361,0.0150598185,-0.007376054,0.017817343,0.010507622,0.009697835,-0.008465265,0.015384952,0.028788403,0.0244445,-0.025676437,0.008178523,-0.016037244,-0.00713329,0.015778817,-0.026247948,0.04760718,0.030460594,0.03670248,-0.02914838,-0.005286426,0.0028725709,0.019720566,0.08771669,-0.000179193,-0.02481737,-0.010685926,0.00011826308,0.0077211605,0.042467494,0.04821081,-0.018161342,0.023033466,0.027878113,-0.043456,0.011939057,0.0006115889,0.0148738315,-0.04112657,0.031728037,0.026269047,0.0039103995,0.061672494,0.041362155,-0.0328491,0.01986712,-0.034160476,-0.057168413,0.05521436,0.03895275,-0.027997991,0.024625799,0.031171814,0.0021624407,-0.01945839,-0.011269734,0.020354629,-0.0025574306,-0.01180993,-0.020826785,-0.011289613
2019-09-30,0.028061295,0.011566644,0.016333867,-0.00011535727,-0.034027066,0.0007868309,0.009993873,0.014604324,0.040993534,0.0040483167,0.004943718,-0.006492599,0.001080062,-0.019920921,0.0031553756,-0.01657928,0.026533281,0.02939348,0.02468317,0.032452542,0.0011626554,0.03170115,-0.007341473,-0.0146729695,0.028333787,0.015705626,-0.013225636,-0.011276919,0.013120133,-0.0015749444,-0.018615503,0.010819282,-0.0082073435,-0.007082781,0.007537957,0.020493988,-0.018784093,0.059632633,-0.030733548,0.0019683177,0.019023232,-0.009872424,0.005991934,0.030189259,-0.007413577,0.024270298,0.004338619,0.017692294,0.0046953233,-0.026301157,0.03685284,-0.0010279295,0.009597703,0.018210048,0.036001794,0.029648729,-0.00093530805,0.004238517,0.00032767848,-0.0148281995,0.018954705,0.0044909944,0.018526595,0.026185207,-0.018746836,0.024787972,-0.016160833,0.015916292,0.03633001,0.0041522854,0.010098325,-0.014408376,0.00763438,0.0027495602,-0.0057404805,0.005941567,-0.01582708,-0.035072207,0.020383462,0.002348632,0.020567114,0.035984557,0.02863106,0.025285292,0.012634881,0.026067706,0.03598253,0.03080821,-0.03951198,0.029923376,0.042743605,0.013392686,0.009444545,0.01800686,-0.00763836,0.017508566,0.00763198,0.008869714,-0.010515009,0.014505541,0.027132604,0.028438643,-0.021667294,0.0055961725,-0.016911834,-0.006661214,0.0133592,-0.027471578,0.0472318,0.030574275,0.034265533,-0.027877066,-0.0042712865,0.005014835,0.023124753,0.089915894,-0.0066082124,-0.019478252,-0.011886168,-0.000569986,0.0049797944,0.03863212,0.046023425,-0.016908374,0.018665127,0.02535993,-0.043532755,0.01578074,0.005649419,0.016962491,-0.038697492,0.032880764,0.026908144,0.005014464,0.061689578,0.042041257,-0.029028276,0.020617828,-0.03660431,-0.05361203,0.05744431,0.04046873,-0.028984895,0.023082409,0.030515166,0.0020391557,-0.019364135,-0.011584515,0.020201363,-0.004058188,-0.012091524,-0.021431755,-0.011766417
2019-10-31,0.026743481,0.010169275,0.011543528,0.0035598036,-0.036672216,0.0021527028,0.016583323,0.0089177,0.042447932,0.009122103,-0.0017843931,-0.013574528,-0.0057018185,-0.028789219,0.008953657,-0.016349465,0.025944732,0.030104807,0.025210435,0.032441568,0.0016262506,0.027555736,-0.0050832285,-0.011218528,0.024663564,0.01232429,-0.01727453,-0.0038609281,0.010044328,-0.00023309125,-0.01752776,0.016295886,-0.010119495,-0.0048787356,0.009395377,0.021276,-0.019732568,0.05858887,-0.027571416,0.0035421157,0.015233764,-0.010841641,0.006009646,0.02978435,-0.004242661,0.02084995,0.0021315876,0.018888913,0.006407239,-0.02978619,0.0365925,0.00044690532,0.0028430612,0.011195189,0.038210835,0.031545945,0.006332913,0.006558903,0.0036491985,-0.013014524,0.016739327,0.0011017311,0.017738799,0.025879487,-0.019960245,0.02599253,-0.015404073,0.019526321,0.035783954,-0.0017302219,0.011911944,-0.013240698,0.0052615143,0.0020438079,-0.004960037,0.0028085716,-0.019398497,-0.03814281,0.018184116,0.0015089429,0.015849803,0.03173849,0.0268749,0.020747397,0.009364413,0.027114976,0.037206717,0.031064684,-0.04239555,0.028588219,0.043789152,0.008342916,0.009690218,0.018923774,-0.0074835983,0.012705986,0.0031090332,0.0040515154,-0.01611238,0.009947959,0.023529844,0.028924389,-0.017720845,5.1565028e-05,-0.022056459,-0.008377714,0.006387899,-0.03161312,0.05935721,0.044924356,0.04525609,-0.028219473,0.00036078104,0.0052755037,0.016106132,0.097394384,-0.008164617,-0.018753001,-0.011063347,-0.00095510035,0.0052910615,0.037037138,0.049377203,-0.0076495465,0.013453158,0.02158049,-0.042975247,0.01790593,0.008267127,0.017929155,-0.036636833,0.03116075,0.027908389,0.006791925,0.06195217,0.041737575,-0.03160497,0.0187856,-0.036154047,-0.050629094,0.06149611,0.04590143,-0.030130956,0.022366483,0.032059148,0.0033102953,-0.023454871,-0.010730459,0.021485243,-0.009140645,-0.011286038,-0.020683108,-0.012071373
2019-11-30,0.02576057,0.0069176825,0.015455184,0.003918248,-0.03474981,-0.0025034226,0.010591573,0.015812753,0.03769387,0.0023467562,0.00013230069,-0.0106201945,-0.0015567006,-0.020801552,0.0023125524,-0.019297887,0.02680392,0.03373391,0.025359258,0.02784795,0.005830862,0.03160835,-0.010990577,-0.017691545,0.02837629,0.017861594,-0.014395334,-0.006235314,0.008507685,-0.0011659025,-0.01856315,0.012566738,-0.009849798,-0.007951381,0.0115548065,0.0217352,-0.015463711,0.05758639,-0.03294523,0.008635704,0.02270556,-0.006888988,0.0061499174,0.025515,-0.0077918107,0.024091931,0.003947399,0.01829623,0.008228683,-0.0251207,0.035706893,-0.0036757695,0.012080046,0.020921944,0.034497064,0.029071689,0.0008728698,0.0063904705,0.0025785402,-0.0114197135,0.023325369,0.004332066,0.022405617,0.030191991,-0.022564255,0.019606916,-0.015735999,0.015785241,0.032709744,0.0055580507,0.0070264563,-0.013527983,0.0087568285,0.007279943,-0.007296328,0.0040437095,-0.015436519,-0.0325853,0.014880563,0.0036564851,0.020843772,0.030302562,0.027348457,0.02192473,0.0073910137,0.01940192,0.036072027,0.0248083,-0.03907409,0.025492765,0.036359496,0.008092388,0.006832848,0.013774682,-0.0070050573,0.01869589,0.010584135,0.010498696,-0.0061447085,0.016177146,0.030579807,0.02574885,-0.026058061,0.0059032636,-0.014789767,-0.0015623164,0.011468658,-0.02922622,0.055923093,0.043599203,0.0416547,-0.02958536,-0.0023938043,0.0063181254,0.018442351,0.08676386,-0.0014572962,-0.026617324,-0.008956029,0.0044832826,0.00918465,0.042099845,0.049026,-0.012788667,0.020975556,0.026940724,-0.042412676,0.01807576,0.002362516,0.014949299,-0.040029097,0.031010285,0.02541337,0.0029526665,0.06461419,0.039248664,-0.039652973,0.023684297,-0.030842073,-0.05949182,0.056143448,0.034076624,-0.030725878,0.022584172,0.028508222,0.003773881,-0.026337516,-0.008820861,0.019903537,-0.0021046991,-0.009295926,-0.017330041,-0.009895761
2019-12-31,0.026220055,0.0031664623,0.021952774,0.004017372,-0.033311415,-0.008046539,0.0042674723,0.016515974,0.031791136,-0.0023974222,0.0022781952,-0.009121904,-0.0052114893,-0.022803178,-0.0034073277,-0.019573204,0.024862403,0.028835364,0.02362783,0.023265643,0.008326899,0.032737445,-0.019091684,-0.027615173,0.028132956,0.019771699,-0.015251872,-0.009748769,0.008649237,-0.0052218856,-0.025106512,0.005236768,-0.0056150137,-0.00893432,0.011430798,0.018783182,-0.022087833,0.05940202,-0.032411307,0.013196205,0.026613036,-0.0065663923,0.0019017976,0.020881545,-0.008417169,0.023186479,0.005004365,0.016577661,0.0077714603,-0.022830263,0.034520164,-0.006934891,0.013379827,0.023083238,0.030117694,0.02471859,0.0029005753,0.009080711,0.006144576,-0.010325999,0.022592371,0.004746818,0.023381256,0.03108855,-0.029642558,0.015456792,-0.01495071,0.014842621,0.032442804,0.0057599363,0.0026567173,-0.012484489,0.015725108,0.004368788,-0.008053541,0.009154179,-0.013345373,-0.0304595,0.014487568,0.003942911,0.021604724,0.030220151,0.027392764,0.023205183,0.006033844,0.018429732,0.038867515,0.02034879,-0.039452817,0.024601769,0.03314834,0.008140759,0.005897411,0.009157363,-0.005438853,0.01890311,0.013332904,0.0057922797,-0.009240407,0.016960016,0.029158613,0.02476542,-0.031015087,0.00755231,-0.0128032025,-0.0007620206,0.013668731,-0.028546898,0.057277746,0.038895577,0.042604785,-0.034598954,-0.0057978136,0.00521643,0.019162208,0.07999647,-0.0057767723,-0.027910948,-0.013011396,0.006033647,0.010807496,0.039709203,0.045149673,-0.006652675,0.018730817,0.029782513,-0.04253054,0.013723927,-0.0043439204,0.009943675,-0.04472278,0.038235195,0.019387262,-0.0016443906,0.067652866,0.046176422,-0.045183264,0.026385572,-0.02020952,-0.05728617,0.05842541,0.03531395,-0.029603196,0.023516247,0.024588626,0.0025098808,-0.027871538,-0.003774804,0.014252421,0.0047567985,-0.004341158,-0.015299918,-0.004800638
2020-01-31,0.02503152,0.007732192,0.013279649,0.013320973,-0.029549522,-0.009751745,0.008614118,0.0037541206,0.03164857,0.0036609417,0.003749782,-0.018786011,-0.0072099688,-0.04011457,0.004270129,-0.019001503,0.025120744,0.033162348,0.021157319,0.01845414,0.0062611247,0.025521083,-0.011489634,-0.01635773,0.02931492,0.02202121,-0.010680899,-0.013352881,0.002785594,-0.0021754769,-0.01841571,0.013492485,-0.0073612453,-0.0055008265,0.015870739,0.017995138,-0.029859878,0.05862531,-0.026641568,0.011261757,0.023539143,0.0057894215,0.007836818,0.022533432,-0.00237888,0.018814819,0.0022365653,0.018485852,0.008143096,-0.02119199,0.027997347,-0.015682766,0.0062380303,0.017928163,0.028408049,0.027295385,-0.0010561899,0.0066989306,0.0059267324,-0.013416837,0.022116378,0.0022418464,0.024881726,0.025596479,-0.024865704,0.013392386,-0.010693699,0.030333625,0.023389025,0.0012102822,-0.0002505564,-0.01751318,0.008596199,0.014401335,-0.016918045,0.0047485833,-0.01377012,-0.032738604,0.021449462,0.005244177,0.02331134,0.027695037,0.024644643,0.018684004,0.0016529834,0.014545309,0.029788332,0.015483675,-0.037371863,0.025951277,0.03250466,0.010510736,-0.0020037934,0.017740116,-0.0041972636,0.0215908,0.01701571,0.009603035,-0.0024100111,0.005486646,0.025274862,0.018763425,-0.018261947,0.008309263,-0.014076367,0.004888902,0.012173972,-0.03879332,0.061865248,0.047430385,0.04002309,-0.03171893,3.1806234e-05,0.0027255174,0.023731606,0.08556432,0.012104461,-0.030737119,-0.0045124018,0.004742685,0.009005488,0.03310838,0.041975733,-0.0068399673,0.011816478,0.015799802,-0.043787017,0.024995929,-0.0074080946,0.006747898,-0.03948155,0.03540783,0.0107552465,-0.0070026866,0.07889645,0.044551708,-0.05845371,0.025417667,-0.024185508,-0.0659939,0.05586914,0.056318194,-0.031376775,0.031521935,0.031410757,0.008073105,-0.027246304,-0.007737953,0.013402464,-0.0035912134,-0.008641689,-0.018388668,-0.008564986
2020-02-29,0.02452575,0.0080187805,0.01740352,0.012679172,-0.026661094,-0.0076950225,0.005388421,0.0076351073,0.03551109,0.0024436633,0.0056694862,-0.023925913,-0.009286829,-0.03178694,0.00141386,-0.014956461,0.024661975,0.032985885,0.024041524,0.022406036,0.009182167,0.02359283,-0.014956921,-0.01677687,0.03095221,0.02206486,-0.0075133825,-0.011829281,0.0019012415,-0.0035419175,-0.019216724,0.009727747,-0.00906675,-0.0079549365,0.013706105,0.017971944,-0.030544246,0.058784083,-0.03116225,0.009560638,0.021923069,-0.00034571055,0.003836762,0.02201645,-0.0050888937,0.01830891,-0.001979317,0.017332314,0.0059041115,-0.02390274,0.03000561,-0.014445667,0.010048844,0.020759534,0.025821777,0.026500907,0.0009806011,0.009188367,0.008788168,-0.014149121,0.015362869,-0.0041313567,0.018859813,0.019628381,-0.024189465,0.014109352,-0.0117983995,0.032370932,0.02211577,-0.00025565448,0.0004140841,-0.012006121,0.012552139,0.012570503,-0.01512758,0.011254133,-0.016524164,-0.030841576,0.02490046,0.0016659464,0.021939272,0.027945537,0.02217472,0.022236533,0.0035360835,0.014956869,0.030308105,0.016393607,-0.035713583,0.027471377,0.033800136,0.01150185,-0.0036959783,0.016589575,-0.004217646,0.022630546,0.016279666,0.007850056,-0.004488053,0.009461131,0.027409326,0.020889727,-0.014890559,-0.0022274463,-0.015208908,0.0017466011,0.012594472,-0.036028333,0.060789745,0.04565696,0.037679303,-0.036586337,-0.0071967053,-0.004316333,0.022509275,0.08934207,-0.0036097895,-0.024217606,-0.011634651,-0.004463455,0.0059730164,0.029910594,0.04179357,-0.007448845,0.005994972,0.018467532,-0.0458064,0.024913939,-0.004439886,0.0066086273,-0.037603695,0.037800178,0.006939881,-0.0106584625,0.07980329,0.042194083,-0.060634818,0.016888674,-0.026444774,-0.061859943,0.057202283,0.050846614,-0.03180714,0.033039656,0.03193902,0.009752585,-0.027776998,-0.013735412,0.012292237,0.0020329515,-0.014565568,-0.025463052,-0.014064162
2020-03-31,0.028044969,0.0062894505,0.020061767,0.014931773,-0.017718492,-0.005969662,0.00019395893,0.0084345285,0.036949378,0.0017486479,0.009776416,-0.02285884,-0.009988198,-0.021302436,-0.0038011505,-0.016199559,0.021637442,0.035854876,0.02099269,0.021462122,0.013584531,0.021982023,-0.015579133,-0.015632572,0.03542042,0.026947632,-0.002979755,-0.015622407,0.00073842605,-0.008467966,-0.020355627,0.0037630259,-0.009392112,-0.014077468,0.015413116,0.0117585575,-0.036350384,0.061011657,-0.0320739,0.010043266,0.018248232,-0.002388913,-0.00020293353,0.021245541,-0.005860948,0.016289234,-0.007175542,0.010904084,0.0014920329,-0.033657588,0.026306443,-0.014611762,0.016927889,0.026580442,0.02040243,0.020870024,-0.0014684154,0.0077890684,0.0070202113,-0.019402087,0.016124714,-0.009966061,0.01748118,0.02159804,-0.026010482,0.013687695,-0.014464317,0.03117862,0.017460644,0.0022920507,-0.00020095415,-0.0043215984,0.018332379,0.007579137,-0.015861955,0.011074505,-0.021068864,-0.03203332,0.025636885,-0.0057796524,0.021433685,0.024778958,0.020063512,0.020971483,0.005792569,0.014460732,0.028964287,0.0125682615,-0.0358243,0.028693657,0.032263707,0.013705516,-0.0053129443,0.014178396,-0.004394878,0.023757698,0.018068887,0.0041975738,-0.006782883,0.00989966,0.023281237,0.018189756,-0.01434255,-0.0026442993,-0.014673444,-0.0016090553,0.0137851285,-0.03194718,0.06465662,0.049981426,0.042990256,-0.039877616,-0.006977054,-0.008593262,0.0211328,0.085115686,-0.0052009374,-0.023872003,-0.013222766,-0.0042046127,0.0042899153,0.028823053,0.040184245,-0.009935332,0.00930547,0.018468931,-0.04548576,0.025706206,-0.004274555,0.002012717,-0.035146687,0.03490953,0.012408309,-0.011075711,0.08245739,0.040822413,-0.06029703,0.01696427,-0.02420538,-0.064922355,0.058420148,0.04515962,-0.034238588,0.034736313,0.030913763,0.011137769,-0.028870977,-0.010492677,0.005756767,0.0064361664,-0.010932125,-0.020759618,-0.011631716
2020-04-30,0.02191473,0.008855729,0.021167332,0.02557705,-0.008320144,0.00045702557,0.0006324777,0.0057082954,0.039471596,0.0072666295,0.012549553,-0.017533971,-0.00888351,-0.01201299,7.4977135e-05,-0.014309013,0.020758161,0.03715709,0.025523582,0.027270032,0.012594299,0.019088164,-0.011368455,-0.007101939,0.03724074,0.026654119,-0.00024801152,-0.013005755,-0.0019260492,-0.010490142,-0.017957725,0.0022701318,-0.01172401,-0.007817467,0.025093548,0.010093356,-0.038503524,0.0587483,-0.031787198,0.009211175,0.016407663,-0.0026891835,0.00038434367,0.02556335,-0.0043988116,0.01470633,-0.008935658,0.014344613,0.0044531445,-0.03546982,0.025000116,-0.010798029,0.016950198,0.024544623,0.0247147,0.025856467,0.0057094796,0.01402774,0.014077326,-0.021005286,0.014386078,-0.013130687,0.016415812,0.021539547,-0.028534768,0.015337013,-0.014416324,0.045048073,0.01924369,0.00037450108,0.0033265897,0.002426044,0.022015247,0.0064800964,-0.0141230915,0.013397238,-0.025245141,-0.03180174,0.026401369,-0.007227028,0.018290311,0.02015565,0.014894399,0.018445496,0.0024049273,0.015259237,0.029139891,0.013182493,-0.030073363,0.030525215,0.032508302,0.0152234845,-0.0079291705,0.015426464,-0.0037746243,0.025450332,0.017529972,-0.0015981891,-0.012661103,0.0076469835,0.02134358,0.019312121,-0.007606601,-0.007031947,-0.013391181,-0.007155621,0.013703971,-0.023258654,0.06897179,0.050833922,0.04333815,-0.03854615,-0.0024990686,-0.011710182,0.013642193,0.09040082,-0.021076998,-0.018741565,-0.012867025,-0.0071797334,0.0057969624,0.02814123,0.04202268,-0.004629266,0.007107057,0.014673363,-0.04399877,0.02981913,0.0020788384,-0.0022385935,-0.028590057,0.031930648,0.0057844543,-0.012985869,0.07947669,0.045788262,-0.05904658,0.011230549,-0.027334249,-0.056838818,0.05715224,0.048074175,-0.033998054,0.036011577,0.031320658,0.017381836,-0.032877963,-0.0075733177,0.003962621,0.010582773,-0.0080066,-0.019721165,-0.009819104
2020-05-31,0.023442289,0.009722454,0.02082089,0.024076402,-0.007956713,-0.0014869272,0.00064506277,0.0035266678,0.036962107,0.007828182,0.013416612,-0.015549219,-0.005391153,-0.014372463,0.00054040464,-0.01904,0.019844227,0.036625873,0.022492794,0.024457414,0.010852606,0.020706149,-0.01069197,-0.0067101247,0.03761437,0.027511042,-0.0005158536,-0.014489746,-0.0031114575,-0.010319421,-0.018277112,0.0034156365,-0.011295186,-0.005764114,0.024176521,0.0131083615,-0.038967773,0.061145842,-0.030644946,0.010254776,0.01767253,0.0025784671,0.001803018,0.026225321,-0.0022033856,0.015808657,-0.0063177873,0.016626596,0.0059072226,-0.035574775,0.023655897,-0.013401715,0.016079698,0.024902705,0.02586302,0.02656997,0.0026634054,0.011464704,0.013079326,-0.021126185,0.018388262,-0.009545006,0.019809887,0.024546323,-0.027858127,0.013446758,-0.013337116,0.044034112,0.018619414,0.0012028398,0.0008921065,-0.00026224955,0.020561839,0.007866358,-0.01662771,0.011160144,-0.023435475,-0.032971445,0.026254395,-0.0046139406,0.020535495,0.020584684,0.016579008,0.017957725,0.0015252513,0.013357631,0.027215,0.01139849,-0.029840255,0.030312598,0.031918578,0.017039925,-0.00906529,0.015867865,-0.003440565,0.026962215,0.019918367,-0.0010861615,-0.011715797,0.004678582,0.020909501,0.016989456,-0.009904871,-0.002119277,-0.011827674,-0.0042337785,0.015535924,-0.023724327,0.06901498,0.04952891,0.042948935,-0.037270922,0.00052500505,-0.009473327,0.014232408,0.0939844,-0.013754553,-0.023576403,-0.00741325,-0.0030196656,0.008940432,0.031905238,0.043444775,-0.0051996643,0.011401476,0.01244769,-0.04451878,0.030359535,-0.0018835098,-0.0045400397,-0.030783812,0.032451127,0.0069890455,-0.012380953,0.07918261,0.048046436,-0.062517986,0.013707944,-0.025690047,-0.061513312,0.057160128,0.052939832,-0.034628894,0.036615442,0.032654792,0.016449977,-0.0325466,-0.006131177,0.006800926,0.008625113,-0.006634575,-0.018608445,-0.008583879
2020-06-30,0.0333176,0.00084813853,0.024132343,0.019898115,-0.0026745214,-0.012343992,-0.012272382,0.007565609,0.026677623,-0.0029963194,0.0144300135,-0.010500434,-0.0005149636,-0.010777019,-0.010136663,-0.022824218,0.017427089,0.03188053,0.015083672,0.016428454,0.016676227,0.016423598,-0.016209247,-0.0130559215,0.037013013,0.031081954,-0.0009353682,-0.025522139,-0.0016369668,-0.00990559,-0.021617759,-0.008102176,-0.010921463,-0.014124039,0.018198276,0.00887684,-0.0389975,0.06162811,-0.033974707,0.008909105,0.014707235,-0.002659619,-0.0116422735,0.018701226,-0.011304938,0.011062113,-0.0117011,0.0079411175,-0.0049017263,-0.037670083,0.0107568605,-0.021043127,0.02145279,0.03213438,0.022761025,0.022958664,0.0034697347,0.009040153,0.010218597,-0.024552863,0.020933732,-0.007838721,0.019901415,0.02507243,-0.025458558,0.004259116,-0.012942503,0.03719517,0.008439051,0.0051026214,-0.008117575,-0.0028757052,0.026658252,0.0043417844,-0.018789366,0.01282285,-0.022928389,-0.03268809,0.028542964,-0.011072018,0.020415597,0.022234378,0.014001224,0.01862574,0.00079844124,0.0056452835,0.026021801,0.0035878425,-0.03222335,0.029148739,0.026465511,0.017884398,-0.010895681,0.0033412843,-0.0046655186,0.02592162,0.02212605,-0.0062445723,-0.014012286,0.0094438875,0.018208606,0.007694572,-0.018594181,0.011950737,-0.007481638,-0.00016226033,0.017197195,-0.020606223,0.06325966,0.04082881,0.04442253,-0.036796845,0.00050460844,-0.004963631,0.015528213,0.075067826,0.0011115767,-0.032935847,2.1875152e-05,0.0024136738,0.010437851,0.034081742,0.04298352,-0.007242794,0.015283772,0.015969507,-0.045964066,0.02438283,-0.0074542183,-0.013418042,-0.036995117,0.034810398,0.004380923,-0.017630853,0.07264302,0.04520951,-0.0601141,0.02406007,-0.015896803,-0.06910335,0.058786683,0.044963196,-0.030253315,0.037143435,0.030611401,0.017705444,-0.03273478,-0.012382829,0.0061316555,0.014729601,-0.011639147,-0.024021195,-0.0141814705
2020-07-31,0.03406935,-0.006448411,0.017775297,0.02645048,-0.009457701,-0.013061231,-0.009542812,0.009980617,0.028586162,-0.0009071206,-0.0020590879,-0.008039545,-0.009163866,-0.017575763,-0.008722591,-0.006208078,0.017806094,0.03211135,0.013446057,0.014698706,0.028387573,0.0132683385,-0.018618187,-0.01816451,0.033042,0.030104365,-0.0014162477,-0.023218878,0.0056974078,-0.0081443535,-0.02494336,-0.009631021,-0.01314561,-0.014175104,0.023129452,-0.0022470348,-0.034534022,0.058719046,-0.03433022,0.008342192,0.011764011,-0.00961437,-0.009648473,0.01661556,-0.009739602,0.009124648,-0.015561633,0.0049327803,-0.0067060357,-0.046184894,0.009899513,-0.022972293,0.023705954,0.03526538,0.02508539,0.027890531,0.0011406181,0.007312124,0.0052671474,-0.02246552,0.004965513,-0.018777799,0.0047210907,0.010461655,-0.029805334,0.0056482335,-0.010205593,0.04221451,0.008269865,0.004330958,-0.0059013884,-0.0025945152,0.032613125,0.0008794352,-0.018571213,0.014812575,-0.02759499,-0.035955142,0.033554535,-0.017386524,0.014693649,0.021091059,0.009342618,0.014773555,0.003346374,0.0050157267,0.036425572,0.0073374733,-0.031356398,0.03264131,0.029845245,0.009695306,-0.009263739,9.780356e-05,-0.012616407,0.020975087,0.018364808,-0.008992373,-0.01678093,0.013758512,0.018220142,0.008138517,-0.0066120233,0.010465294,-0.012352872,-0.0015847547,0.013855405,-0.023245502,0.07196297,0.044959392,0.04894372,-0.033612512,-0.00019690464,-0.0016974006,0.01822086,0.07068012,0.006088166,-0.024413016,-0.00021404047,0.002178099,-0.004676614,0.020189526,0.029701086,-0.014833803,0.0023940783,0.025813386,-0.043730415,0.021395402,-0.012013263,-0.008634322,-0.039341304,0.03739566,0.0028988826,-0.017853823,0.0680206,0.046354502,-0.059753954,0.031230152,-0.029144937,-0.06764025,0.050670125,0.04527274,-0.02677958,0.034191906,0.028893564,0.019159185,-0.03232132,-0.019424004,-0.0011791053,0.014175314,-0.019362474,-0.029736262,-0.022233091
2020-08-31,0.028566206,-0.0045471285,0.018926868,0.014993103,-0.0026148965,-0.011122179,-0.01578385,0.019608397,0.026414845,-0.0047503747,0.0030474712,0.01154858,0.0011641912,-0.0052421326,-0.015584426,-0.0054144845,0.013992787,0.02956943,0.011504078,0.014970443,0.02814455,0.0113127185,-0.019237744,-0.011785878,0.035789862,0.033014353,0.008837997,-0.0050801556,-0.0005816922,-0.009307975,-0.022713115,-0.014053589,-0.009099478,-0.020237295,0.016707273,-0.0020932246,-0.032094155,0.049237233,-0.03430588,0.0061176205,0.009728643,-0.015029686,-0.01667881,0.016086116,-0.019325012,0.0060275877,-0.017942756,-0.001910716,-0.013165904,-0.04720958,0.0055143917,-0.021182057,0.033586923,0.044681802,0.02344461,0.025493028,0.0019532922,0.0051458566,0.006674876,-0.029337484,0.004844868,-0.020109463,0.002684666,0.007968528,-0.025511086,0.005511827,-0.0087952465,0.03559156,0.0034723359,0.016617836,-0.0057340013,-3.9902745e-05,0.03509795,7.166547e-05,-0.017867893,0.013633198,-0.027613636,-0.031248953,0.036526103,-0.025534865,0.016062206,0.022035863,0.011398955,0.015342509,0.009983748,0.0041506533,0.025132308,0.0049001668,-0.024651729,0.03477219,0.032021612,0.013924726,-0.006964851,-0.006611432,-0.010030429,0.025995672,0.021082472,-0.010613374,-0.018912744,0.02019928,0.01762153,0.0046615493,-0.0030506526,0.025160149,-0.008413492,-0.0006299625,0.018299498,-0.017469384,0.064920105,0.031106124,0.04143472,-0.023537405,0.016359508,0.00836833,0.012296998,0.06169889,0.0091928635,-0.020970818,0.015370029,0.01591293,0.0040023886,0.024793008,0.03652046,-0.013902722,0.01615065,0.02810662,-0.035201825,0.014941469,-0.0143286325,-0.010945316,-0.04337427,0.039834198,-0.0022701153,-0.026367886,0.06397211,0.03488513,-0.049881436,0.038880806,-0.03362296,-0.06403264,0.03522936,0.040433887,-0.024849359,0.03552785,0.027439537,0.020331662,-0.026720813,-0.02225133,0.003366571,0.019682018,-0.024607474,-0.029619068,-0.028952196
2020-09-30,0.031943444,-0.009139386,0.019019324,0.015757108,-0.020661175,-0.020511318,-0.013460433,0.035720956,0.026211075,-0.011902085,-0.0026635793,0.0068372586,-0.0223851,-0.03129874,-0.016104555,0.0029404706,0.01139419,0.029988242,0.008418266,0.01302797,0.029816717,0.008672879,-0.014846795,-0.0123483045,0.03152583,0.03369445,-0.0090334695,-0.017826091,0.0002747009,-0.016567804,-0.032077003,-0.0024724542,-0.0095288055,-0.023235496,0.01634398,0.00017546676,-0.027125329,0.039245997,-0.04665913,0.007991407,0.013627927,-0.016225472,-0.012683541,0.014696429,-0.019846242,0.009702262,-0.018311325,-0.0003803163,-0.014723869,-0.043262083,0.011617346,-0.032734476,0.039395902,0.050866704,0.021098424,0.023339914,0.0010746045,0.0060127107,0.008529321,-0.028784338,0.007208152,-0.020413037,0.005416097,0.007972495,-0.01826383,-0.002366428,-0.0075427857,0.031165933,-0.0026003644,0.016032098,-0.011052325,-0.0035743078,0.02473761,-0.00080772134,-0.030136611,0.004744419,-0.023998916,-0.0321222,0.030451162,-0.025843501,0.013730368,0.015223736,0.008722616,0.011078091,0.008916108,-0.0013326854,0.023000361,0.0001392815,-0.029117638,0.034961045,0.037458867,0.016880205,-0.010125871,-0.0014102911,-0.0017860597,0.023769611,0.021323884,0.005591604,-0.003469196,0.02859828,0.022845613,-7.5353855e-05,-0.0068664555,0.020915903,-0.017263277,0.0018927208,0.019881215,-0.03539725,0.041759007,0.01747042,0.025572626,-0.023586392,0.017366186,0.0028717367,0.018341409,0.06522067,0.0222437,-0.023342673,0.0110052945,0.013822711,-0.0018042837,0.021871014,0.042345088,-0.017676355,0.014598567,0.042385325,-0.029025646,0.014574128,-0.014793105,-0.00055931875,-0.034766372,0.028011726,-0.0067745475,-0.02839746,0.047902837,0.013545138,-0.059965212,0.03497386,-0.023192398,-0.06624731,0.029503876,0.037091732,-0.023824597,0.04468886,0.036506813,0.022927342,-0.028702637,-0.019118132,0.0029638256,0.014846712,-0.021468194,-0.025011715,-0.023349475
2020-10-31,0.029437857,-0.011436144,0.02067761,0.005538002,-0.020318298,-0.028516015,-0.019570496,0.036908142,0.026385697,-0.020755574,0.0073905108,0.005663751,-0.009573762,-0.01948123,-0.021681366,0.0051345206,0.012307189,0.02787761,0.012358432,0.015793348,0.022933213,0.008159669,-0.016633255,-0.017181173,0.023278981,0.026549442,-0.0051052296,-0.026416183,0.0037158795,-0.020461446,-0.04092755,-0.0023374355,-0.0022745277,-0.02224806,0.009825804,-0.004291955,-0.027307639,0.04104711,-0.050935302,0.010308858,0.018527912,-0.01405168,-0.012589736,0.018814161,-0.015241787,0.009190132,-0.01878978,-0.003270401,-0.012964631,-0.03252245,0.009757776,-0.035771273,0.0412062,0.05375605,0.014007247,0.016862137,-0.0075183483,0.0016817863,0.003619647,-0.027906563,0.01083908,-0.016361846,0.011293736,0.009474398,-0.017564889,-0.008865444,-0.006837312,0.019762974,-0.0082751475,0.022245374,-0.016399788,-0.007594463,0.021439493,-0.0036628302,-0.032546185,0.006526683,-0.017379738,-0.027154744,0.024009854,-0.01854857,0.020665018,0.022679823,0.012207266,0.017464349,0.015782006,-0.008103578,0.017561618,-0.0018729508,-0.026230475,0.028609617,0.032084394,0.016687889,-0.011093375,-0.0005467052,-0.0011306312,0.023888474,0.022122692,0.011802712,0.0037682187,0.030889468,0.022208132,-0.0018171449,-0.021081304,0.029838823,-0.012459496,0.005250124,0.024632493,-0.027796622,0.024760183,0.006230871,0.013793055,-0.025158843,0.0077590607,0.008279069,0.024894089,0.060822997,0.025965065,-0.02715931,0.014178571,0.022124141,-0.0038123252,0.021897005,0.03593748,-0.027834117,0.019146863,0.041807577,-0.02672726,0.016838055,-0.005405868,-0.00095141295,-0.029659415,0.028134635,-0.0072871232,-0.026602603,0.041224528,0.019523049,-0.06021423,0.035494853,-0.0339313,-0.0715752,0.038433287,0.03304629,-0.020784415,0.041414976,0.032995317,0.017842926,-0.026407676,-0.013954321,-0.0035176154,0.015654918,-0.015808845,-0.021252085,-0.019905254
2020-11-30,0.019583795,-0.024181074,0.0046284827,0.017165115,-0.023152636,-0.031907145,0.004231102,0.027054626,0.013195715,0.0008222226,-0.016012983,0.02915919,-0.030043071,-0.038996395,0.00057493296,0.008616272,0.017277913,0.033410206,0.021328973,0.014365299,0.02446277,0.004833672,0.00017871054,-0.005446266,0.0016299984,0.0056867665,-0.0059206346,-0.010824063,0.018709967,-0.025493996,-0.038129967,0.009378948,-0.011929011,-0.020962248,0.028299311,0.0011454747,-0.044081822,0.036068596,-0.054336518,0.03142916,0.019537942,-0.007188282,-0.0013436401,0.017568886,0.0058301413,0.00010742407,-0.019341106,-0.0049950536,-0.015275657,-0.026146302,-0.0027297076,-0.040237542,0.02371877,0.03752631,0.013762388,0.014093322,0.003064371,0.00021484314,0.005385739,-0.016311275,0.011317085,-0.023982028,0.026594495,0.018115066,-0.016329667,-0.016641779,-0.0077193347,0.02976065,-0.012379308,0.0032956905,-0.018956123,0.0034795902,0.0193292,-0.019340584,-0.03846479,0.016385311,-0.018670375,-0.027144447,0.003656656,-0.0049826615,0.024292514,0.016710222,0.013457012,0.010188129,0.005786901,-0.012221741,0.02629329,-0.0054618823,-0.032083523,0.019968567,0.030358171,-0.00838046,-0.0047483295,0.0012423001,-0.020590575,0.0037898733,-0.00043372982,0.005320485,-0.011093408,0.03316674,0.01569724,-0.009053706,-0.005257325,0.013470165,-0.018366672,0.0070174965,0.011602873,-0.015616483,0.039724983,0.019201599,0.017310629,-0.042499386,-0.012103774,-0.007028079,0.0045416364,0.060622953,0.018324535,-0.034222115,0.028304579,-0.002164605,0.0019512282,0.023202067,0.05546915,-0.013697379,0.029587276,0.043462504,-0.036402367,0.027974248,0.0038821003,0.010832746,-0.01957363,0.019684695,-0.012048916,-0.031329866,0.020975783,0.014756667,-0.061027657,0.02101171,-0.031831287,-0.080144696,0.050975658,0.06255644,-0.019268837,0.033217944,0.035818644,0.030318923,-0.038575377,-0.020239783,-0.0067798723,0.025708253,-0.0247461,-0.021219261,-0.038431652
2020-12-31,0.021662455,-0.029495958,0.0022791408,0.018095266,-0.0271862,-0.03380199,0.0038371421,0.024419442,0.010120249,-0.0033376457,-0.021306928,0.030157946,-0.031784467,-0.047995888,4.207492e-05,0.008422151,0.01505087,0.029024364,0.016773256,0.010227883,0.029567309,-0.001615584,-0.002058867,-0.00607155,-0.0024462063,0.003603425,-0.011608656,-0.004305936,0.013544106,-0.025871161,-0.03768269,0.011394539,-0.006763429,-0.021589518,0.028792635,-0.0029323793,-0.03993756,0.03431094,-0.05011804,0.028706254,0.017631551,-0.0059513855,-0.0019315344,0.016510177,0.0033981358,-0.0021618996,-0.024180507,-0.01017276,-0.019477876,-0.022465214,-0.005716856,-0.03974811,0.023462592,0.036717143,0.01635448,0.0151346605,0.008619761,-8.0671874e-05,0.0051952177,-0.016659345,0.012477791,-0.022593072,0.028283343,0.01944754,-0.023285463,-0.020961903,-0.006554254,0.02855078,-0.016766476,0.005928358,-0.0183374,0.0033585357,0.020921696,-0.02074234,-0.040263902,0.0085040815,-0.019324545,-0.025081214,0.0047377045,-0.0056819394,0.017680762,0.013099424,0.011844006,0.005312589,0.004043972,-0.015617323,0.029367622,-0.009752868,-0.030510861,0.015169765,0.0246402,-0.015389991,-0.0021268572,-0.0039539197,-0.020043168,0.0028861957,0.00033362693,0.0043946374,-0.011152468,0.029150859,0.008316566,-0.00817198,-0.00487483,0.020146549,-0.018093238,0.011554941,0.007369319,-0.01878137,0.05227562,0.028464034,0.033102386,-0.029693056,-0.002688784,0.0053855088,0.0068868273,0.06122176,0.024850745,-0.040418256,0.04024668,0.010204188,0.003120601,0.021046828,0.058930334,-0.01050537,0.02902704,0.04193662,-0.026548242,0.022636518,0.004927177,0.005796925,-0.020196779,0.017625123,-0.016154844,-0.028690027,0.0186215,0.008266742,-0.058503114,0.029439911,-0.029325854,-0.08268752,0.04274306,0.06681755,-0.02013622,0.027804464,0.033060618,0.028438406,-0.038825847,-0.016233077,-0.008136426,0.021717012,-0.020637283,-0.01632382,-0.03460707
2021-01-31,0.03437809,-0.035785846,-0.0030148223,0.036017284,-0.024171628,-0.03552429,0.004553258,0.019364905,0.008472277,-0.0041015055,-0.034430847,0.028739246,-0.03745035,-0.054088052,0.0017502953,0.019515036,0.017979436,0.020706194,0.0063473973,0.0055390378,0.038460195,-0.008647525,-0.00061350164,-0.003415896,-0.0021550825,0.0029022961,-0.0046721473,-0.0025293906,0.019244395,-0.02603909,-0.028753625,0.007490598,-0.012824686,-0.03499894,0.043747418,-0.008007351,-0.034568887,0.024049385,-0.037258282,0.025799142,0.006525129,-0.013725362,-0.0040743407,0.00021480687,-0.0028513668,-0.006234188,-0.030216437,-0.0154403895,-0.02686221,-0.027426291,-0.009056306,-0.035763375,0.016351962,0.028892662,0.010185612,0.009147428,0.0014019969,0.00855139,0.0055503114,-0.014721817,-0.003387844,-0.037626576,0.015620929,0.0048494814,-0.01609288,-0.016019793,-0.012860457,0.052036867,-0.015277949,-0.011523285,-0.014607397,0.0033245666,0.027068382,-0.01862094,-0.03721196,0.0063330694,-0.029104022,-0.027651638,0.014032839,-0.015579692,-0.0004480127,0.0058024423,-0.0037475359,-0.0056011677,-0.0030683982,-0.011882025,0.033069093,-0.0029246393,-0.03777405,0.020541742,0.024080902,-0.022174489,0.0021512646,-0.0112702735,-0.031715382,-0.009361924,-0.010356077,-0.009253431,-0.023029193,0.023679836,0.005745131,-0.010970112,0.009140209,0.016417481,-0.021115866,0.01045793,-0.0035552285,-0.020914048,0.06108236,0.04033791,0.036088154,-0.030720027,-0.00066526455,-0.005405011,-0.0107066585,0.0360196,0.018259775,-0.034796093,0.041801322,0.005805687,-0.010783241,0.0028305775,0.038451165,-0.018022813,0.013007974,0.0372241,-0.0134301465,0.011593804,-0.010644275,0.0014872776,-0.01537886,0.013131985,-0.0065794894,-0.02597347,0.014342149,-0.001548124,-0.047795963,0.028184965,-0.032847516,-0.077995226,0.04134401,0.06232333,-0.016993545,0.030621557,0.037311126,0.029323578,-0.03207178,-0.030090537,-0.015325024,0.016794814,-0.033686697,-0.026335733,-0.044457838
2021-02-28,0.03477259,-0.03707569,-0.0030765748,0.04008588,-0.027651118,-0.03372057,0.004125408,0.017921427,0.009639937,-0.005934234,-0.032422885,0.034175403,-0.031556632,-0.0540813,7.935693e-05,0.022308683,0.01967353,0.020090267,0.005452966,0.0040442618,0.039388053,-0.007762624,6.3403684e-05,-0.0014504829,-0.0014573655,0.004498473,0.0025131607,-0.0045038,0.021907143,-0.026917974,-0.029784033,0.0071110837,-0.0085985195,-0.032902043,0.047511883,-0.010823415,-0.026310137,0.024826618,-0.030348606,0.025536878,0.0069721392,-0.012703096,-0.0037985584,7.589025e-05,-0.005896708,-0.006117442,-0.028941011,-0.014030542,-0.02423801,-0.022509549,-0.0064411983,-0.036121193,0.019173583,0.032313634,0.011793351,0.010964566,0.0019226159,0.00703596,0.0038644066,-0.013267993,-0.00556377,-0.0382473,0.013925204,0.0042564333,-0.018756429,-0.01496124,-0.009974541,0.059805255,-0.011747315,-0.008546852,-0.012984486,0.0036892488,0.028449632,-0.018696595,-0.034832433,0.008150711,-0.030797886,-0.022594577,0.012231292,-0.017690532,0.00032018873,0.007214074,-0.002305864,-0.0040434753,-0.0042899405,-0.0101961335,0.035944864,0.0017378904,-0.040869016,0.019884156,0.022746086,-0.02292036,0.010385229,-0.010983583,-0.03353906,-0.009881578,-0.010509153,-0.007598495,-0.021405634,0.023370598,0.0065604285,-0.009387024,0.011114732,0.016554978,-0.022179168,0.010539158,-0.0023189443,-0.019637652,0.061052717,0.042032905,0.039294373,-0.02466329,0.0030842603,6.0409297e-05,-0.005298167,0.040952016,0.022506801,-0.034770433,0.04164168,0.011225273,-0.008699654,0.0048199594,0.039081275,-0.016007053,0.013026968,0.037907705,-0.008238399,0.0068965815,-0.012128842,7.130163e-05,-0.015263819,0.017249279,-0.004008702,-0.021950565,0.017628074,-0.0009091193,-0.050696217,0.033307943,-0.0349523,-0.08063128,0.04272019,0.06293212,-0.017868213,0.028909361,0.035956193,0.028460823,-0.028828714,-0.029864417,-0.016863737,0.018019602,-0.033362992,-0.028258799,-0.04327243
2021-03-31,0.026583886,-0.03452879,-0.0061669694,0.036607083,-0.03811848,-0.024111241,0.013693404,0.013053181,0.017530056,0.00270424,-0.03152784,0.02163572,-0.036528073,-0.0615051,0.0077907066,0.018658305,0.015612211,0.023769502,0.008453408,0.0056186155,0.038387194,-0.007169328,0.0011148916,0.00044313123,-0.0023379938,0.0028374835,-0.012024323,0.0055050254,0.01480225,-0.019866405,-0.027581155,0.017604642,-0.008620915,-0.02440814,0.043426197,-0.0063804896,-0.029134285,0.027810251,-0.03224526,0.023350032,0.0064483513,-0.015471246,0.0037535997,0.0062784296,-0.0003206308,-0.0047047264,-0.027599597,-0.007982067,-0.018067585,-0.032805484,0.0060744956,-0.028892485,0.013699694,0.02509667,0.017133906,0.016841639,0.006554633,0.00986715,0.0056527196,-0.008164964,0.0020049508,-0.030058954,0.023055084,0.014337522,-0.024988977,-0.005193984,-0.00665547,0.05856467,-0.0064201057,-0.01233895,-0.002523447,-0.0002530606,0.02480025,-0.009202653,-0.03003923,0.0055596787,-0.02994263,-0.030534703,0.012202188,-0.017517138,-0.0028968093,0.0046908204,0.0027965552,-0.0067914436,-0.004720346,-0.0022115808,0.039708953,0.007037361,-0.040971722,0.018834122,0.027395949,-0.02153435,0.0075198715,-0.0015403664,-0.025618229,-0.011006603,-0.0131010935,-0.0043522683,-0.018509911,0.015891792,0.0013471969,-0.0028375837,0.009151551,0.0131284995,-0.028594172,0.0021593506,-0.0069563594,-0.029224278,0.073490344,0.05667567,0.050244745,-0.022263058,0.014755075,-0.003447932,-0.018297302,0.04804755,0.02340883,-0.038538188,0.039362784,0.01944628,-0.0009540744,0.010399165,0.046786394,-0.005940597,0.013303424,0.0348537,-0.0077521973,0.015774284,-0.004707369,0.00831535,-0.009187302,0.018160373,-0.006209788,-0.01713833,0.025687119,-0.0014748386,-0.06508908,0.032195672,-0.036717627,-0.0794573,0.039264858,0.06610334,-0.021260226,0.02490242,0.033413585,0.026706543,-0.032737974,-0.025809541,-0.010578173,0.009170657,-0.028495006,-0.026876848,-0.03922002
2021-04-30,-0.00054112886,-0.010104831,-0.012906944,0.01609104,-0.050966654,-0.007993633,0.036516353,0.013374339,0.024746172,0.021793569,-0.009835253,0.038136173,-0.02008905,-0.0536394,0.024478106,-0.017541133,0.016550805,0.03136523,0.018925773,0.017915124,0.014751343,0.017035378,0.0084356405,0.0029392373,0.0073507275,0.0058332025,-0.023650557,0.0060284636,0.015537997,-0.007256438,-0.020970028,0.041379258,0.007380471,0.002102521,0.02814403,0.019189503,-0.014682366,0.028183727,-0.021197721,0.021260265,0.03143194,0.013615881,0.038129076,0.028509254,0.024638021,0.017558236,0.0013210082,0.023149949,0.016490426,-0.0036060277,0.042014945,-0.018043237,0.014236203,0.020988684,0.022209305,0.023871776,0.019183582,0.017931823,0.014506407,0.010779394,0.034051172,0.006839994,0.05060615,0.04426058,-0.026642734,0.0045733205,-0.003942745,0.037635688,0.012273986,0.0011381208,0.0023200582,-0.0027598266,0.0054795602,0.011778745,-0.022317478,0.0012836863,-0.0031634215,-0.01955213,9.7001735e-05,0.016089229,0.02300708,0.014862751,0.03212023,0.007263894,0.006680295,0.005494912,0.03031761,0.015445446,-0.020733068,0.008686171,0.029491538,0.00044641047,0.017271673,0.03551524,-0.0032723579,0.010680069,0.0051901317,0.023333285,0.0071829865,0.009202393,-0.0022225215,0.011788583,0.0051972433,0.023368299,-0.017968535,0.008376626,0.009776797,-0.028073858,0.06523442,0.06617965,0.042474143,-0.017856095,0.016366035,-0.01901317,-0.013966024,0.05944421,-0.00041210218,-0.030406447,0.0028389322,-0.001664186,0.030443184,0.04217767,0.06435961,0.0059126294,0.0421415,0.029821686,-0.009939832,0.018399127,0.0092682475,0.03176504,-0.012022591,0.026524052,-0.0014493344,-0.010146111,0.042436372,0.0014118974,-0.06359011,0.009066154,-0.031760953,-0.06200268,0.036016744,0.06611393,-0.029366001,0.011758837,0.028270416,0.0042298073,-0.024022292,0.00071381754,0.014280297,-0.008171321,-0.0017629189,-0.004677005,-0.011312013
2021-05-31,7.434517e-05,-0.012472406,0.003794227,-0.006739682,-0.049095012,-0.013752827,0.032637414,0.01250138,0.01689977,0.012152725,-0.0056829294,0.042412158,-0.015547489,-0.040935162,0.018502913,-0.031067252,0.010888061,0.018145237,0.0048304247,0.0033353576,0.011341773,0.018883737,-0.00021127773,-0.01337596,0.010002392,0.011157329,-0.04624925,0.0008439676,0.01683163,0.0065111606,-0.017097423,0.033990085,0.0051972154,-0.0019874775,0.01223899,0.03672404,-0.019541182,0.032255363,-0.018759405,0.02452027,0.033700038,0.020139145,0.028845035,0.009117992,0.013868985,0.018314712,0.004411775,0.019901413,0.016750205,0.0032816045,0.041887127,-0.019390754,0.018377565,0.025112469,0.014440274,0.018062623,0.020262912,0.018455109,0.011935299,-0.002587576,0.049533453,0.031144623,0.06860472,0.066049136,-0.03320092,-0.009623269,-0.009922901,0.010537621,0.006096631,0.01465978,-0.01151272,-0.008959838,0.0058301077,0.019839196,-0.01626291,0.0085982075,0.0017543179,-0.022214673,-0.019884067,0.020429319,0.027848186,0.013930062,0.03508346,0.009333274,0.007984136,-0.007545765,0.026935909,0.009022591,-0.012007387,0.0020605833,0.04112113,0.014621912,0.015135629,0.03313489,0.0015503261,0.015169139,0.011265617,0.015514872,0.0031469436,0.0040276996,0.0018887514,0.008607141,-0.021545388,0.033677083,-0.010766156,0.0076661287,0.01689103,-0.0172395,0.06345452,0.041947376,0.043765508,-0.011717116,0.012320216,-0.010190266,0.0008798258,0.048601188,-0.010408593,-0.043248136,-0.0037498667,0.0005710937,0.049118,0.06504498,0.06372978,0.0192072,0.052821178,0.028574545,-0.019904522,0.0062652347,-0.0011121581,0.021783356,-0.026931334,0.032074563,0.0037281476,-0.0077193226,0.03370139,-0.00034403856,-0.053132884,0.0057212287,-0.01081174,-0.065041885,0.039875645,0.046653546,-0.025960319,0.004007689,0.028210323,-0.0019029973,-0.019276226,0.016023047,0.02649614,0.0024986686,0.013876464,0.008781317,0.0014080078
2021-06-30,-0.011294651,-0.00043488902,-0.009488597,0.000983883,-0.048851978,0.0048654466,0.045421753,0.0028604416,0.02805301,0.02731028,-0.010321882,0.032836553,-0.019459464,-0.041795935,0.032389324,-0.032880776,0.015135957,0.025327064,0.017014202,0.016352013,0.0024672493,0.02174977,0.00704531,-0.0063962047,0.010245201,0.008007555,-0.04383436,0.008217891,0.015384336,0.0042221067,-0.0054902444,0.04476513,0.0017356167,0.009029784,0.016715553,0.03224907,-0.01876145,0.030693615,-0.016308516,0.014726753,0.029242748,0.022096466,0.040129412,0.022179127,0.02398978,0.02307171,0.0106614055,0.029730296,0.022082666,0.004778804,0.0499215,-0.011054566,0.0056431056,0.008284768,0.023147855,0.024578512,0.020582404,0.015180252,0.0090524815,0.0025035762,0.041250687,0.029177263,0.057426505,0.05391998,-0.029349327,0.005861074,-0.008832614,0.012311812,0.015865125,0.012720407,0.003199893,-0.00938418,-0.0027367242,0.022874534,-0.011450361,0.0022623923,0.00071351137,-0.023315253,-0.013693214,0.019541262,0.025617018,0.014506425,0.035402786,0.011419221,0.010621701,0.0069354004,0.025537712,0.020847151,-0.005102572,0.0032539729,0.040043138,0.012217403,0.010734925,0.043937135,0.0027020252,0.010964873,0.0059373355,0.020404046,0.0026280794,-0.0040269787,0.0014997118,0.016498802,-0.005961166,0.030874737,-0.018616736,-0.00031171492,0.009856667,-0.020008137,0.061517473,0.04948107,0.041616708,-0.006873221,0.015714826,-0.0033092052,-0.005438389,0.05239581,0.0030522489,-0.022903701,0.0073117414,0.009095454,0.041626945,0.05529074,0.057880756,0.019047527,0.040876593,0.01622366,-0.023554742,0.017326502,0.012116476,0.030817054,-0.017146047,0.02855636,0.010106658,0.0033496327,0.0382586,0.00028696586,-0.057272363,0.01252822,-0.018874338,-0.043110956,0.027136195,0.05238156,-0.02411115,0.004086291,0.025980826,0.00082138163,-0.017173594,0.018939758,0.024677977,-0.014990776,0.017599775,0.009350689,0.008400105
2021-07-31,0.0027021905,-0.010299,0.0012888049,-0.007824468,-0.03922222,0.0046162275,0.028342078,0.013483542,0.022320032,0.008638372,-0.0179249,0.050458416,-0.03681848,-0.055100285,0.01663143,-0.007124748,0.018492147,0.025628004,0.016865455,0.014760604,0.01849982,-0.0011478455,-0.0011778139,-0.02412447,0.047567707,0.0445416,-0.024002846,-0.0133446865,0.018339995,-0.0010203588,-0.004384971,0.028527677,-0.004751421,-0.011241111,0.0053978954,0.018253516,-0.03506361,0.033809606,-0.0046368637,-0.0021883484,0.016069861,0.0006106183,0.0111669535,0.002250055,-0.0047088997,0.018710729,-0.014800938,0.01789708,0.002793003,-0.007741847,0.036158506,-0.020617777,0.026081763,0.028133007,0.014955648,0.017136635,0.031947657,0.018298978,0.002664905,-0.010174372,0.010470965,-0.007796143,0.03487521,0.031760965,-0.02706272,0.005468954,-0.0069683967,0.004746463,0.0047939615,0.024027353,0.004066646,-0.0031101306,0.00024247731,0.015349845,-0.011653025,0.0116857095,-0.0076621324,-0.022013854,0.010524159,-0.0063316096,0.019725716,0.01583686,0.027756838,0.014925435,0.00654115,0.007773541,0.04200212,0.028116217,-0.009038802,0.03196945,0.048545625,0.029340044,0.020304931,0.030401947,-0.008158933,0.018092569,0.013662301,0.009393452,-0.016661717,0.0064453194,-0.013491849,0.008147882,0.0060629593,0.00081919314,-0.018483102,0.0075958767,0.018196503,-0.027624762,0.09464125,0.055392653,0.07419474,-0.024271721,0.007813837,0.002710933,-0.014318222,0.078182556,-0.025495466,-0.014714784,0.013389637,0.01627992,0.022720162,0.0346147,0.065027274,0.01887371,0.013290421,0.02444758,-0.029894583,0.0054170024,-0.0010083886,0.013173079,-0.020312028,0.034381308,0.04077215,0.010037037,0.031035217,-0.006241748,-0.0540063,0.018257916,-0.04387961,-0.052858356,0.02280518,0.056328345,-0.020294987,0.01830939,0.028677093,0.020267017,-0.011870337,-0.006624203,0.012899966,-0.0034772186,-0.00771709,-0.015156907,-0.014709362
2021-08-31,0.001299052,-0.009344301,0.012942213,-0.0112817325,-0.033573367,0.0010591917,0.016182108,0.020484982,0.011630462,-0.00019919626,-0.0075837644,0.051411446,-0.022903018,-0.056497317,0.006327866,-0.01620623,0.015108932,0.018218111,0.010144689,0.009848672,0.021992633,-0.0042685773,-0.009833111,-0.028885793,0.05653254,0.0525552,-0.021037918,-0.017358946,0.01602933,-0.0003095678,-0.0053895647,0.01651751,0.003202322,-0.013928593,0.0027726921,0.021181324,-0.034685228,0.031195762,0.008066248,-0.0036318817,0.021275515,0.0006912928,0.006286901,-0.00758077,-0.011844614,0.019824453,-0.020634154,0.017732384,0.0007300538,0.00043896434,0.034371905,-0.015943483,0.03903818,0.039261956,0.0061485497,0.009181223,0.037096344,0.021225631,0.009084398,-0.017048234,0.015904874,0.00062405114,0.038591657,0.03512461,-0.031480506,-0.0009285632,-0.009653881,0.0010580164,0.0014178463,0.032129746,-0.0022362524,-0.0019187744,0.0052627516,0.020428404,-0.01238889,0.009016916,-0.00024983843,-0.016686525,0.0101144165,-0.00040303034,0.02470839,0.018526658,0.03236502,0.015978077,0.006427992,-0.0012672127,0.042410184,0.01959605,0.0025305469,0.029452708,0.040454313,0.037647776,0.0251662,0.023113713,0.0023330217,0.03128156,0.025575904,0.013600072,-0.011854319,0.010417192,-0.022027913,0.0069524813,-0.0028752193,0.0032804848,-0.004523942,0.013574517,0.028199371,-0.017927699,0.108492814,0.060108457,0.08478087,-0.029941456,0.0061620953,-0.0010885881,-0.017765207,0.08606584,-0.023356173,-0.027279023,0.011052201,0.0067069703,0.029037656,0.037940383,0.059551053,0.024263483,0.01813161,0.030340057,-0.022307256,-0.002061331,-0.006927174,0.0055878097,-0.02889187,0.042351294,0.040558007,0.0068144533,0.03151346,-0.004665132,-0.03506143,0.0071146423,-0.036234364,-0.05780314,0.026895445,0.05316945,-0.019391855,0.018404875,0.02733431,0.014174281,-0.009556719,-0.0018619829,0.016406927,0.0054361634,-0.0029721777,-0.009288429,-0.008403594
2021-09-30,0.0071197753,-0.033386886,-0.0034442393,-0.0047226013,-0.044826243,-0.018232483,0.021035006,-0.011436766,0.014543964,-0.0016071474,-0.014055486,0.039935317,-0.029134704,-0.060913965,0.0056923223,-0.0093540065,0.010001652,0.0026235168,-0.0015680335,0.0041324226,0.030471874,0.0027776936,-0.0139667,-0.042290803,0.035795324,0.03594649,-0.037983976,-0.021825766,0.033986427,-0.024173653,0.007799567,0.0097798025,0.009683887,-0.006049824,0.004541877,0.024235234,-0.019053625,0.032477695,-0.00063828164,0.009363878,0.02638972,0.0023341987,-0.0061478587,-0.019502258,-0.001910251,0.020677231,-0.013204374,0.016583756,-0.0050958283,0.014283856,0.02684139,-0.011343641,0.012997025,0.01583594,0.0063931723,0.0143604195,0.026098968,0.0060810465,-0.001313278,-0.007436358,0.012788975,0.0027468314,0.03493975,0.035812024,-0.04099184,-0.0044147405,-0.015741063,-0.003524518,-4.556712e-05,0.024101887,-0.010048664,0.0047150073,0.028868347,-0.0006175975,-0.006847423,0.012799403,0.0010148167,-0.009253433,-0.01071898,-0.00093781063,0.01537046,0.020970661,0.033885516,0.030676223,0.02006367,-0.008379466,0.060004935,0.027226688,0.0009139703,0.02574759,0.02970417,0.017236842,0.016870322,0.016295763,-0.011901462,0.007133787,0.0077520018,0.007588,-0.006985129,-0.014637698,-0.023140091,0.01296925,-0.01697537,0.028756414,0.0017240848,0.016049467,0.016751204,-0.0038797262,0.11025923,0.061888337,0.108157255,-0.0026792372,0.03191052,0.019770848,-0.011273729,0.059411686,0.0056719664,-0.02537819,0.030796988,0.030376216,0.009103657,0.022584388,0.04895811,0.017260795,0.010607294,0.02902113,-0.016449496,-0.019293724,-0.00794264,-0.014849845,-0.035345826,0.055837255,0.058809306,0.03433754,0.014161822,0.0008562341,-0.043274287,0.039121,-0.030981585,-0.04907341,0.01417936,0.034302685,-0.0038616357,0.012871684,0.024261385,0.026560275,-0.009296962,-0.0049190796,0.020126436,0.015900422,-0.005792011,-0.011791778,-0.0047346093
2021-10-31,0.005220264,-0.022738615,-0.015212938,-0.008563754,-0.05063426,-0.008963811,0.03978893,-0.036539286,0.030343246,0.014368139,-0.030929646,0.021448994,-0.038897183,-0.04161653,0.02165786,-0.0027403191,0.011905773,0.014282916,0.010212149,0.014666546,0.013964211,-0.0035776303,-0.0048331334,-0.034910373,0.028279454,0.021200448,-0.037381254,-0.054403313,0.032494992,-0.009146784,0.015934166,0.02387813,0.01965928,-0.00720475,0.0051439633,0.028054455,-0.03825868,0.04590647,-0.020752598,0.007077051,0.004765315,-0.0035728265,-0.00015335799,-0.012335499,0.0050714794,0.023464618,-0.01645959,0.019527324,0.0016769819,0.009113791,0.028933112,-0.0018038147,-0.008394032,-0.01548415,-0.012477686,0.0025544157,0.03646437,0.0047192904,-0.003326308,-0.0013435901,0.022084167,-0.0046764356,0.05193067,0.054603282,-0.027143605,-0.008126027,-0.0052271513,-0.0030244428,-0.0016981757,0.02021126,-0.008599779,0.010293056,0.016414395,0.009799202,-0.0028756459,0.008677361,-0.012348295,-0.017314322,-0.006418006,-0.0024411138,0.013326182,0.02525038,0.030193258,0.03677275,0.028727217,-0.009812177,0.046774156,0.0261494,-0.008509245,0.021856325,0.037118062,0.009301475,-0.006975363,0.02155941,-0.020822207,-0.00876822,-0.008124139,-0.007273674,-0.021992909,-0.03560636,-0.026845764,0.0047184033,-0.010942573,0.01643783,-0.010569773,0.016145267,0.0011636912,-0.01551995,0.10121687,0.053290848,0.10425173,-0.02143173,0.021231968,0.035943452,0.0035390377,0.058704607,-0.035224352,-0.002263253,0.0048950007,0.031765,0.0055574053,0.01414306,0.0220343,0.010214831,0.0109336935,0.011644158,-0.024980417,0.0055451733,-0.00068114867,-0.009881483,-0.0218683,0.036124215,0.042868774,0.0307187,0.030785177,-0.006080511,-0.04960273,0.05447384,0.006166107,-0.023915036,-0.00032213796,0.03120931,-0.0061914106,0.007934485,0.018362993,0.019742582,-0.014413275,-0.013444277,0.024485916,-0.0050591864,-0.01373398,-0.015718669,-0.011808496
2021-11-30,-0.0031964115,-0.026416795,-0.023600629,-0.022041423,-0.04024912,-0.013081719,0.037294243,-0.029477494,0.01705407,0.015975831,-0.040012084,-0.00026156378,-0.04967532,-0.048138782,0.018136939,0.0009554798,0.015553712,0.023023196,0.012561556,0.00879861,0.005575003,-0.0060767485,-0.011341894,-0.03130169,0.02462991,0.021528311,-0.051227838,-0.034172572,0.021513356,-0.008742559,0.013217944,0.016817281,0.01927926,7.49502e-05,-0.005609367,0.03174067,-0.043478645,0.044412125,-0.022637095,0.009703959,-1.9373779e-06,-0.0057424475,-0.00046038703,-0.004731191,-0.0022048308,0.028352028,-0.015781023,0.024848167,0.0002218398,0.00435106,0.019400021,-0.002573926,-0.008503538,-0.01184256,-0.013136119,-0.000523878,0.030517392,0.0015596577,-0.0014531392,-0.007540398,0.018165791,-0.010011314,0.05563492,0.053763907,-0.01697906,-0.018580431,-0.014989051,-0.017446605,-0.008709721,0.034240153,-0.017620148,0.0054319045,0.011247499,0.010306985,-0.0013332864,0.009891959,-0.010147867,-0.01892984,-0.0093976315,-0.00075929926,0.023363871,0.022175057,0.03642551,0.033415455,0.033965338,-0.017145414,0.031988934,0.006061177,0.0057200487,0.0141159445,0.03302568,0.012124893,-0.01567846,0.016296847,-0.020948559,-0.006162481,-0.0067849457,-0.0013473701,-0.019859346,-0.033760358,-0.020726305,-0.009308872,-0.012901481,0.033237927,0.000925024,0.027953302,0.0025551813,-0.009405424,0.075273275,0.024693074,0.07913439,-0.01646083,0.031450767,0.05068655,0.0044896146,0.043339577,-0.014778278,-0.008641369,0.02873942,0.053486772,-0.00010668214,0.007427623,0.017150821,0.018617122,0.006400512,0.012477555,-0.030581543,0.0052693645,0.0008298025,-0.0061578425,-0.023377469,0.040740695,0.03837628,0.022698946,0.034533307,-0.017932411,-0.052091528,0.069491215,0.0071423166,-0.030026874,0.008364326,0.04896872,-0.0034444574,0.008685216,0.016311718,0.02986055,-0.015883299,-0.013811257,0.03152891,0.0010387894,-0.013755228,-0.01870399,-0.013741453
2021-12-31,0.004520048,-0.013304971,-0.010944341,-2.616569e-05,-0.04500956,-0.0027451045,0.030993355,-0.009789314,0.038599547,0.015190794,-0.023174886,-0.0026076832,-0.03410924,-0.041980207,0.016223174,3.6998976e-05,0.01826923,0.028469006,0.025169345,0.023967588,0.016430063,-0.0056694015,-0.0064315596,-0.014976515,0.025897954,0.019221937,-0.027664777,-0.017115435,0.011115271,-0.0060118535,-0.006842426,0.022593403,0.008307254,-0.0041575097,0.011200588,0.021472568,-0.039302193,0.04627113,-0.026233716,0.012689001,0.005410242,-0.013699868,-0.00061469356,0.006515343,-0.0006132302,0.019479249,-0.02439782,0.018348759,-0.0006590144,-0.012209709,0.02483996,-0.007124091,0.0051081385,0.004994397,0.0041319435,0.0139175635,0.032214496,0.010734259,0.010504274,-0.011731744,0.011977151,-0.017004516,0.038764488,0.036072556,-0.027524093,0.00090222503,-0.010652345,0.018620072,0.0015064114,0.016283441,-0.0027343773,0.011492991,0.016137395,0.011295322,-0.009378595,0.011480333,-0.021608725,-0.022974636,0.0062393085,-0.007619405,0.016536318,0.014660321,0.030769255,0.021232279,0.021240478,-0.000707832,0.03964405,0.015456849,-0.017678468,0.023642212,0.040418833,0.0061653866,-8.0849866e-05,0.01943188,-0.0115562575,0.0041298307,-0.0049612755,-0.00045574413,-0.019672161,-0.011043947,-0.01297194,0.0075431485,-0.0021503505,0.01703919,-0.013821077,0.009303196,0.0027964916,-0.022364136,0.09913301,0.06346975,0.08267064,-0.022769235,0.024720527,0.033558358,0.0013575795,0.06503707,-0.02663382,-0.005533973,0.022286847,0.04336911,0.0062185363,0.018067647,0.037407797,0.017815175,0.00945462,0.022820408,-0.031770326,0.018748578,0.013292778,0.006613041,-0.014737763,0.039167125,0.02338497,-0.0023701433,0.06085025,-0.00047431124,-0.06994325,0.05471909,-0.017811734,-0.040422797,0.04754535,0.06510562,-0.01576406,0.021025507,0.029908633,0.029601092,-0.026722778,-0.015178624,0.019696837,0.001857639,-0.016085526,-0.02453584,-0.020616185
2022-01-31,-0.011850131,0.004007856,-0.011134391,-0.004782891,-0.043796513,0.010458823,0.038851965,-0.0071674204,0.0468401,0.023167435,-0.015404145,-0.0036778906,-0.026604926,-0.028729703,0.026213763,-0.017410172,0.017754013,0.034215722,0.03151238,0.030469678,0.0016059967,0.004226188,-0.004479989,-0.0055763847,0.024688821,0.014057676,-0.029493928,0.0063742865,0.004090634,0.0016847086,-0.0044551063,0.034471836,0.003437352,0.0037482034,0.007392688,0.03275639,-0.039507084,0.045810334,-0.026433878,0.01053442,0.008660407,-0.009674123,0.009756091,0.013472161,0.004851427,0.02697299,-0.013256385,0.028255066,0.00965523,-0.014693383,0.031876378,-0.0030289355,0.0033049383,0.0010288138,0.010909626,0.01795331,0.031040417,0.012134375,0.0121975755,-0.011579794,0.021338465,-0.0029545417,0.04471617,0.04369538,-0.022874026,0.0073580323,-0.009119284,0.012687223,0.010351857,0.016108088,0.0046779243,0.014792448,0.0028785795,0.02074213,-0.009100322,0.008082764,-0.018728089,-0.023722133,0.0063944245,-0.0010788607,0.019009372,0.010823376,0.030219471,0.01739444,0.02228276,0.0053282822,0.031481076,0.01681793,-0.0148782255,0.019796547,0.039828736,0.011082906,-0.0067921337,0.030685078,-0.0042814156,0.009759678,-0.0025364312,0.0050591086,-0.016595686,-0.0100840395,-0.0071559483,0.014065529,-0.005518383,0.016098505,-0.017968817,0.000500845,0.0027223243,-0.024491288,0.093092635,0.06672086,0.067849055,-0.026371365,0.013531157,0.025231281,0.002594355,0.064005576,-0.03839211,-0.00031862262,0.008585009,0.036561336,0.014142116,0.026076078,0.033681683,0.022811411,0.016737765,0.017600948,-0.033675727,0.027925573,0.020884432,0.017361742,-0.0068947417,0.038985047,0.020571228,-0.0033144688,0.061578084,0.005613707,-0.06441848,0.042278033,-0.016196081,-0.029736834,0.054865383,0.062379606,-0.019940963,0.02106233,0.029954376,0.018768862,-0.025678141,-0.0049000345,0.03008512,-0.009029913,-0.0058262805,-0.01635898,-0.009576152
2022-02-28,-0.009823128,0.005165033,-0.011035042,-0.006293797,-0.043008015,0.012010958,0.039512057,-0.011406114,0.04802174,0.022933854,-0.019433634,-0.00999491,-0.031161519,-0.03330826,0.026695553,-0.0147137,0.017543195,0.034904215,0.029062122,0.028793229,0.00160603,0.0028348374,-0.005186273,-0.0057451893,0.02710743,0.016332636,-0.031361282,0.007992017,0.0051206774,0.00034212912,-0.005751992,0.03271461,0.003556422,0.0029156376,0.0042561367,0.033292077,-0.035807073,0.046136905,-0.023668503,0.010094861,0.005194587,-0.01172132,0.0074749654,0.010102907,0.0010850246,0.026700953,-0.015015972,0.027463967,0.0075994935,-0.016054535,0.029438272,-0.0006896397,0.0015970021,-0.0012874114,0.013769537,0.02097004,0.031658314,0.01147673,0.011329949,-0.01215851,0.01662063,-0.006669834,0.040420696,0.039930042,-0.023605196,0.00714811,-0.009414598,0.0081858,0.01035338,0.014083303,0.004782381,0.01599769,0.0029531578,0.01864917,-0.006939936,0.007205045,-0.022233557,-0.023220664,0.008128935,-0.0037600119,0.01446469,0.010583857,0.026568005,0.017528893,0.022729121,0.005299819,0.031999614,0.017477496,-0.018336069,0.0226264,0.04065706,0.009025075,-0.00638695,0.02940834,-0.006178038,0.008411056,-0.0038499588,0.0023335728,-0.018545114,-0.013340741,-0.0055969525,0.014759174,-0.0067480505,0.011404981,-0.01820506,0.0007494723,0.0012699151,-0.026638374,0.09750667,0.0682416,0.074281946,-0.027562393,0.011738263,0.026030514,-0.0006326063,0.063435346,-0.050856784,0.00021459267,0.008855902,0.03788084,0.009434213,0.02090072,0.028553108,0.02316164,0.010245769,0.015009114,-0.034668785,0.02570893,0.018380322,0.013677841,-0.010671649,0.043950982,0.017936623,-0.0042775134,0.062772386,0.007650829,-0.06534455,0.042943038,-0.009646188,-0.027650014,0.05632342,0.05852539,-0.02174764,0.021018213,0.030145358,0.020143611,-0.02595478,-0.007495801,0.030310152,-0.009979283,-0.008215358,-0.018994793,-0.0104686245
2022-03-31,-0.017621843,0.010463291,-0.039065942,0.018782185,-0.027026128,0.019093808,0.04832711,-0.009277929,0.04091267,0.03472885,-0.02812168,-0.011342858,-0.04026196,-0.012298168,0.041029323,-0.0060490225,0.025073094,0.033811938,0.03266572,0.035112944,-0.014378694,-0.0064933994,0.0014013781,0.006104377,0.013765046,0.0038971293,-0.0046020253,0.045918632,-0.00457243,0.015094862,0.004872524,0.037024643,0.021461,-0.0026400152,0.021337362,0.025393413,-0.012820693,0.046399128,-0.023050783,-0.0032660419,-0.009032414,-0.022360615,0.02548979,0.034628432,0.009580538,0.009935276,-0.020779189,0.013917641,-0.0058617033,-0.0059223427,0.027525242,0.007432136,-0.014690005,-0.016760966,0.013632931,0.027936999,0.0050804755,-0.00077504665,-0.0017606269,-8.735577e-05,-0.012909554,-0.03274387,0.0049381107,0.0041069323,0.01082128,0.013421506,0.019724486,0.032369476,0.006130217,-0.00055393163,0.014112211,0.008714796,-0.010947917,0.013997766,0.001635176,-0.005278525,-0.027543085,-0.025172327,0.030875364,-0.0005561572,0.005954293,0.022683065,0.011603011,0.024241108,0.024835087,0.013449936,0.005310923,0.02167751,-0.022259122,0.018681137,0.036787257,-0.0040742573,0.010477815,0.038373943,-0.010451257,0.0017919841,-0.008337833,-0.0027466447,-0.022583107,-0.010825354,0.005810687,0.003154006,0.017959058,0.012914338,-0.018005744,0.013002605,-0.017110094,-0.04195051,0.05151104,0.04240655,0.03371569,-0.020397117,0.020716153,0.026828427,0.0069036144,0.034239277,-0.03531441,0.030043527,0.01814105,0.030843338,0.00073188293,0.0015217967,0.02463241,0.025442688,-0.0012284562,0.008513937,-0.028868707,0.025794182,0.023424374,0.03530882,-0.018902756,0.04300492,0.019565586,-0.013426967,0.05638705,-0.008288215,-0.024144044,0.045006927,-0.03413446,-0.003524746,0.050302275,0.06083717,-0.00626759,0.015856827,0.028103044,0.034944475,-0.024185134,-0.021444432,0.024935324,-0.02561035,-0.021961594,-0.024394508,-0.025890011
2022-04-30,-0.02514958,0.014342046,-0.029979767,0.008288024,-0.02683247,0.017611992,0.03645787,-0.010082215,0.04724687,0.02289789,-0.0014045538,0.0094106095,-0.016301574,-0.0020268902,0.036135312,-0.0059862784,0.019374834,0.03885159,0.030444426,0.026943298,-0.014102196,-0.0038336897,0.0044686226,0.0050896206,0.028235923,0.01951615,0.0057163485,0.02389972,-0.0016072617,0.009375036,-0.012813311,0.03205849,-0.0033154283,-0.0014165712,0.013225228,0.029299147,-0.024037817,0.052404452,-0.020494761,-0.008140442,-0.0089519145,-0.020333022,0.01182866,0.03195889,-0.009290013,0.008810068,-0.018552972,0.015748903,0.00037003364,-0.019351015,0.017146885,-0.0024841598,-0.007625528,-0.009745304,0.0052482304,0.017188702,-0.0014120267,0.0074283653,0.0066383895,-0.02229029,-0.0050957357,-0.027135426,0.00993378,0.008460578,0.012791289,0.014250888,0.010993103,0.027704645,0.008138559,0.008490301,0.00787198,0.0038337703,-0.012839031,0.013633966,-0.008522179,-0.0032196278,-0.03376654,-0.040894676,0.031195281,-0.0146430945,0.0061465506,0.012968928,0.009463091,0.020228576,0.019199152,0.012558729,0.009811235,0.020790005,-0.022295227,0.034710035,0.05062384,0.017490726,0.0072401846,0.03974535,-0.00027205143,0.01642105,0.0029726,-0.0041224984,-0.026330693,-0.013466972,-0.0022974769,0.0003379982,0.013572087,0.01720174,-0.020239875,0.007216372,-0.010274617,-0.037229616,0.080311365,0.061108083,0.053680502,-0.006944091,0.02439769,0.026093913,-0.00042104995,0.04877184,-0.025351413,0.020431776,0.021116272,0.039401762,0.0031652558,0.01560893,0.034371752,0.017586647,0.0065911678,-0.0007566417,-0.025236635,0.023307027,0.021814091,0.02122947,-0.022701936,0.053481184,0.0014183358,-0.022638125,0.068446144,-0.010173032,-0.044687368,0.043772798,-0.012548024,-0.007947536,0.045620874,0.07295091,-0.01971682,0.037734475,0.049714096,0.034868617,-0.03307277,-0.0070300475,0.029482948,-0.02490996,-0.007879176,-0.017714858,-0.013929197
2022-05-31,-0.03377946,0.020827934,-0.040237434,0.00877996,-0.022612512,0.022801084,0.040284257,-0.009497271,0.041922975,0.027302064,0.004804039,0.018423645,-0.0056461063,0.014330924,0.04229233,-0.012831805,0.016836664,0.03771982,0.030243354,0.030171204,-0.025472604,-0.0016149727,0.009610585,0.011141538,0.027229326,0.017743777,0.014053678,0.03828965,-0.0049134023,0.014899522,-0.0012927797,0.035001498,-0.0026750064,0.0054032058,0.011830903,0.028512076,-0.018792717,0.045716465,-0.013053405,-0.015507975,-0.011539279,-0.01570002,0.020033967,0.03831627,-0.0023799073,0.008569466,-0.010435004,0.017257256,0.004427359,-0.009162926,0.017688466,0.0049222256,-0.010087804,-0.015940242,0.004663907,0.015681816,-0.0061397036,0.007890701,0.0049775457,-0.018651625,-0.005229491,-0.02182028,0.0045189606,0.0037021663,0.022897575,0.018341418,0.014334797,0.024266213,0.010067842,0.013286383,0.014642775,0.0029748394,-0.02466762,0.01546168,-0.0017388065,-0.008723068,-0.030090107,-0.03461396,0.03276999,-0.008997826,0.008236209,0.011740829,0.0083603095,0.01654965,0.015189862,0.017510798,-0.000495993,0.022670947,-0.014213394,0.030683622,0.047829162,0.023817606,0.007238417,0.048511323,0.0052986853,0.018665517,0.0051499708,-0.0015399698,-0.023452494,-0.013576995,-0.001472155,-0.0013684096,0.01750501,0.027583782,-0.017804144,0.0069634984,-0.011644591,-0.033678237,0.059901766,0.045252863,0.034713462,-0.0026281618,0.02764228,0.033263225,-0.00085436425,0.031623714,-0.0052452744,0.036127143,0.037943278,0.045424167,0.0064885374,0.018214995,0.027197916,0.022514958,0.010288352,-0.0065250704,-0.020767441,0.026077567,0.028092716,0.026507508,-0.017649718,0.049935106,-0.0024501116,-0.026007712,0.05807402,-0.013634104,-0.024115853,0.045307625,-0.009837416,0.011295034,0.03575967,0.07095183,-0.015433072,0.032269586,0.045646545,0.03195905,-0.02685077,-0.0012829773,0.03130917,-0.033981677,-0.0019052649,-0.012505307,-0.008080829
2022-06-30,-0.041792188,0.02073795,-0.05054656,0.004501529,-0.017512148,0.020300377,0.0458131,-0.010130262,0.038282786,0.03762571,-0.001922273,0.0068916944,-0.010761055,0.016845386,0.049601328,-0.008753944,0.013001212,0.034032565,0.02669334,0.029793153,-0.034982834,0.0007836113,0.008407365,0.010871812,0.026608726,0.018436814,0.006580595,0.027770128,-0.007232332,0.011849042,0.0016874027,0.03972318,0.0029581136,0.015538679,0.0071888035,0.031644877,-0.014071046,0.040231172,-0.0050593964,-0.01524839,-0.0011672453,-0.00055374077,0.034462404,0.04317592,0.009256436,0.010933369,-0.0051067765,0.025858054,0.012029881,-0.0012540128,0.020740395,0.003949879,-0.014620954,-0.019952856,0.0015759133,0.016508646,-0.0033536428,0.011670043,0.008836086,-0.010539465,-0.005848292,-0.021720229,0.0023773974,-0.00024761696,0.024849981,0.021626394,0.013938318,0.018628081,0.0062416154,0.017597506,0.01536176,0.0013417866,-0.028002532,0.014699529,-0.0005578335,-0.008319206,-0.015430493,-0.025805574,0.03132377,0.0074969754,0.017659597,0.015331209,0.016554091,0.022081686,0.017584328,0.0192678,-0.0068203085,0.021482846,-0.0003212199,0.025174819,0.043062378,0.028739333,0.011043849,0.059829228,0.0059142886,0.025316494,0.012285459,0.009963168,-0.012833721,-0.02064884,-0.004202543,-0.008093204,0.016444124,0.029516315,-0.014725762,0.009042174,-0.009635103,-0.03092547,0.05686449,0.043891996,0.0277983,0.0033721023,0.0277598,0.031630654,-0.0075245774,0.02915388,-0.009615258,0.041594647,0.04700536,0.043493927,0.0042592622,0.015883524,0.025385536,0.018018188,0.012551893,-0.013269346,-0.013663366,0.02356332,0.032348916,0.028550144,-0.018505478,0.047466613,-0.003099647,-0.01924483,0.058029868,-0.017046595,-0.020717006,0.043309107,-0.013063386,0.0119102895,0.03289096,0.06606015,-0.013703902,0.02954445,0.042031985,0.03167981,-0.019051375,-0.00045070727,0.033328544,-0.039141294,-0.0011466619,-0.01135891,-0.0061471015
2022-07-31,-0.037710454,0.023126015,-0.024794508,0.014278773,-0.010180909,0.022371115,0.029688708,-0.010867947,0.04753511,0.033480782,0.03527059,0.026076281,0.02744189,0.038096257,0.0341456,-0.023506725,0.0028374386,0.03493041,0.0143926125,0.0164671,-0.027778555,0.0013611772,0.02230181,0.028349407,0.021743288,0.0072879097,0.030357035,0.038672984,-0.008060317,-0.0012178351,-0.007918238,0.017517373,-0.018013012,0.015238728,0.020733418,0.023472292,-0.0188032,0.033249684,-0.014709028,-0.0037923877,0.0035855332,-0.0007692897,0.016938472,0.039862774,0.0017696691,0.0007736502,-0.0049068886,0.018598422,0.010570566,-0.020904694,0.010217468,-0.006320533,-0.015026873,-0.024019549,0.017583886,0.024480471,-0.009685824,-0.0008053566,-0.0010813075,-0.030002844,0.008545557,2.8898357e-05,0.023172421,0.018863555,0.0030376767,0.020236129,0.00955452,0.025307037,0.01666901,0.014281441,0.016241258,0.0013697086,-0.00673541,0.005531622,-0.0051899264,-0.00326169,-0.011479282,-0.03832026,0.011967634,0.004829598,0.00900946,-0.001871967,0.0072921338,0.00695349,0.0018123598,0.019036792,0.00837165,0.02243001,-0.0043682586,0.019033972,0.034194943,0.01930909,-0.0044052475,0.041957654,0.014988121,0.02067006,0.006038401,0.00555,-0.022176715,-0.018945325,-0.011040973,0.006751055,0.0019939328,0.029241463,-0.015562193,-0.008173799,-0.014166057,-0.0023439475,0.071678296,0.05593126,0.04381004,0.0038969067,0.024299711,0.037117563,0.0013940841,0.041987374,-0.010164354,0.03346392,0.04037403,0.034956478,0.023571631,0.038273573,0.03563403,0.013627427,0.033050768,-0.0049685063,-0.03047264,0.04902222,0.021180565,0.013344477,0.006088413,0.02379388,0.022486648,-0.0047827293,0.053540725,-0.004010453,-0.003906248,0.039715983,-0.045180194,0.019393804,0.049483635,0.05936298,-0.009344324,0.028172938,0.03998179,0.016834693,-0.035419323,0.02520614,0.02185884,-0.021822639,0.024865733,0.0137001565,0.020835197
2022-08-31,-0.05139553,0.007212384,-0.020598317,0.0011772567,-0.0113466345,-0.0025035744,0.021525467,0.015151532,0.035471328,0.024325442,0.0045689014,-0.002470665,-0.013157985,-0.00082186295,0.027834835,-0.00430623,0.003687289,0.026316667,0.0104148965,0.0154264495,-0.018563492,0.00027416088,0.0016337752,0.0004930007,0.04128602,0.03137146,0.011374726,0.07171038,-0.011333198,0.010315792,-0.013077577,0.008301493,-0.016056372,0.0038269141,0.009099337,0.043317545,-0.040179532,0.041488823,-0.021097528,0.0031682062,0.023993924,0.0049674665,0.008612368,0.035251655,-0.01731889,0.0131349815,-0.021933256,0.016868448,0.006223144,-0.02108329,0.0083369715,-0.009462254,-0.002434985,-0.009410478,-0.012906165,-0.003973104,-0.0144536495,0.0024662304,0.0054704063,-0.04860592,-0.0010178131,-0.019515133,0.018334879,0.008581897,0.0075843222,0.008018975,0.005641231,0.022552155,-0.009783208,0.02830169,-0.0023692849,-0.015417844,-0.002098312,0.018447656,-0.0010644995,-0.00010881694,0.002150938,-0.0386752,0.018579362,0.0022357479,0.029603455,0.0019757345,0.025668109,0.012549443,0.0073557715,0.005990253,0.0026112774,0.008441194,-0.0018702227,0.009699711,0.027921034,0.036543828,-0.01629643,0.040243067,0.021067206,0.042018183,0.03346702,0.024594577,-1.409612e-06,-0.004830417,-0.020826742,-0.01730388,-0.0025824606,0.0055235326,-0.0136213675,-0.00017601353,-0.007778882,-0.0120991515,0.091332994,0.05242571,0.049493656,0.010768487,0.013267955,0.029677024,0.034183614,0.086351715,-0.036823325,0.009404913,0.018373163,0.023780657,0.008364161,0.028289719,0.059605725,0.029853012,0.014767284,0.013818904,-0.03075011,0.035912536,0.012348791,0.014477406,-0.015153956,0.049617205,0.03193055,-0.022909507,0.06185373,-0.03295137,-0.006741039,0.021441862,-0.05794304,-0.026718486,0.040502403,0.061098613,-0.0028915887,0.024287306,0.03662897,0.032101955,-0.034938958,0.011016304,0.041679867,0.0073446976,0.01046733,-0.007417244,0.010563665
2022-09-30,-0.033637665,-0.015683684,-0.04586211,0.010057666,-0.02899135,-0.0012622103,0.027917782,-0.002314219,0.042254254,0.02191908,0.0004347017,0.008718738,-0.008230318,0.0009726318,0.022806318,0.012280564,0.011932508,0.021980083,0.021850351,0.026632538,-0.014784388,-0.004897552,-0.0021491551,-0.019996688,0.015531827,0.0089741815,0.021257043,0.077039726,0.009942431,0.0020643263,-0.0107494155,0.014901439,-0.0087896185,0.010910686,0.011857993,0.023487115,-0.022292832,0.04531924,-0.018405467,0.013846757,0.0059795007,-0.016385296,0.0046679913,0.033314355,-0.013104558,0.0024505071,-0.021095226,0.008165445,-0.00026607292,-0.018662902,-0.005310426,-0.010665036,-0.029069008,-0.030663935,-0.010922796,0.0027574627,-0.0111067295,-0.005093468,0.0039063357,-0.036816213,-0.008736679,-0.031799454,0.009733628,-0.00018159217,0.008123877,0.0073070796,0.00043553632,0.03397856,-0.001723423,0.0043666065,0.0015037196,-0.023007445,0.003555031,0.007163024,0.001378291,-0.0043682554,-0.010890656,-0.04594561,0.0125285415,-0.010182953,-0.00067518203,0.012640965,0.004432397,0.019073028,0.0097207045,0.011747356,0.01990106,0.021603758,-0.02095978,0.020967927,0.031940147,0.00753821,-0.0088346,0.02993159,0.002806928,0.009542571,0.002124983,0.009736771,-0.013669183,-0.006857094,-0.009480626,-0.019163735,0.0030019076,0.02053432,-0.025235673,-0.0014290265,-0.03209605,-0.018800989,0.07847236,0.057922766,0.052713126,0.041556984,0.030136777,0.050504323,0.045130484,0.078130454,-0.02369652,0.028680159,0.04251087,0.04347673,0.0059172385,0.0211759,0.05890592,0.033163644,0.008479161,0.012328984,-0.028251013,0.019763498,0.018377807,0.014796083,-0.02380825,0.055348005,0.021348665,-0.00474326,0.055182647,-0.018079283,0.0029646745,0.03911715,-0.073545225,-0.010327335,0.028715739,0.061514247,0.0013066201,0.026504878,0.03582535,0.048889074,-0.03155314,0.0048286864,0.020594023,-0.012001993,0.0038519322,-0.011159805,2.766688e-06
2022-10-31,-0.035758484,-0.03035192,-0.03137278,0.009340298,-0.019774092,-0.008654937,0.0049196775,-0.006044558,0.04189983,0.0051474264,0.012560397,0.010007391,-0.0018872187,0.010263682,-0.0017011655,-0.0031127841,0.009469933,0.021480583,0.02784875,0.021908198,0.0020877614,-0.00049935427,-0.0046649217,-0.020983871,0.013838062,0.011801023,0.023268389,0.07522001,0.014382681,-0.013672462,-0.003324488,-0.015151293,-0.007440102,0.0046840543,0.011028043,0.013797597,-0.011720064,0.04760433,-0.021885006,0.025253959,0.023863537,-0.0064636148,0.00019182316,0.022349935,-0.019130623,0.010898363,-0.019956723,0.010295909,0.005900588,-0.019433454,-0.0011839955,-0.010993404,-0.025561355,-0.024160463,-0.00411664,0.0057954593,-0.0155973965,-0.0016110186,0.008471033,-0.040690288,0.008050337,-0.026070766,0.020084325,0.009467625,-0.00918764,0.0062216627,-0.0061260127,0.028992781,0.0022074697,0.0111544365,-0.0028435083,-0.020162515,0.03882329,0.0033639767,0.001501697,0.0043828017,-0.0029572484,-0.043485772,0.012613203,-0.010438663,0.00827441,0.013422357,0.007227938,0.019943448,0.007750294,0.01273528,0.033455826,0.024365807,-0.0071045556,0.02160077,0.026996406,0.014087594,-0.006774896,0.024702072,-0.0049358536,0.0070799915,0.002970644,0.008855947,-0.009015266,-0.0070957947,-0.011817959,-0.02311221,-0.0077737276,0.03233276,-0.0010646619,-0.0016130095,-0.021353021,0.007043574,0.08084437,0.047372185,0.0590138,0.056245606,0.033105098,0.056919076,0.055183206,0.06316811,-0.012599728,0.0150350565,0.048419945,0.050067637,0.014040015,0.026183076,0.06212378,0.026751576,0.021943545,0.01926181,-0.034848835,0.02222715,0.014903027,-0.007441257,-0.017781632,0.050596833,0.02065179,-0.012942408,0.06028869,-0.013252938,0.012487446,0.042318154,-0.078026846,-0.015861759,0.017706275,0.041640732,0.007892485,0.030102877,0.032186586,0.053445052,-0.040603124,0.009091396,0.00955327,0.009134136,0.0078457305,-0.008752765,0.0050201714
2022-11-30,-0.039157897,-0.03395338,-0.03430607,0.0030521902,-0.029781451,-0.002991831,0.010931414,0.006341966,0.033598628,0.004585405,-0.008043888,0.0027496978,-0.011385918,-0.008209668,0.00080689875,0.007168592,0.021093147,0.01307986,0.03932611,0.038686946,-0.001258583,0.014595175,-0.008377409,-0.026487177,0.016198166,0.0143451225,0.015732422,0.06277829,0.0190953,-0.0044491147,0.0078121857,-0.013152199,0.0011595212,0.006927822,0.00862241,0.026654653,-0.0043675387,0.05190468,-0.02552368,0.025214002,0.029346006,-0.011043913,0.0051067257,0.028821627,-0.02126639,0.01935994,-0.008294842,0.021372791,0.012601115,-0.011336941,0.0074702897,-0.00052985206,-0.019731117,-0.01890065,-0.007476564,-0.0011545243,-0.009055428,-0.001977284,0.013870309,-0.03827998,-0.002037578,-0.027175378,0.009057984,-0.0012227272,-0.0063383905,0.009300817,-0.00053613685,0.025512038,0.016968101,0.018650418,0.0016185285,-0.016597612,0.032250475,0.01536068,0.0098962,0.005840313,0.006668639,-0.03791139,0.020156821,-0.0090962965,0.006349731,0.015302327,0.010629873,0.023974767,0.00991897,0.016533893,0.041148975,0.02858966,-0.006969064,0.019912608,0.025570586,0.020627575,-0.0031589835,0.030038977,-0.001966455,0.009740753,0.008081759,0.021643328,0.00030497156,0.0027729017,-0.00051916606,-0.015465795,-0.0062697954,0.026712688,0.0034397563,0.0031044676,-0.015454361,0.0017587146,0.05199353,0.028734082,0.040178727,0.06853241,0.03384726,0.06747701,0.082899906,0.06832511,-0.009236453,0.028009918,0.030954592,0.05527057,0.0043009,0.010428813,0.040888213,0.022658626,0.0035505241,0.03791951,-0.032043833,0.019179871,0.027517986,0.008535218,-0.013807598,0.05103925,0.027566563,-0.008228159,0.03549621,-0.036129437,0.0066087143,0.05033436,-0.08392784,-0.014954877,0.023728672,0.036528155,0.0013206736,0.026307028,0.02623236,0.06105473,-0.03203525,0.007265769,0.021059303,0.0073456587,0.00658116,-0.008908033,0.00199701
2022-12-31,-0.058632046,-0.031166036,-0.03759395,-0.021865673,-0.024701163,0.010180193,0.011703962,0.0054006036,0.03452838,0.001518924,-0.0068379776,-0.0008514527,-0.017612005,-0.00824544,-0.0012773253,0.0005524212,0.018261977,0.019976463,0.037644435,0.037102215,0.0053371047,0.026079128,0.002606445,-0.008913233,0.02197533,0.016810544,0.009130868,0.050687857,0.012458697,-0.0026589436,0.0049530636,-0.000925144,-0.005352226,0.014951239,-0.017254176,0.03256638,-0.004229306,0.05080117,-0.014945973,0.023156185,0.03417443,-0.0024043454,0.010650631,0.036103617,-0.014954547,0.025183234,0.0045599425,0.0307363,0.01868734,-0.014131208,0.007867287,4.595755e-05,-0.015461314,-0.018992372,-0.002505098,-0.0018282821,-0.011866315,-0.00918411,0.006534241,-0.031524997,0.00960035,-0.007938558,0.023263922,0.0067325956,0.0016269713,0.016901,0.0035410433,0.0030829823,0.026696926,0.025041249,0.009995846,-0.015555677,0.022240892,0.024420397,0.0097293835,0.014624609,0.015546357,-0.041110065,0.023413088,0.0025587433,0.011694873,0.0062574055,0.015302201,0.015563999,-0.0014523845,0.025389899,0.037662383,0.030520413,-0.006834926,0.018233052,0.021253265,0.028403373,-0.0024082155,0.04178813,-0.008534307,0.020123424,0.011595677,0.025441166,-0.001682719,0.00017028091,-0.0068266103,-0.020530798,-0.024712728,0.020192975,0.0028299629,0.0056741266,-0.008210068,-0.0029069136,0.05755775,0.02074735,0.027227364,0.061656144,0.034466248,0.061602164,0.07445661,0.07222974,-0.029861363,0.015241061,0.020698166,0.038997054,0.015478534,0.016274894,0.017547214,0.022943595,0.009168006,0.036270518,-0.020422392,0.024438126,0.02636129,0.009024917,-0.0008781465,0.039486412,0.013016354,-0.014783999,0.0581378,-0.02644659,0.012777195,0.045219537,-0.07573568,-0.015528711,0.017064372,0.03356133,-0.0012569231,0.024282424,0.023528177,0.059532005,-0.029489407,0.00277812,0.026183438,0.01113016,0.0016586068,-0.015773237,-0.0044227163
2023-01-31,-0.05064705,-0.019322883,-0.031208955,-0.006350656,-0.023981065,0.017736165,0.008856047,0.0022641958,0.041385826,0.00061413797,0.0032536269,0.0019555178,-0.00733124,0.0048886533,-0.0014501304,-0.007636456,0.016018203,0.028920777,0.048623588,0.038922045,0.0034163664,0.023954635,0.009525033,-0.0071775974,0.022978136,0.018864846,0.009362499,0.045238208,0.016026575,-0.0064539616,0.0021994696,0.0019114374,-0.011347001,0.016075822,-0.0022816558,0.027555652,-0.011113991,0.046561424,-0.02167562,0.021413386,0.027826775,-0.0042871023,0.0073790313,0.03799365,-0.012369503,0.021827364,0.004481209,0.02988767,0.019190254,-0.01175881,0.008100002,-0.0031326816,-0.011367604,-0.012686865,0.0072324006,0.0046265144,-0.009021715,-0.011060076,0.0060147117,-0.032877646,0.016340364,-0.0030174146,0.02877918,0.015180435,-0.0062351213,0.020211963,0.006455745,0.01436554,0.029265316,0.021361284,0.018298855,-0.002822007,0.018952616,0.015917601,0.0052380883,0.016103087,0.0075292382,-0.043619107,0.017327536,-0.0018280174,0.0066487715,0.00383088,0.012383047,0.012470094,-0.0009427277,0.029593315,0.0401633,0.037934035,-0.014760627,0.020429878,0.02491347,0.025263272,-0.0064636804,0.03768237,0.0020215225,0.019255826,0.009744485,0.019015197,-0.007278713,0.0036489868,-0.0069885915,-0.0054535856,-0.022927303,0.022291914,-0.002869617,0.00509407,-0.006402455,-0.0050493423,0.061694097,0.027534422,0.03382743,0.061806407,0.034775153,0.060919758,0.07675044,0.06773482,-0.028863274,0.01719299,0.012029152,0.03986271,0.018182525,0.02180929,0.017756756,0.022214307,0.017945584,0.03314597,-0.02479895,0.034937557,0.032338932,0.0050714575,0.007280418,0.034242712,0.0050151013,-0.017245082,0.07126659,-0.019422038,0.021157725,0.04366997,-0.07541796,-0.011677649,0.011395269,0.040646456,0.00059864286,0.027286805,0.026140952,0.048314117,-0.036418855,0.010520306,0.018374994,0.011383661,0.009399682,-0.008389816,0.0035514904
2023-02-28,-0.018778365,-0.026157945,-0.021733284,0.023045229,-0.02684934,0.0065565193,0.023526553,0.0013378493,0.0473104,0.018950865,-0.014983966,-0.014000853,-0.030419737,-0.025475461,0.015252239,0.002729765,0.012277564,0.02296413,0.033365604,0.024817696,0.026715085,0.0102816485,0.0005661831,-0.0068331193,0.02410665,0.021641206,-0.014566648,0.01997533,0.009666836,-0.014126054,-0.010313197,0.012447474,-0.0034321381,0.00018401007,0.028480679,0.019619865,-0.02818256,0.04364092,-0.030022494,0.018991532,0.016872264,-0.01719928,0.013773589,0.017447894,0.0036084,0.018658705,-0.01280393,0.025877206,0.01796103,-0.035133112,0.019444158,-0.0137701845,0.0065497453,0.006109974,-0.0020058125,0.0048709847,0.016120287,0.001806153,0.012773645,-0.008064403,0.006289655,-0.02086257,0.022444349,0.015811743,-0.027655946,0.011136795,-0.004243137,0.047397077,0.016881827,0.0008469841,0.005353838,0.003023331,0.033474933,0.012232333,-0.008489874,0.022253834,-0.0160482,-0.039277136,0.017017834,-0.008301671,-0.0023866408,-0.006501428,0.008350101,0.0004505379,0.00037659818,0.012623899,0.05168837,0.022397535,-0.014161242,0.025682025,0.033003315,0.009029259,-0.014183016,0.030522183,-0.0024004483,0.008270741,0.0037770264,-0.0012674191,-0.020804906,0.006164026,-0.0016232347,-0.002266717,0.013047484,-0.011645422,-0.014029375,0.0003839275,-0.0071588377,-0.011664345,0.104454264,0.092720434,0.0758949,0.0026824756,0.031652454,0.0100050345,-0.0072568823,0.09738738,-0.019557556,0.00031260325,0.03355763,0.023084847,0.0071026245,0.018233404,0.040681,0.021947129,0.008316063,0.036339216,-0.025307177,0.0288613,0.021801226,0.012970857,0.0055943877,0.022976441,0.0013219661,-0.037453398,0.074656524,-0.0032811845,-0.04666911,0.014432068,-0.042499356,-0.027312413,0.02099939,0.0530209,-0.010461029,0.035516538,0.035409342,0.05042603,-0.04102254,-0.0031741038,0.010379291,0.0066636605,-0.0045691854,-0.020013563,-0.011940248
2023-03-31,-0.015891876,-0.034312177,-0.013690694,0.023938788,-0.03080013,-0.004098697,0.018866908,0.012122718,0.039730575,0.007033952,-0.019106686,-0.021150574,-0.037458524,-0.02582367,0.010520083,-0.002025946,0.013446516,0.026375834,0.03187044,0.02069056,0.027362717,0.011131471,-0.017620986,-0.018697329,0.024315154,0.021580266,-0.028722327,0.015961159,-0.0068757073,-0.01634472,-0.009658534,0.0017749427,-0.0047677746,-0.003611729,0.03505227,0.018651526,-0.033630654,0.05271183,-0.02042873,0.025460185,0.019554565,-0.021393705,0.006020351,0.0064752144,-0.0073399534,0.015316816,-0.012690154,0.019134868,0.01161638,-0.029631782,0.024688222,-0.015572972,0.015943913,0.015823422,-0.005074286,-0.0040523945,0.02185079,0.0088840155,0.023820128,-0.011351279,0.014518569,-0.014982748,0.026418878,0.021041883,-0.028924193,0.005617388,-0.0075096674,0.042246487,0.010058744,0.008538514,0.00030004894,-0.0017297388,0.043526866,0.008404693,-0.013631847,0.022566041,-0.0121559575,-0.034490835,0.0054315287,-0.008958434,-0.001007596,0.0013819119,0.014823622,0.004215395,0.006535808,0.004626547,0.04586857,0.008007253,-0.0072893533,0.01961876,0.02809248,0.010931763,-0.012928287,0.024316652,-0.00057978043,0.006328571,0.0035390544,0.0029209633,-0.018014595,0.0210426,-0.0013655365,-0.008025751,-0.0059985034,0.0022974971,-0.011592576,-0.0057072607,-0.0059098727,-0.0018771092,0.09790823,0.07992504,0.069957435,0.0062639564,0.038218327,0.013042494,-0.012062088,0.08978615,-0.016649755,-0.009156254,0.04052542,0.02711772,0.0067310384,0.014588911,0.03653979,0.029149894,0.0099764,0.048848093,-0.027934529,0.020133426,0.014932481,0.013322729,-0.004507878,0.039398216,-0.0065396507,-0.039222836,0.07296805,0.0030914606,-0.043838114,0.020556701,-0.029034674,-0.023187961,0.026986107,0.03637457,-0.009130228,0.036628433,0.034374136,0.04506727,-0.037919324,-0.00047541555,0.007776729,0.015916765,-0.0015523059,-0.016565084,-0.010670626
2023-04-30,-0.017945021,-0.032308098,-0.00838044,0.016103188,-0.013761545,-0.0013368367,0.0040644472,0.01895953,0.035543136,0.0008149404,-0.013906437,-0.020340487,-0.034379836,-0.021700902,0.0019881611,-0.005348343,0.012188774,0.028625982,0.033483393,0.018860864,0.027954714,0.008125186,-0.012850721,-0.014847659,0.038612172,0.035844263,-0.024839478,0.012378432,-0.0043366826,-0.017392773,-0.01173896,-0.008756112,-0.013664291,-0.003616782,0.026562016,0.019621434,-0.047139913,0.04670809,-0.025562346,0.02028147,0.014633065,-0.021997122,-0.0074087284,0.0040072645,-0.014552535,0.01565557,-0.01307125,0.020188902,0.009520536,-0.03596914,0.011606314,-0.014400153,0.026899254,0.02713979,-0.011411748,-0.018838137,0.018999096,0.0051726256,0.020043172,-0.021843305,0.013166565,-0.0150636025,0.02562833,0.02046132,-0.019495696,0.0033549226,0.00025383366,0.03323315,0.008785656,0.022346443,-0.0026648566,0.002471194,0.0437032,0.012747233,-0.012492332,0.02543943,-0.013578069,-0.03519976,0.01158965,-0.01911823,0.0038487767,-0.0049607363,0.011509913,-0.001388887,0.0020178098,0.0016548156,0.040480908,0.0072949566,-0.00072795746,0.024932653,0.02919413,0.024341114,-0.022270318,0.015303476,0.0076047904,0.022073787,0.017786933,-0.00014771384,-0.020206898,0.023301436,-0.0065728584,-0.013025705,-0.008722238,0.0042861965,-0.009927786,-0.009018409,0.0012676489,-0.00010043064,0.09729065,0.07099588,0.06772692,0.0094267065,0.04189518,0.0124595435,-0.011949593,0.08704052,-0.0152414525,-0.010618649,0.04401899,0.031285215,0.0076862313,0.016310187,0.0361457,0.023863591,0.01138951,0.047510605,-0.022054551,0.02477096,0.009086731,0.004268296,0.006860548,0.022679772,-0.007064965,-0.040983316,0.073395,0.0014883716,-0.035919514,0.017646568,-0.017969092,-0.017716192,0.025614107,0.03705843,-0.0115579115,0.037944645,0.032031637,0.048807994,-0.036175977,0.0019936857,0.011843226,0.021086808,0.00040563196,-0.013258268,-0.008468373
2023-05-31,-0.017600656,-0.027579572,-0.01023583,0.01561502,-0.016972076,-0.009047071,0.008867164,0.011070728,0.028850175,0.0016092251,-0.004698983,-0.013706412,-0.019129822,-0.016201507,0.0020155122,-0.009494726,0.0041703926,0.029834071,0.02828482,0.013753019,0.02514209,0.012086665,0.0011059471,-0.003141939,0.032499656,0.031845253,-0.020368917,0.010712135,0.002782072,-0.010630049,-0.012374686,-0.0006914867,-0.019994091,0.0010637798,0.022268152,0.0242799,-0.04834138,0.044119503,-0.02833281,0.023193128,0.019933466,-0.011585786,-0.0058103255,0.008380262,-0.004211676,0.013553013,-0.0088102,0.027818918,0.011344091,-0.031218223,0.01825509,-0.020490076,0.019776696,0.021558138,-0.005246636,-0.011309182,0.020911934,0.0037867504,0.017985243,-0.0126310615,0.027605426,-0.009237854,0.040354043,0.037878256,-0.029224692,-0.0021179325,-0.00033721808,0.031828035,0.004901725,0.022262065,-0.005511375,0.005136774,0.03908539,0.013721075,-0.014923739,0.018682873,-0.0084596975,-0.033310253,0.007389174,-0.013949074,0.011013578,-0.008675767,0.021724014,-0.00033399466,-0.0054508634,-0.005592859,0.036610845,0.0069181127,-0.0024242492,0.025876744,0.028558552,0.024544327,-0.018816058,0.019522151,0.004317523,0.018438332,0.015752582,0.0044785994,-0.0137087265,0.01730041,-0.0006189202,-0.0067442064,-0.008408314,0.0068906746,-0.011997409,-0.011757582,0.0028485486,0.0054667625,0.0897146,0.060144566,0.053821877,-0.003200599,0.037213936,0.013179526,-0.010527517,0.09372461,-0.032844055,-0.013085911,0.038723063,0.02615806,0.023547286,0.03507819,0.05170829,0.029405093,0.027619993,0.04261369,-0.01651876,0.032041658,0.0114287315,0.0007577355,0.013202147,0.016200237,-0.006572337,-0.046928875,0.08382326,0.009477916,-0.029136773,0.014493699,-0.02332167,-0.02513542,0.037575115,0.053992823,-0.01533701,0.037715048,0.031752877,0.04372846,-0.042832166,0.006558846,0.015504233,0.019812206,0.0049478756,-0.0055102156,-0.004348475
2023-06-30,-0.004758155,-0.03279105,-0.008522897,0.014500578,-0.02274498,-0.018739855,0.0075105773,0.014875125,0.02380404,0.00032555827,-0.012643014,-0.0013667708,-0.022457507,-0.024020739,-0.00072789186,-0.000112175956,0.00079129735,0.022114413,0.018827865,0.008411492,0.031993218,0.0037822658,-0.0014251565,-0.00838596,0.027543632,0.029474894,-0.020323861,0.0003334035,0.009112399,-0.016741058,-0.016613184,-0.00036104256,-0.014723985,-0.0056168335,0.023974182,0.018695872,-0.049435522,0.04158823,-0.038575284,0.024647942,0.0198317,-0.015576746,-0.007866112,0.006000989,-0.0013743005,0.010710674,-0.01723173,0.022049163,0.006493839,-0.034997765,0.0144982645,-0.026635058,0.025444752,0.029805562,-0.008599533,-0.0068372414,0.02124744,0.0035265759,0.016674757,-0.01081308,0.022940945,-0.01713552,0.039205816,0.034858026,-0.031391237,-0.009504933,-0.00525408,0.034467522,-0.003084367,0.020762194,-0.013388957,0.0044026338,0.041157212,0.005947913,-0.017689303,0.019412095,-0.009941688,-0.031043312,0.005188529,-0.015628483,0.014111148,-0.0042866706,0.02247286,0.0029937082,-2.1765756e-05,-0.010957526,0.038833976,0.0028162338,-0.005303225,0.024949191,0.030206878,0.017821472,-0.016103908,0.013141033,-0.002419404,0.0131782405,0.011116603,0.0020116093,-0.014851954,0.018825438,-0.004263642,-0.010409592,-0.0020045715,0.012014281,-0.010995406,-0.0031117753,0.006324445,0.0025115162,0.08946261,0.060719196,0.058903154,-0.011380514,0.03622653,0.008972082,-0.020918692,0.08759467,-0.012520642,-0.018072836,0.046311025,0.033080444,0.020412391,0.03461656,0.056853116,0.021892637,0.029221501,0.04505733,-0.0169617,0.026547175,0.0088415565,-0.0002367635,0.004889489,0.018113554,-0.00052002136,-0.04186699,0.069511846,0.0059073013,-0.049236026,0.019861486,-0.028520811,-0.039629303,0.036993448,0.05804588,-0.011951518,0.03412445,0.031293064,0.043262377,-0.041903,-0.002610436,0.011839362,0.022521496,-0.0047464306,-0.012272959,-0.015503614
2023-07-31,-0.009267067,-0.030976305,-0.015758947,0.006078549,-0.025332551,-0.022039175,0.013636769,0.024440963,0.011190853,-8.678022e-06,-0.03471991,-0.011112826,-0.037521392,-0.040114816,0.0003915401,0.008295807,-0.0054607145,0.011747743,0.0047989865,0.0059973276,0.025419952,0.010735547,-0.008253502,-0.006287424,0.026745236,0.030382123,-0.04128527,-0.002812805,0.00093117106,-0.016516302,-0.014117353,0.0076128603,-0.00092830695,-0.005698867,0.014500464,0.027381536,-0.04494554,0.03586252,-0.024851874,0.020804448,0.027086077,-0.013987842,0.0035304734,0.0074429996,0.0023390888,0.020684563,-0.011783349,0.028980223,0.011820459,-0.021647831,0.018248416,-0.025144381,0.026651306,0.031988658,-0.012615756,-0.015442534,0.017986314,0.0014835377,0.007008522,-0.0020642541,0.02158246,-0.017313369,0.036947366,0.03197687,-0.023493953,-0.0121202525,-0.011580864,0.02525068,-0.0069765844,0.026621547,-0.013720707,0.0015260597,0.03093344,0.012431913,-0.017529182,0.016437067,0.00037829654,-0.019629844,0.007399069,-0.0073453235,0.020503484,-0.0005645726,0.03012716,0.0047568893,-0.004501766,-0.013911133,0.029214773,-0.0034125333,0.00052672095,0.017724765,0.02219612,0.020108422,-0.009138717,0.01698326,-0.00051342905,0.016726758,0.017016621,0.012940171,-0.0032841193,0.025526289,0.0020508682,-0.014786056,-0.0025108438,0.010212179,-0.0075911325,0.006051036,0.008650563,-0.0052175648,0.07441375,0.04831026,0.044832006,-0.0060701077,0.03676401,0.01219769,-0.017636903,0.080157265,-0.024964822,-0.016676866,0.04324746,0.03604511,0.01756009,0.030474238,0.050381925,0.018331973,0.02447767,0.048185382,-0.014244017,0.018426131,0.0068455245,0.01479501,0.0040514893,0.014125887,-0.012719058,-0.051353008,0.07197501,0.0020347836,-0.06970549,0.037038203,-0.02081389,-0.044608142,0.028893752,0.052056883,-0.014228386,0.027800485,0.026504146,0.038103435,-0.031254984,-0.01003532,0.021966828,0.019285863,-0.012335793,-0.019972103,-0.023255449
2023-08-31,-0.004049273,-0.036190048,-0.028162653,0.008303312,-0.024113946,-0.019074446,0.02372439,0.017673796,0.010342891,0.016718544,-0.035159115,-0.022790482,-0.042768084,-0.044364125,0.012485188,0.022127219,-0.001935603,0.010058872,0.0015039108,0.0008290476,0.028507115,0.009362218,-0.008223437,-0.007599376,0.022624018,0.026021598,-0.03859042,-0.0047030253,0.0032516897,-0.014939371,-0.015712753,0.011930632,0.0012752871,0.0009976448,0.01563266,0.025264213,-0.028297842,0.0296854,-0.018148225,0.02015616,0.025730306,-0.014072374,0.010431949,0.007892878,0.014207585,0.01898025,-0.012305554,0.034300413,0.015877921,-0.02221314,0.02804066,-0.024998285,0.024154061,0.028406695,-0.007378894,-0.004546601,0.020362528,0.0014896867,0.010461264,0.013878003,0.008776962,-0.02678699,0.03337906,0.027586898,-0.031202214,-0.012879814,-0.011645586,0.02925954,-0.002527337,0.020936538,-0.016954161,-0.0082403775,0.033993516,0.014761589,-0.020577095,0.012245008,0.0013014709,-0.018877067,0.008541372,0.00047996137,0.018872827,0.0001731495,0.030694354,0.007559937,-0.0040493067,-0.0130818505,0.035799284,-0.0035284273,0.0064368923,0.018571196,0.02549138,0.01353435,-0.003701962,0.021596316,-0.005686755,0.008198319,0.0073899254,0.0067298943,-0.010957765,0.01885911,-0.0009826194,-0.013683099,0.0054182443,-0.005092467,-8.001691e-05,0.012518275,0.009056007,-0.0020726053,0.079779424,0.06441379,0.056589212,-0.009217701,0.037571896,0.00100251,-0.014719216,0.075661525,-0.038706932,-0.011182363,0.032011908,0.022233749,0.007319861,0.015731184,0.04613031,0.018347604,0.011090884,0.04361617,-0.0041085994,0.00501908,-0.0009480667,0.015018252,-0.0025651357,0.015823228,-0.0051854816,-0.038042404,0.080610365,0.0006934106,-0.062875964,0.025090033,-0.031826437,-0.0484362,0.028448835,0.05411757,-0.020077066,0.033744734,0.03313942,0.045573425,-0.031848494,-0.016774056,0.020492008,0.016313633,-0.01926645,-0.025398638,-0.029440787
2023-09-30,-0.01289856,-0.029897759,-0.025715375,0.004477051,-0.015599067,-0.016666416,0.016149571,0.021744963,0.01007912,0.014466155,-0.029768048,-0.028018735,-0.03944885,-0.02701721,0.010720032,0.015362112,0.0036068715,0.014872544,0.012666039,0.014463377,0.024643367,0.011988778,-0.00049253774,0.0011083365,0.029465843,0.03201846,-0.0349099,-0.0008749453,0.0006308476,-0.0053948024,-0.011836181,0.0045084446,0.003074217,0.0022173456,0.012290786,0.02474581,-0.024940249,0.030556487,-0.01678038,0.017855532,0.027204247,-0.015351193,0.007058591,0.011207219,0.012272771,0.020384941,-0.009149212,0.03759617,0.019475386,-0.014789228,0.03190714,-0.01880754,0.028273033,0.03277298,0.0041026934,0.0015641011,0.022946771,0.0049641686,0.017569248,0.010453726,0.013125038,-0.02103211,0.03449778,0.0295748,-0.035141718,-0.0071824114,-0.007876863,0.026671426,0.003406165,0.027060857,-0.009527407,-0.006810232,0.036980484,0.023043875,-0.017601475,0.014333583,0.004134658,-0.0178524,0.014456063,-0.0017722504,0.01879463,-0.0035583214,0.02921908,0.0067373225,-0.010768524,-0.0065054246,0.03463335,0.002015033,0.009854015,0.024147516,0.026191624,0.02202175,-0.00112384,0.023585895,-0.00037676754,0.015855148,0.015426374,0.01145934,-0.00869017,0.021314196,0.0022846763,-0.0026840998,-0.0015230528,-0.006657992,0.0030631758,0.01251725,0.011332535,0.0021921648,0.0780178,0.059755106,0.051884726,-0.00069630134,0.045069765,0.0073377974,-0.0048306137,0.08472061,-0.050449062,-0.009505121,0.03964776,0.017039547,0.010187426,0.01931846,0.047925297,0.018470792,0.014008353,0.047109883,-0.0061352374,0.013429221,0.0023194079,0.013734532,0.009492708,0.01113941,-0.013446809,-0.04081041,0.08427766,-0.0026897679,-0.05150771,0.022042684,-0.036225926,-0.044317037,0.038429808,0.04990717,-0.01729444,0.037749466,0.029718198,0.047174945,-0.032189954,-0.009389042,0.019129284,0.021944897,-0.011713186,-0.017045094,-0.022335231
2023-10-31,-0.0141955605,-0.03689961,-0.033339944,-0.000742425,-0.016656836,-0.015810298,0.02033718,0.01860495,0.010833982,0.019205363,-0.020240815,-0.01014706,-0.026537351,-0.021907173,0.014435361,0.006068194,0.010110844,0.011119847,0.012399223,0.019491158,0.027794354,0.014474583,0.0006459486,-0.0007578796,0.03320864,0.03440894,-0.026544143,0.0033587103,0.0029650594,-0.007024743,-0.004719581,0.0017856554,0.0067209215,0.008399561,0.0067596105,0.026139563,-0.010777195,0.023437947,-0.0060658907,0.014905165,0.031658348,-0.01637806,0.01431668,0.008350707,0.017788164,0.021691043,-0.003154241,0.043612182,0.026788404,-0.0023804703,0.045452274,-0.01233901,0.023143128,0.027445529,0.007285818,0.0008183542,0.013061425,-0.0031235653,0.008786897,0.016091613,0.022595633,-0.01704166,0.041971285,0.039209306,-0.04032158,-0.0018115843,-0.0018812859,0.01862445,0.01380328,0.027811335,-0.0052495245,-0.01165236,0.043357756,0.021592582,-0.008552861,0.012573631,0.004425499,-0.012446551,0.015352803,0.003992197,0.020549765,0.00131039,0.031059029,0.009842327,-0.010261401,0.0009015359,0.043950193,0.010256705,0.023669425,0.029459441,0.031192832,0.02892452,0.0047777486,0.033911973,0.0007005608,0.013247099,0.014329886,0.010355135,-0.008865945,0.01786337,0.0047061583,0.0036705264,-0.002935892,0.0033951658,0.013223641,0.01984418,0.010533414,0.013109878,0.07604292,0.06204325,0.056975953,-0.0053852075,0.04586767,0.0061720954,-0.014350464,0.067554526,-0.044120785,-0.0089754425,0.03681147,0.008841228,0.01145035,0.022505913,0.048140705,0.014321971,0.02359076,0.04892766,-0.002569175,0.0041885725,-0.0007357565,0.017058931,0.00457252,0.016111225,-0.014752038,-0.032137107,0.09101142,-0.006781922,-0.043024894,0.020794561,-0.03026696,-0.039566893,0.036386374,0.054352205,-0.014037063,0.035258867,0.029156571,0.05146658,-0.028983612,-0.007897412,0.023198668,0.022232207,-0.009881483,-0.015648931,-0.021091219
2023-11-30,-0.022018522,-0.037938606,-0.03197606,-0.004587917,-0.023382986,-0.022636713,0.019323321,0.016750466,0.010841784,0.016877988,-0.007884806,-0.012977635,-0.016941087,-0.011197509,0.011708726,-0.00024806248,0.008771656,0.0042011156,0.012948209,0.019976038,0.024755204,0.012189078,0.0012585283,-0.0024821407,0.027205547,0.030712005,-0.024665942,0.009287386,0.007602858,-0.01155818,-0.0014541758,0.00023731924,-0.0019370974,0.014581391,0.002574401,0.024433177,-0.01268472,0.029479042,-0.012768768,0.017473519,0.028529327,-0.017758576,0.010124189,0.0087076165,0.012989939,0.021657303,0.001904517,0.04731813,0.0320821,-0.0031522934,0.04438373,-0.015977237,0.020594673,0.02414453,0.0074147237,0.0058287517,0.015455086,-0.0011048744,0.013807038,0.01588207,0.025154028,-0.011897462,0.043935128,0.039129112,-0.042672627,-0.0072714733,0.00044198643,0.0147456555,0.010498362,0.02625599,-0.008185973,-0.014474815,0.041478056,0.019007454,-0.013511862,0.010646883,0.0064910646,-0.009168957,0.00994783,0.0037603758,0.024530988,0.006278673,0.036947638,0.016799456,-0.005415907,-0.0037844062,0.042559337,0.008885605,0.027114283,0.02961097,0.03241497,0.027887564,0.004551541,0.03278425,0.0021027548,0.009911628,0.010932907,0.00903474,-0.008483509,0.016514083,-0.0033874018,-4.4522778e-05,-0.00404266,0.0091667725,0.013003473,0.016859796,0.008669659,0.021095144,0.079431534,0.054787762,0.05740637,-0.010482883,0.041674953,-0.00065519946,-0.027182143,0.057251763,-0.036202833,-0.019402916,0.035428036,-0.00025089117,0.019589992,0.025768658,0.040684693,0.017339306,0.028996114,0.04953464,-0.0085088415,0.004759144,0.0050663794,0.015734337,-0.0016171667,0.024727307,-0.0052203443,-0.022745274,0.086814485,-0.0057605496,-0.047602456,0.017136253,-0.031559356,-0.044936463,0.03795976,0.05315652,-0.017483832,0.03940378,0.034187466,0.05275978,-0.029766554,-0.0044196374,0.021088317,0.023007616,-0.0076594646,-0.014218787,-0.017793305
2023-12-31,-0.012747943,-0.039937194,-0.028719101,-0.010490695,-0.02721523,-0.025757225,0.01873147,0.019078437,0.008041312,0.014307002,-0.018428814,-0.009908539,-0.03365856,-0.025991779,0.010622433,0.009057514,0.007985716,0.0057441313,0.008493234,0.015048253,0.029867765,0.007759628,-0.0051641813,-0.0051690433,0.02352489,0.028838223,-0.037475787,0.013549187,0.008823772,-0.015210585,-0.008570675,0.0022999097,-0.006302137,0.008577203,-0.001970861,0.021976722,-0.010401019,0.028915996,-0.014967301,0.019908397,0.027157482,-0.018563926,0.007607866,0.004043464,0.012950255,0.01982787,-0.0010712272,0.043730922,0.028313413,-0.0061211893,0.040436924,-0.018331178,0.025851235,0.029215641,0.007885653,0.0076266862,0.017261133,0.002909472,0.017436393,0.018302498,0.023666378,-0.015840108,0.0419308,0.037810966,-0.04547774,-0.0066535245,-0.0010417191,0.009240775,0.006248846,0.025391927,-0.007327925,-0.013307279,0.03969114,0.015670102,-0.013977479,0.0092791235,0.0062733735,-0.010620982,0.0059763966,0.0022904864,0.02174386,0.010794151,0.035222843,0.019314898,-0.00017087773,-0.0027113387,0.043144904,0.006790552,0.02120947,0.025611302,0.03104835,0.022057254,0.008828596,0.026588943,-0.0028002588,0.006459532,0.0081027625,0.006250341,-0.011532477,0.020150315,-0.0017590151,-0.0009526793,-0.0033463486,0.0049843243,0.00919015,0.01754137,0.011615094,0.01047028,0.07916766,0.055852544,0.058697883,-0.0014846688,0.044353172,0.0020627147,-0.02098227,0.057636518,-0.0356471,-0.021210745,0.03819595,0.001694218,0.017535063,0.01951186,0.044732943,0.018665992,0.02251075,0.05120711,-0.012091668,-0.0011220478,0.000850685,0.015237798,-0.008358496,0.02293254,-0.008199084,-0.026500486,0.06910566,-0.00093587884,-0.05250214,0.022182453,-0.024921712,-0.045764837,0.036744084,0.04712687,-0.017746732,0.03486795,0.0326309,0.047979835,-0.027707,-0.013061692,0.019539433,0.024177695,-0.01633418,-0.020665444,-0.027571872
2024-01-31,-0.0060453075,-0.047311228,-0.030706694,-0.003980219,-0.029355848,-0.027878566,0.025858674,0.01860682,0.002703452,0.018149327,-0.03624019,-0.015859362,-0.053727444,-0.039210696,0.015541298,0.01840793,0.008150667,0.008400319,0.005562286,0.009129049,0.032498837,0.0051329797,-0.008676441,-0.007868479,0.018703504,0.02498266,-0.043233626,0.009994269,0.0066013085,-0.01604619,-0.01190258,0.009424598,-0.0058558118,-0.0018629871,0.010852741,0.01527542,-0.009890853,0.031032177,-0.010453476,0.021702169,0.026370076,-0.019358916,0.013398862,0.0028326407,0.016483376,0.021815015,-0.004607922,0.040886134,0.02098792,-0.0021809824,0.039169546,-0.016664695,0.023318922,0.02683656,0.012123283,0.007874688,0.02157414,0.0008701125,0.012968585,0.024455713,0.018541228,-0.02273019,0.0437836,0.037399847,-0.0422806,-0.0054545924,-0.0033442706,0.018303422,0.003407611,0.018680947,-0.0038862186,-0.012418559,0.0370405,0.014426552,-0.014240593,0.0099499,0.0034233818,-0.009434502,0.00350075,0.0040347623,0.01691016,0.013160626,0.034592293,0.020124331,0.0011605575,-0.0012178139,0.04162667,0.0070833447,0.01913405,0.017630348,0.024097303,0.0121291615,0.014492132,0.025176227,-0.010868601,0.0014934628,0.0025511954,0.0052888473,-0.016210243,0.020872593,-0.0063507175,0.00013531143,-0.0007762895,-0.0007291398,0.0062801186,0.02146177,0.007325303,0.007185353,0.0792927,0.064788796,0.062133506,0.0024944402,0.039842162,-0.005793729,-0.027072618,0.03193623,-0.055180017,-0.023681112,0.027931103,-0.008713427,0.003677427,0.00017509608,0.03391167,0.009930252,0.014607825,0.050166093,-0.010827297,-5.6135526e-05,-0.0040081353,0.018562749,-0.009555164,0.02321054,0.017218728,-0.030042784,0.046369832,-0.0028543037,-0.069130704,0.033455394,-0.029297499,-0.05389328,0.031041788,0.047564346,-0.014863139,0.02367247,0.023836484,0.042990077,-0.024193253,-0.02056111,0.012680094,0.025758164,-0.023975635,-0.023645885,-0.03546625
2024-02-29,-0.006947804,-0.04101196,-0.022143103,-0.00013283832,-0.022663752,-0.026578296,0.0144084925,0.020962935,0.010954207,0.010500089,-0.017427716,-0.016478455,-0.039508026,-0.02471298,0.0076560476,0.012777178,0.009366458,0.009921324,0.014220029,0.016016288,0.032089453,0.006477208,-0.008851728,-0.0051745167,0.0235026,0.026825614,-0.032128017,0.016779834,0.0063472628,-0.017840113,-0.01856411,0.0009924881,-0.0153213935,0.00013182979,0.010666451,0.014948197,-0.008217846,0.032948125,-0.013620795,0.018745344,0.02724189,-0.025347175,0.0022010847,0.0024334744,0.0050605596,0.02043715,-0.0052248207,0.04049105,0.022226645,-0.01143491,0.037067875,-0.017114202,0.026950488,0.031081246,0.016000774,0.010012905,0.024028465,0.004512691,0.019980129,0.016287917,0.022000434,-0.021355493,0.04056774,0.037341554,-0.04517923,0.00035389015,-8.206096e-06,0.022733489,0.0099544795,0.018129889,-0.0005768598,-0.009612873,0.043055963,0.012848465,-0.014797901,0.011648028,-0.0016348814,-0.013458726,0.0073769954,-0.005410595,0.013714289,0.009610615,0.030217538,0.017281987,-0.0042700297,0.0035465695,0.04239479,0.012140799,0.0130833825,0.026022,0.0268538,0.018591562,0.0085425945,0.021750707,-0.0045059873,0.0058081136,0.0051942673,0.0029579601,-0.017151244,0.025968906,0.00038292352,0.0053775543,-0.007913782,-0.0034890154,0.0041967216,0.007334658,0.008552373,0.010884882,0.07671302,0.059510216,0.05378912,0.0050033587,0.04072963,-0.0044321488,-0.0228551,0.050022475,-0.057748206,-0.019356301,0.028809825,-0.013354422,0.0103225205,0.008723247,0.043213274,0.013258846,0.019909814,0.05174348,-0.012985398,0.0034407524,-0.00023505124,0.0138637,-0.009549161,0.022352746,0.011121801,-0.038236953,0.052265912,0.007782722,-0.06568924,0.027382553,-0.032737035,-0.04494268,0.04115141,0.04431748,-0.017112782,0.035012335,0.029426109,0.041143514,-0.027884744,-0.015339681,0.0115523115,0.031750537,-0.018717008,-0.019561717,-0.029468559
2024-03-31,-0.00019341166,-0.046679176,-0.022929523,-0.0026933132,-0.024794541,-0.031334344,0.0073312623,0.03316527,0.0006184585,-0.00013835786,-0.0240991,-0.018464403,-0.043524716,-0.0323716,-0.0020132859,0.01627663,0.00849234,0.0084114475,0.011637116,0.012965877,0.033328824,0.004931168,-0.008337204,-0.002195206,0.021335213,0.025640085,-0.035990234,0.016068218,0.005550792,-0.01696658,-0.021178009,-0.0070462488,-0.00655238,-0.0058194473,0.008787294,0.009849479,-0.009146974,0.030688,-0.010423338,0.021826293,0.033144373,-0.031525344,-0.003807119,0.0009410065,-0.0014536616,0.020995518,-0.01150778,0.033369947,0.015025261,-0.005721331,0.035806317,-0.01351678,0.02993471,0.035247553,0.014807914,0.01049323,0.021597954,0.006965482,0.024279393,0.009895056,0.016428296,-0.027151711,0.03697176,0.03361358,-0.043316107,-0.0032857265,-0.0023325067,0.021904966,0.0053845355,0.024462316,-0.002064451,-0.014954359,0.050339602,0.013740501,-0.011123299,0.014152611,0.0018852644,-0.006383822,0.008133221,-0.010068107,0.018401233,0.012157458,0.03301294,0.019052342,-0.0041281623,0.0048580104,0.046364307,0.0124596525,0.016825968,0.026468895,0.025123032,0.020975325,0.019290492,0.017994795,-0.0011190524,0.004994922,0.005244089,0.0056975726,-0.013120419,0.03742745,0.0036781537,0.0037385332,-0.009594999,-0.0011044615,0.008349253,0.009612998,0.010433411,0.011751292,0.067273356,0.050955173,0.04396201,0.0076283114,0.03841248,0.0038709694,-0.010192988,0.043632377,-0.05322125,-0.023921674,0.03332223,-0.007346473,0.003661305,0.002480916,0.037304062,0.009017998,0.016972113,0.06415566,-0.0074075693,0.001985298,-0.006406999,0.015303197,-0.009435486,0.019087499,0.0141681135,-0.043397434,0.053492654,0.0044810115,-0.05345892,0.036167502,-0.032234065,-0.05302137,0.043416474,0.041285258,-0.013714337,0.03150513,0.024920324,0.043240193,-0.024499914,-0.021434959,0.007226289,0.03695603,-0.025173275,-0.023583783,-0.03515869
2024-04-30,-0.011107104,-0.042951938,-0.034813993,-0.0102583105,-0.027011817,-0.024266068,0.018057117,0.02041291,0.004676771,0.0072581056,-0.028677817,-0.0150260115,-0.04077269,-0.032817006,0.0083831195,0.011201643,0.002766431,0.0070605353,0.01139747,0.008418541,0.023117498,0.0059578097,-0.0015348749,0.00020616865,0.021930397,0.02324002,-0.033701852,0.021812305,0.0053038145,-0.00446695,-0.018980883,0.0014056088,-0.012008704,0.008072123,0.0015145906,0.014379302,-0.008599223,0.029442092,-0.012150913,0.017356439,0.03164201,-0.024192335,0.0065712254,0.0073710065,0.010407859,0.018143216,-0.0046550427,0.04102822,0.023745123,-0.00925007,0.04249441,-0.0099397125,0.016409751,0.021520399,0.017517593,0.011274383,0.02210279,0.0084258085,0.024637448,0.019735582,0.020851323,-0.019268107,0.040457293,0.037334535,-0.037726764,-0.0015986249,0.0020415934,0.015481599,0.006664864,0.022321155,9.8057135e-05,-0.013727822,0.04188814,0.017971657,-0.008025647,0.013376198,0.0036383898,-0.011686405,0.013174484,-0.003360349,0.01771489,0.007890992,0.037037756,0.014752054,-0.0068250843,0.008476359,0.04139375,0.014218748,0.019796086,0.022258986,0.025290404,0.019245816,0.015749326,0.02877352,0.0014259489,0.004993213,0.0052919006,0.007410142,-0.010982567,0.024498636,0.0028995946,0.00047631195,-0.013267324,-0.0019201124,0.004431568,0.012801216,0.0035343552,0.009648549,0.06603246,0.051507343,0.047321282,0.009473159,0.03316659,0.0063226977,-0.007564909,0.04912385,-0.051553905,-0.031547945,0.02971405,0.0020114435,0.008370653,0.0072106137,0.041728813,0.01346022,0.020651886,0.0542512,-0.009088112,0.011006154,-0.0048829964,0.019974677,-0.003947343,0.021277335,0.011505191,-0.04386958,0.05187359,0.0078341365,-0.05167648,0.034994945,-0.033083726,-0.05934143,0.050036352,0.053587545,-0.019230282,0.026316447,0.024624463,0.042476818,-0.02857904,-0.02114167,0.014023926,0.02687265,-0.023940256,-0.024914177,-0.031608492
2024-05-31,-0.016170146,-0.044940338,-0.03277197,-0.02077188,-0.029128019,-0.02358442,0.01849392,0.014815289,0.0043746415,0.007882553,-0.02377197,-0.0011118819,-0.026921922,-0.029688612,0.0069094556,0.010921859,0.00027271576,0.0030463405,0.01442626,0.007000669,0.025617467,0.0008591336,-0.005541708,0.0012203794,0.020298263,0.023925317,-0.027004445,0.022333834,0.0024472924,-0.00119874,-0.017344413,0.0023618734,-0.010662246,0.019439347,-0.003393156,0.01960594,-0.013915335,0.032047253,-0.015037023,0.02158287,0.036745183,-0.0150244115,0.005260841,0.008386108,0.009839567,0.010868509,-0.00592428,0.04862463,0.031428758,-0.0150970435,0.041642327,-0.015808014,0.01199,0.017774872,0.015030705,0.0076943003,0.017420014,0.013224818,0.018130103,0.017852752,0.025995074,-0.00929895,0.043366667,0.04198284,-0.046523448,-0.0030879048,0.0032694351,0.0070910333,0.002743111,0.025404245,-0.002299913,-0.019665401,0.040457707,0.01647249,-0.013291479,0.014505634,0.0075542303,-0.01106022,0.008689317,-0.00084332173,0.018301599,0.0065586814,0.039667968,0.012784717,-0.00843334,0.007203565,0.043705463,0.013306017,0.029914908,0.017900562,0.026589587,0.014061012,0.010676698,0.028554764,0.003981472,0.005436138,0.00932475,0.011256973,-0.008097072,0.018952617,-0.0051509864,-0.011197821,-0.016485095,-0.005537716,0.013313876,0.02431036,-0.00021224412,0.019748483,0.06514771,0.04284215,0.047079895,0.0059815124,0.03209803,-0.00046418933,-0.010215668,0.039043333,-0.05492016,-0.036424465,0.019946037,-0.0029401518,0.0037861764,0.0050702193,0.029695803,0.003974086,0.021718318,0.053696834,0.0008185882,0.006049641,-0.0059987954,0.013862764,-0.0029866123,0.01751909,-0.0027060146,-0.03585132,0.06574481,0.003911911,-0.047255434,0.033646822,-0.03296925,-0.0665433,0.058670707,0.0669333,-0.017768716,0.026306469,0.028235035,0.049795073,-0.029985549,-0.02086478,0.021969087,0.02757273,-0.0239043,-0.0279627,-0.028247418
2024-06-30,-0.022907026,-0.04966715,-0.038392305,-0.0026551012,-0.025821848,-0.017825635,0.017902778,0.0050639533,0.013304159,0.013931968,-0.01610911,-0.008716023,-0.02377022,-0.02350115,0.009866827,0.014962362,-0.0081493175,0.006367115,0.015140539,0.003330401,0.031452168,0.0036151959,-0.00080836617,0.010310358,0.022579158,0.025320666,-0.024961723,0.022506438,-0.0032286502,-0.0037407458,-0.018701605,0.0014204178,-0.01010786,0.018790752,0.011775562,0.023077758,-0.017772254,0.036385693,-0.019054675,0.026440952,0.03165152,-0.009563962,-0.001178278,0.008896267,0.009029266,0.00762755,-0.0058035986,0.04543178,0.029059486,-0.018663753,0.040031385,-0.014331716,0.004952024,0.010356461,0.011507749,0.002914732,0.02013917,0.009480968,0.016810315,0.0111266095,0.019528056,-0.013507648,0.034956843,0.035783287,-0.04327925,-0.0019068974,0.010075683,0.022086209,0.0049016657,0.020382997,-0.006150087,-0.021506831,0.043460492,0.0139997685,-0.00987419,0.0128013855,0.0072809607,-0.014493243,0.00943817,-7.1784634e-05,0.013525207,0.00961961,0.037576698,0.013572998,-0.0013925311,0.0064059426,0.047792155,0.013043342,0.027427688,0.013652682,0.024706336,0.015728548,0.0050143646,0.02695902,-0.0045403666,0.0062042275,0.011422843,0.006988228,-0.006128794,0.010944048,-0.01129697,-0.010577388,-0.0058281207,-0.0027426363,0.009287069,0.019284027,-0.00498302,0.017433666,0.07793453,0.0557584,0.057983857,0.007154096,0.030794905,0.0030752225,-0.006847875,0.058430027,-0.043770142,-0.039781872,0.023671577,0.0028909293,0.0059743365,0.0057823495,0.03396158,0.0121485805,0.015264684,0.046928227,-0.014496502,0.013369164,0.0069909343,0.011504696,0.0037873508,0.024961188,-0.004818195,-0.024236783,0.07465291,0.007176714,-0.04871871,0.03626546,-0.026123503,-0.068919875,0.047756385,0.06684589,-0.022843614,0.028497783,0.029820794,0.057883304,-0.030436203,-0.01102962,0.02614821,0.023977917,-0.013641013,-0.022071721,-0.01731581
2024-07-31,-0.021980332,-0.05050734,-0.032610126,-0.005188325,-0.029215943,-0.01999037,0.014731119,0.008213512,0.0093069365,0.011966575,-0.01682999,-0.007876131,-0.022009237,-0.02244015,0.006407252,0.020315865,4.4339326e-05,0.012355368,0.021078723,0.0090741385,0.03416071,-0.0009381496,-0.005134377,0.007185389,0.024918657,0.026323209,-0.023875415,0.017579542,-0.003046844,-0.00088422967,-0.021545274,0.0021273324,-0.011150888,0.016876187,0.009315705,0.021142568,-0.021249862,0.036142062,-0.012011255,0.026363738,0.03395924,-0.012950855,-0.003421824,0.012074733,0.0052634724,0.008133217,-0.012277614,0.04217813,0.025828188,-0.018013505,0.035808835,-0.016282074,0.008834422,0.013563266,0.009764494,0.0032269289,0.016265685,0.00985968,0.016934758,0.009899259,0.01779026,-0.013334792,0.03392047,0.034140006,-0.0454231,-0.0045935186,0.009599418,0.022443514,0.0044681504,0.021553159,-0.0041820146,-0.01753262,0.044035222,0.017305065,-0.007877801,0.014264754,0.007773222,-0.010420465,0.012698846,-0.003600577,0.015059419,0.014924172,0.039862514,0.017130338,0.0006315769,0.005282735,0.050965447,0.009883809,0.025446214,0.012163383,0.023024263,0.015737114,0.005543457,0.02113227,-0.007892065,0.009428828,0.013723418,0.009076853,-0.004309667,0.011410361,-0.0096643325,-0.0071667475,-0.007815204,-0.0032429039,0.011703377,0.018168991,-0.002108571,0.014584751,0.08570383,0.053799372,0.062443268,0.0076133823,0.02188997,0.0030378425,-0.010651169,0.06128217,-0.048291832,-0.035954382,0.022072816,0.009379691,0.004539061,0.008721125,0.033404004,0.0063714017,0.014664559,0.04997032,-0.0037158583,0.009070443,0.0057720854,0.011375718,-0.0029451514,0.025280995,-0.0076632733,-0.028648777,0.07386721,0.010044889,-0.053713895,0.036308054,-0.024170587,-0.07049885,0.04543289,0.05866026,-0.016336694,0.02936067,0.030022094,0.059764538,-0.02680942,-0.011773661,0.023846148,0.026788019,-0.014274572,-0.023343094,-0.018028844
2024-08-31,-0.027512254,-0.044977587,-0.037426706,0.0203088,-0.028458849,-0.021148968,0.019107098,0.0028097117,0.005852815,0.02061562,-0.01467359,-0.00852773,-0.025268963,-0.022714628,0.013733096,0.007918277,-0.0004876625,0.009035521,0.029016277,0.01513133,0.024373392,-0.0011982472,-0.0035576823,0.005365702,0.015802728,0.017015494,-0.029080031,0.0015822509,-0.0010480897,-0.004448115,-0.030631252,0.006326408,-0.02208769,0.018295323,0.035295844,0.024038002,-0.017001329,0.03401244,-0.0018342781,0.032724164,0.032384407,-0.011879258,0.0036091711,0.01611078,0.0073636286,0.00010866421,-0.0063048936,0.04487396,0.026277013,-0.02850986,0.042300742,-0.01227164,-0.0025320565,0.0020041617,0.011311622,0.004366821,0.023441155,0.02008511,0.024260815,0.016474556,0.017649833,-0.012806556,0.041343745,0.043464087,-0.053125758,0.0005953849,0.013723668,0.048597597,0.0055212793,0.008239873,0.00062544615,-0.014348447,0.042085823,0.011062549,-0.0052282233,0.015442312,0.00045787197,-0.023445092,0.0012054564,-0.0016701608,0.004153729,0.007375464,0.025440177,0.008906763,-0.009044535,0.010552476,0.047652956,0.010854608,0.010156718,0.008013595,0.018820565,0.007297261,0.0014923665,0.026393386,-0.0030440814,-0.0025542337,0.0031924986,0.0046125026,-0.010069624,0.008071367,-0.0056817634,-0.00025342882,-0.0020283067,-0.010172034,0.003489742,0.0111256875,-0.01730966,0.013258938,0.091228455,0.0656355,0.06452193,0.019064002,0.018171735,0.0077854632,-0.0065968363,0.08347256,-0.059116103,-0.022246564,0.017017301,0.010009134,0.008337132,0.015997127,0.045658868,0.01377321,0.016609725,0.044972207,0.0009166389,0.011677557,0.0210022,0.016987704,-0.0006661961,0.024238931,-0.008739834,-0.03230966,0.0924531,0.022836827,-0.042667516,0.029211663,-0.021130063,-0.0544337,0.043861855,0.049464073,-0.014795643,0.025711587,0.027486563,0.05541942,-0.032692138,0.0004868584,0.024805546,0.026344031,-0.002090087,-0.013244794,-0.0055400627
2024-09-30,-0.024273576,-0.040691804,-0.030155621,0.014338351,-0.041350853,-0.024693793,0.017205449,0.0014575707,0.011328616,0.016346978,-0.01140242,-0.0076209903,-0.023015354,-0.018426076,0.009532184,0.002177815,0.0026829136,0.0066200737,0.03129237,0.023831751,0.026250811,-0.00045257926,-0.008349061,-0.001722264,0.015797453,0.017752314,-0.0348907,-0.005311257,-0.006106572,-0.011307598,-0.030136501,0.0052086855,-0.014678639,0.017627025,0.027696151,0.017525844,-0.01640931,0.04128909,0.0031467183,0.0327279,0.03807358,-0.005647756,-0.0013540542,0.015233556,0.00345879,-0.0049032983,-0.005647296,0.044259254,0.02724505,-0.026071927,0.042469613,-0.01719523,0.00095593644,0.0062351427,0.010602668,0.006163759,0.025916433,0.02010974,0.024107862,0.012951954,0.024558136,-0.01112932,0.044623733,0.045260675,-0.06251674,0.001578878,0.0072848424,0.037357334,0.006311042,0.012025019,-6.5001455e-05,-0.011838158,0.041990496,0.0031891628,-0.008532535,0.011734861,0.005335945,-0.014628895,-0.010813221,-0.0043691057,0.0072737094,0.017032532,0.030600844,0.019071992,-0.00057744293,0.012044931,0.054306265,0.012884414,0.009430903,0.0039246427,0.017887665,0.0073793554,0.006177514,0.022724787,-0.002637559,-0.0015134037,0.0053173956,0.011590278,-0.0011089074,0.007058417,-0.0077420655,0.002345267,-0.00088527135,-0.004275782,0.0055428604,0.0073599145,-0.0120814815,0.012077958,0.08912261,0.064222336,0.06368237,0.021781696,0.01740524,0.007490748,-0.0095888665,0.091068156,-0.044001803,-0.017005801,0.020625515,0.014567928,0.014675573,0.027388157,0.051308867,0.0098848315,0.022893874,0.04162845,0.0051724003,0.0036231787,0.025979593,0.012361153,-0.006002888,0.033933494,0.0064143124,-0.021606654,0.09433808,0.027314803,-0.0479763,0.03120542,-0.02213967,-0.044969827,0.05153524,0.044110764,-0.013989487,0.024466736,0.030037824,0.04377825,-0.021778496,0.005848461,0.016583804,0.025665719,0.0033102783,-0.007122678,0.00096106745
2024-10-31,-0.013551622,-0.037237696,-0.024200888,0.01118638,-0.048570942,-0.024530642,0.012073618,0.004634003,0.014896308,0.004887211,-0.016974475,-0.0033519093,-0.034330614,-0.035003867,0.0028781495,0.011103293,0.00093595125,0.0077244905,0.034238063,0.025668832,0.02884516,-0.0011744753,-0.0031395634,-0.0038021116,0.014989807,0.018480059,-0.04426622,-0.024431856,0.0036201347,-0.012153227,-0.034256335,0.0042955126,-0.004425669,0.015823297,0.020349946,0.021990761,-0.011595831,0.043532576,0.0032270208,0.03864331,0.03557711,-0.0026113386,-0.009584027,0.015945015,-0.0011138915,-0.008418639,-0.0020490983,0.043016437,0.024840528,-0.0125265205,0.034874454,-0.021997767,0.0026639698,0.007513759,0.016300675,0.007813712,0.020535992,0.019537805,0.02054297,0.0064277276,0.02493556,-0.016346192,0.042494908,0.045163184,-0.05998206,-0.0022010382,0.0036416636,0.027042054,0.0060894983,0.012447787,-0.006774435,-0.016242012,0.038413256,0.0046369093,-0.017273718,0.0066470704,0.006911753,-0.00024176703,-0.020093894,-0.0071757953,0.0033346915,0.023137582,0.026699334,0.027803961,0.00360023,0.006947754,0.054433797,0.012525048,0.005571313,0.0018665579,0.01916908,0.008979235,0.018919094,0.016364459,-0.009143106,-0.0024737378,0.0063253734,0.008857995,-0.0035223104,0.008986895,-0.0058818925,0.009648239,-0.0051358216,-0.0018445136,0.0050395043,0.011488186,-0.008819229,0.0021550008,0.07627408,0.040764563,0.05454257,0.020827394,0.024300996,0.009806855,-0.014620855,0.07833943,-0.042702142,-0.019570287,0.023067635,0.02350476,0.005518263,0.018533848,0.04674564,-0.0015180138,0.020818084,0.045030955,0.0038030802,0.0070016407,0.035198398,0.009433953,-0.0032931578,0.032656234,0.019251104,-0.018261096,0.09228864,0.02703404,-0.06720267,0.040781684,-0.02797546,-0.04894024,0.0357662,0.04565059,-0.027101394,0.027417073,0.035217866,0.03623415,-0.010160551,0.0018506302,0.021605909,0.022529954,-0.0006852334,-0.013837149,-0.0039937403
2024-11-30,-0.0012005853,-0.04087004,-0.026882298,0.007845629,-0.053415023,-0.029350668,0.012196232,-0.00048318182,0.014931013,0.0020895456,-0.02053844,-4.387031e-06,-0.031029616,-0.036692545,-0.0003261628,0.011656707,0.003986798,0.004287564,0.025077034,0.018193757,0.031792298,-0.004546216,-0.006760494,-0.009776705,0.012602063,0.015943937,-0.04080375,-0.028821252,0.00809807,-0.011177906,-0.03453624,0.0043888832,-0.005608269,0.01471538,0.019236645,0.014962018,-0.009811254,0.03239873,0.015605246,0.036853995,0.034258895,0.00066907593,-0.0070442,0.0160666,0.00037106176,-0.008499488,-0.003528723,0.042740237,0.023327693,-0.0033402005,0.031794574,-0.021336222,-0.00075955235,0.005117153,0.0067805746,0.0022391672,0.020738866,0.018814811,0.019996686,0.011231944,0.02727392,-0.022909995,0.043438025,0.04433845,-0.05773744,-0.0051950575,0.008197061,0.026959257,0.005390301,0.00958701,-0.0101806605,-0.022203384,0.043357786,0.005422283,-0.017987553,0.0029362172,0.008802158,0.004262285,-0.018748585,-0.0060180407,4.5268334e-05,0.02847443,0.026431447,0.034321662,0.0021696002,0.004695012,0.05776132,0.011244183,0.0077035143,-0.0007735072,0.021326989,0.003285518,0.025591396,0.015899086,-0.02235765,-0.007906219,0.0017337387,0.008086559,-0.0012232692,0.001934364,-0.0045976825,0.007736949,0.00029279097,0.010260391,0.0056848675,0.014078654,-0.008203874,0.0050888825,0.07275703,0.041290898,0.055059265,0.024011575,0.031142557,0.016428307,-0.01056703,0.067332625,-0.029811222,-0.015584166,0.03129684,0.03266784,0.008154457,0.02074993,0.04879904,-0.0041876584,0.026414279,0.044553224,0.013066497,-0.0055429,0.018083978,0.005071317,-0.015742982,0.029614504,0.021107938,-0.0130865965,0.0922296,0.024318326,-0.06638834,0.049616825,-0.022318289,-0.053372413,0.032679353,0.05247804,-0.023259396,0.024565637,0.034502834,0.038803834,-0.0028242737,-0.0033875462,0.015978077,0.018961642,-0.006006769,-0.017342972,-0.010834585
2024-12-31,0.0011164254,-0.046863377,-0.033098474,0.0063210977,-0.054244418,-0.03335712,0.015356549,-0.0007907283,0.01031695,0.0037695947,-0.028654322,0.0011054885,-0.03615208,-0.040717244,-0.0008741182,0.01722581,0.0077767563,0.0032303976,0.025083099,0.016315797,0.031037739,-0.006754137,-0.008872454,-0.010884535,0.008575474,0.013203193,-0.042804677,-0.027884655,0.0065931603,-0.009418305,-0.035596475,0.0036470273,-0.003484594,0.009209581,0.018504174,0.0139695145,-0.0027042518,0.028089726,0.02069564,0.0361679,0.03419604,-0.0012028543,-0.0058091576,0.016764913,0.0014999765,-0.0062221675,-0.0065946053,0.0400117,0.021752557,-0.0014538901,0.030368967,-0.02336213,-0.0015971102,0.003963332,0.0063745086,0.00082933437,0.015001481,0.015647272,0.015396173,0.013432332,0.02425539,-0.026460983,0.04193503,0.0421564,-0.054340865,-0.007929342,0.009007977,0.026250709,0.0029057644,0.009031997,-0.014358154,-0.02691884,0.043104235,0.006184272,-0.020910533,-0.00082870654,0.0075975587,0.006598512,-0.019297924,-0.004688345,-0.0025505088,0.02806761,0.02370601,0.03305528,0.0008822988,0.0018854465,0.057347804,0.008192287,0.010387706,-0.0012915558,0.021586342,0.0016671779,0.026541604,0.015295905,-0.026623758,-0.011817168,-0.0020598918,0.0063844766,-0.0028270024,0.0023633724,-0.0044144816,0.0062159,-0.0024444573,0.01511311,0.0068196473,0.018085387,-0.009361838,0.0032183959,0.06524134,0.033644617,0.051572517,0.021698982,0.027369538,0.02093676,-0.0048141438,0.0532207,-0.031159418,-0.01962265,0.033451095,0.033888005,0.0006182193,0.011169164,0.039160337,-0.009155931,0.02384992,0.046462912,0.020952933,-0.010468953,0.010855867,0.006789977,-0.017067885,0.025365688,0.017005391,-0.014755736,0.084891014,0.024514636,-0.06182088,0.056853525,-0.021511862,-0.059065964,0.03786992,0.05772266,-0.02137428,0.02480936,0.035609595,0.039076276,-0.001506566,-0.010402888,0.015198748,0.01792506,-0.013145113,-0.02236424,-0.017123215
2025-01-31,0.002778321,-0.037748687,-0.013722164,-0.00025634808,-0.04689194,-0.028239354,0.0024417217,0.002701869,0.020313568,-0.0019984073,-0.006996893,0.0005648011,-0.018584099,-0.023316823,-0.009898873,0.0087499805,0.0087791,0.010773747,0.030447016,0.01922022,0.039904196,-0.0017238043,-0.002780468,-0.009012881,0.026608076,0.029891845,-0.03571964,-0.023306012,0.010941724,-0.015454165,-0.039913956,-0.0004002082,-0.008402044,0.004975551,0.01269174,0.0145294145,-0.011245648,0.04009915,0.0007415322,0.029122807,0.03479522,-8.689494e-05,-0.020080626,0.022450175,-0.00911138,0.00024410436,-0.010132673,0.043024093,0.026423093,-0.01599323,0.028449075,-0.028189039,0.016081573,0.02264705,0.011526726,0.0046816915,0.013852021,0.014674546,0.019860214,0.0026193734,0.025926003,-0.022662325,0.037957415,0.039053403,-0.053802524,-0.006869992,0.0049544503,0.02064952,0.008443386,0.01253318,-0.017767733,-0.020659992,0.044704765,0.007078783,-0.023760013,0.0067545176,0.0058736173,0.004821013,-0.010501992,-0.013350674,0.0040287804,0.025570681,0.023221277,0.03514929,0.0047412165,0.0009032748,0.056793537,0.009901922,0.0041271066,0.014126054,0.029908124,0.016759032,0.01913325,0.011938176,-0.020545386,0.0029807254,0.011133037,0.009000586,-0.0009946118,0.004629173,-0.002541639,0.007173552,-0.0029229175,-0.003012758,0.002708366,-0.0024234208,0.0066551254,-0.0013729,0.0688927,0.03685548,0.056845974,0.010112048,0.020194562,-0.0018669219,-0.0128200445,0.087922364,-0.03864125,-0.01090992,0.015423706,0.013921816,0.013838526,0.028980957,0.05189197,-0.0042692316,0.031679805,0.045824908,0.015982486,-0.002629686,0.010598451,-0.0011506486,-0.015639815,0.02481003,0.010580967,-0.027879376,0.09546794,0.030534582,-0.06637154,0.028100796,-0.022851557,-0.04809071,0.047700442,0.046978734,-0.019723285,0.039427456,0.04120633,0.037207633,-0.003149321,-0.008623709,0.010155205,0.022060918,-0.011059481,-0.025477272,-0.01631663
2025-02-28,0.0117583405,-0.03791602,-0.0054777903,-0.006754567,-0.04665897,-0.027754487,-0.0028479968,0.004180561,0.020330425,-0.00881947,-0.010898283,-0.0020283964,-0.013765553,-0.021858795,-0.016140888,0.008106938,0.011778977,0.011262791,0.03086856,0.016175319,0.042374294,0.001551195,-0.005121893,-0.015218489,0.021607023,0.026705833,-0.041874416,-0.021626923,0.022466488,-0.014491128,-0.0399898,-0.0074668983,-0.0016784181,-0.002501364,0.0068231034,0.00956989,-0.001560511,0.040338997,-0.0065458883,0.026588509,0.03484719,0.0018767127,-0.02067066,0.023160271,-0.01446272,0.004020685,-0.010008983,0.035624295,0.021339811,-0.015350021,0.025955215,-0.027200913,0.024962848,0.03065069,0.015881773,0.008593871,0.010388395,0.006072452,0.017242577,0.00377469,0.02872139,-0.012312939,0.04024295,0.040202316,-0.058425393,-0.008223404,0.00721451,0.0139558185,0.010814517,0.02085634,-0.023651838,-0.023302091,0.049848497,0.008356583,-0.023628427,0.010355946,0.008005982,0.0048883767,-0.011099587,-0.009693055,0.006166812,0.025648827,0.031607304,0.03994988,0.009500078,-0.0025547144,0.060268857,0.007891289,0.012876334,0.009044279,0.028280929,0.013569597,0.015599021,0.0023444092,-0.018584521,0.00044453965,0.009977995,0.009876724,-0.0003675664,0.005156482,-0.0033772308,0.015103647,-0.009848489,0.0027913395,0.011228819,0.0013800885,0.012610903,0.0040354873,0.06371276,0.029118206,0.054740094,0.004689898,0.02207474,-0.0053159087,-0.020682026,0.086875185,-0.025656054,-0.015503513,0.019908722,0.016821893,0.014483263,0.0285577,0.044691227,-0.00027919203,0.030869532,0.046661634,0.010425708,-0.008508034,0.0036429358,-0.0049556764,-0.0245629,0.027578112,0.01978595,-0.021060502,0.08841016,0.01826499,-0.08086952,0.026996113,-0.014539638,-0.051186964,0.033406153,0.036349595,-0.014771874,0.033584993,0.037573557,0.029547997,-0.0025864185,-0.00379618,0.0069712964,0.024456948,-0.00603077,-0.021421943,-0.010618435
2025-03-31,-0.0020019603,-0.039517418,-0.012046075,-0.011772102,-0.054284018,-0.026668854,0.0069978517,-0.0061689056,0.02814591,-0.0024265011,-0.004450548,-0.0018702144,-0.009425309,-0.011748814,-0.008475272,-0.0027695731,0.011012607,0.010943742,0.03213886,0.018410359,0.03980531,-0.0036666605,-0.009886027,-0.018138254,0.02217512,0.025191057,-0.04430401,-0.016860317,0.016526887,-0.016547432,-0.036850188,0.00043231106,-0.0011869764,0.011647378,-0.0004016881,0.020245126,-0.0020999713,0.03896233,0.0063864384,0.026702816,0.032829367,0.0060159503,-0.016470382,0.017998232,-0.0102799665,-0.0036300549,-0.005785962,0.040589117,0.027858106,-0.01368665,0.024148064,-0.028933851,0.018226776,0.021861553,0.009407539,0.0037805706,0.012725111,0.0027382602,0.015109591,0.009154321,0.035139494,-0.004909428,0.047738563,0.04910618,-0.060349207,-0.0077348794,0.008974268,0.0016037427,0.011396173,0.018429874,-0.021462768,-0.026905289,0.041774534,0.005084842,-0.025079697,0.007607551,0.006436263,0.0073097274,-0.013406208,-0.005249782,0.0013263129,0.02053213,0.027711019,0.036865342,0.0053528254,0.00068182,0.065057114,0.012074423,0.012200032,0.0080015445,0.03048182,0.016097384,0.013715499,0.011396978,-0.017131982,-0.0022839254,0.008010822,0.011700076,-1.4302609e-05,-0.0043099243,-0.005106505,0.010222076,-0.008769655,0.0045190696,0.0070141563,-0.00011100631,0.00759696,0.0015173366,0.080140665,0.0412501,0.062913775,0.013239112,0.029208507,-0.00269072,-0.018968249,0.092783846,-0.034313187,-0.0072078067,0.02352067,0.016034566,0.019654416,0.033754494,0.03609369,0.0034329258,0.032505225,0.042466722,0.015102523,-0.012823591,0.0031057403,-0.0062325895,-0.02356337,0.026439881,0.020738449,-0.01574491,0.092294596,0.024635263,-0.08811324,0.028892903,-0.02320621,-0.038388234,0.024759116,0.030628469,-0.018145807,0.038222257,0.042620767,0.03828733,-0.0010115637,0.0088548595,0.016197192,0.016697088,0.006904615,-0.01047782,0.001711786
2025-04-30,-0.01676723,-0.030948585,-0.024619456,-0.02141664,-0.043697756,-0.02135629,0.01188595,-0.013990321,0.02986644,0.009210218,0.010231465,0.0064287973,0.0145110525,0.0014290996,0.00018703377,-0.0067636063,0.0038084278,0.015876343,0.027443232,0.023961304,0.029311119,0.009253973,0.0037907343,-0.0035235437,0.019568669,0.020747548,-0.03057575,-0.036357965,0.016102668,-0.011823595,-0.0363577,-3.6727313e-05,-0.003672061,0.027653266,-0.0077909054,0.03850264,-0.002285392,0.029437985,-0.00063430826,0.02404119,0.034013044,0.015243791,-0.0009653575,0.016079627,0.0045413524,-0.0032402251,0.011836304,0.04773449,0.036253843,-0.017384222,0.031745683,-0.030814322,0.007862234,0.00813149,0.018423896,0.010207521,0.026385866,0.017432462,0.026510566,0.018515,0.039324827,0.0060919835,0.052384462,0.05461983,-0.052223504,-0.008371789,0.0127666425,-0.009954025,0.014668727,0.018530026,-0.018530672,-0.03075286,0.041337848,0.006704055,-0.022758484,0.013117673,0.008846024,0.011015215,-0.018460967,0.0093490025,0.006028914,0.014897977,0.02798146,0.02989086,0.0028244518,0.0044533946,0.057034142,0.016671201,0.022948314,0.008191297,0.029621787,0.024393352,0.012095066,0.02662042,-0.012120393,-0.0034893453,0.00642786,0.012511592,0.0004817055,-0.018439244,-0.003968072,0.0057143047,-0.0047661443,0.008294289,0.021655241,0.00902598,0.008344211,0.01841341,0.070183896,0.03942434,0.057464816,0.011675474,0.008121367,-0.009161296,-0.0011677077,0.06788811,-0.045920394,0.0013245557,-0.00025346628,-0.0018239854,0.02403596,0.033572588,0.015198759,0.01582385,0.037655912,0.03033654,0.010083672,-0.003909444,0.0127552375,-0.005220244,-0.017676499,0.026237207,0.013946711,-0.010084913,0.07953484,0.014074646,-0.072412305,0.025722435,0.0030466777,-0.013691747,0.03413273,0.025594464,-0.018494828,0.035475846,0.042302057,0.03624393,-0.00048531548,0.015013929,0.030224703,0.015943417,0.013093815,-0.0047216136,0.012542404
2025-05-31,-0.017643223,-0.036450487,-0.021353146,-0.018859498,-0.04383264,-0.030970478,-0.003947461,-0.0029537643,0.019619238,-0.008059096,0.01879538,0.0008324634,0.019423548,-0.0022021986,-0.018518656,-0.011840228,0.0074232537,-0.00030868687,0.02216376,0.031611297,0.036035493,0.003642092,-0.007913077,-0.0123767955,0.01307754,0.015464253,-0.025092997,-0.016277485,0.016547458,-0.017414078,-0.030439619,-0.01676143,0.005902882,0.01776573,-0.0039043168,0.029151117,0.0056261946,0.023934158,0.013699173,0.029415121,0.038392033,0.006792198,-0.017285138,0.011995907,-0.007851064,-0.010085542,0.007611513,0.036968008,0.025242034,-0.009280311,0.026632575,-0.040540807,0.012211205,0.012691077,0.011487741,-0.0011243771,0.010095507,0.0047191805,0.015312074,0.0109987855,0.03362242,0.0045120157,0.051187973,0.051454436,-0.05058127,-0.010847375,0.012227714,-0.013890422,0.005834066,0.033004016,-0.01922794,-0.032103688,0.05216111,0.0015041977,-0.025213586,0.022462841,0.01822787,0.030545596,-0.029760297,0.003777423,0.012220427,0.016553331,0.03253675,0.03444477,-0.0022395337,0.0021602411,0.062396433,0.01851988,0.025287002,0.00011586408,0.017272599,0.027220653,0.025702167,0.0123498645,-0.0097221695,-0.008399741,0.0013368996,0.009843437,-0.0015952889,-0.0050819595,-0.006543086,0.0024901775,-0.011323247,0.017962063,0.036725096,0.025330026,0.008702582,0.026319455,0.059577893,0.02210842,0.05118038,0.016302412,0.019338151,0.009219942,0.0012457679,0.054681323,-0.05350537,0.00019235564,0.013113845,0.010812413,0.012109051,0.0183657,-0.008658562,0.008485225,0.031015966,0.04273885,0.02657096,-0.017254313,0.010140026,-0.0075884582,-0.0297873,0.027011456,0.0044348408,-0.009882133,0.058116466,0.00049695437,-0.082435034,0.048380744,0.0032242623,-0.009924964,0.029482918,0.020822806,-0.015473864,0.03280954,0.03615541,0.035278536,0.007772135,0.017902486,0.023238478,0.025400925,0.015747858,-0.0032486662,0.011659241
2025-06-30,-0.009541089,-0.04055467,-0.023474569,-0.020742185,-0.052133407,-0.03383243,-0.00046549249,-0.0021014668,0.013892171,-0.009236567,-0.0013579756,-0.013955942,0.0007932044,-0.023384145,-0.017513804,-0.0013144728,0.005818238,-0.0060282056,0.019784736,0.018263815,0.032972828,-0.002007262,-0.0014932356,-0.014227762,0.017627588,0.020566491,-0.042501684,-0.01871726,0.022322636,-0.014324205,-0.031184273,-0.01226846,0.008519328,0.0151339,-0.006203474,0.024104984,0.019457944,0.018915128,0.013115315,0.029427737,0.040643662,0.010412287,-0.017255876,0.009744995,-0.005445435,-0.012572739,0.0027219923,0.0333476,0.020846521,-0.003971501,0.024676831,-0.037191432,0.008731331,0.013383926,0.018482953,0.003565026,0.008884566,-0.0068442835,0.0031259935,0.0107629495,0.03779316,-0.0044067,0.05676906,0.05352504,-0.042292163,-0.01155523,0.008833742,-0.011649776,0.0011107549,0.028939782,-0.021307044,-0.0350962,0.045063313,0.002839865,-0.0244787,0.024081312,0.026099464,0.030588485,-0.030175267,0.0025591995,0.014743537,0.018959513,0.04116863,0.03188634,-0.0033818597,0.0024827863,0.059607446,0.02037395,0.027631994,0.0031709606,0.024469718,0.031792633,0.028611885,0.016863087,-0.015392925,-0.009438785,0.004332864,0.01553574,0.008117029,-0.0062322095,-0.008570344,-0.0020390768,-0.013755289,0.018651014,0.035680078,0.03229535,0.0142176235,0.015880726,0.052244462,0.006790066,0.047973637,0.014273021,0.018922947,0.010566918,0.00013832684,0.029897489,-0.07750967,-0.017911235,0.007887828,0.017036501,-0.0058002253,0.00081978174,-0.01394813,-0.008364285,0.018429466,0.045600433,0.022454042,-0.022504332,-0.005175691,-0.006785441,-0.032978754,0.022063881,-0.007847165,-0.008990685,0.060286332,-0.0066590197,-0.07684218,0.05410445,0.00934991,-0.026945997,0.017734634,0.033974204,-0.0164637,0.035099927,0.03697907,0.038167726,0.0072959173,0.005696489,0.01951125,0.022155628,0.0033649292,-0.009271847,-0.0008427247
2025-07-31,-0.011080298,-0.043990776,-0.031885043,-0.026548691,-0.049044523,-0.03350066,0.0023454793,-0.014267976,0.011345793,-0.0059178653,-0.015130843,-0.017537067,-0.013977971,-0.045706306,-0.013216577,0.0055835256,0.008418306,-0.0015292151,0.024179744,0.01944181,0.03748056,-0.007098319,0.00017022293,-0.0135476,0.0150646,0.018420374,-0.04643657,-0.03173216,0.021459779,-0.013544765,-0.0327923,-0.010789294,0.0042456854,0.0134074995,-0.013781083,0.02484874,0.015199293,0.019180855,0.021962864,0.030665677,0.030071914,0.008387186,-0.012333093,0.0070387316,-0.0005958238,-0.013391805,0.0010273892,0.03168686,0.016964206,-0.0057005035,0.01859353,-0.03632439,-0.0016496633,0.0017062947,0.01125504,0.00075376016,0.015672622,-0.00067083316,0.0075223367,0.012489136,0.031230124,-0.010625459,0.050105903,0.04790379,-0.036914412,-0.0063465238,0.011403467,-0.018007368,0.0009558006,0.02316594,-0.016845627,-0.03734709,0.043707166,0.0007613154,-0.023529597,0.018091677,0.014399437,0.024703298,-0.0215917,0.00050745293,0.009824953,0.022586513,0.035002206,0.036077928,0.0068112356,0.0036328244,0.05889308,0.02026477,0.024425939,0.006182179,0.027178822,0.023741903,0.030496327,0.015803285,-0.021140257,-0.012194932,0.00018414285,0.008804115,-0.0012606442,-0.01775172,-0.016590131,-0.0032248716,-0.006761619,0.01296991,0.027687361,0.032911703,0.0062685907,0.0035716123,0.069723256,0.024732124,0.067129366,0.006577671,0.01827566,0.005692311,-0.0014196989,0.014887651,-0.07529966,-0.029688038,-0.0049487883,0.01666978,-0.009037997,-0.00985776,-0.0051960386,-0.005207919,0.01664759,0.034775786,0.023053791,-0.02609383,-0.0024047054,-0.008094767,-0.035043057,0.024985094,-0.021276182,0.0012834148,0.0396032,-0.016043631,-0.077799104,0.054284092,0.010884637,-0.04392706,0.017970668,0.03531241,-0.014318677,0.030603362,0.036558982,0.04251858,0.0067405356,-0.0012843843,0.01994651,0.015964858,-0.0036824981,-0.014849999,-0.009006337
2025-08-31,-0.013464602,-0.04402489,-0.02959701,-0.029356143,-0.044908904,-0.03356891,-0.002175234,-0.012446273,0.010216961,-0.009176917,-0.023057578,-0.008291315,-0.019499745,-0.046945468,-0.018040588,0.008877355,-0.001370925,-0.0037346499,0.016485391,0.0073457486,0.034291085,-0.012942548,-0.0028400964,-0.017847937,0.016075755,0.017967219,-0.044239637,-0.025504831,0.021629613,-0.017360022,-0.041573726,-0.01052916,0.009456042,0.018718934,-0.01596765,0.024480091,0.011273773,0.025714053,0.015848732,0.03127808,0.031468272,0.0141029125,-0.014711484,0.0068581374,-0.0004057067,-0.015432035,-0.0013001009,0.03164901,0.01961813,-0.003901858,0.010207167,-0.03732927,0.0035456356,0.007204508,0.0107900435,0.0022858535,0.017107584,-0.005383044,0.006961481,0.012920328,0.024640871,-0.013796455,0.044626005,0.042903498,-0.03549437,-0.006374155,0.014760129,-0.01619498,-0.0065276353,0.029301917,-0.018960183,-0.03704492,0.036562957,-0.0043113246,-0.026199577,0.01488228,0.014652513,0.019286482,-0.01527786,0.0009631004,0.017263023,0.026948571,0.04063864,0.037473865,0.011988632,0.0026081053,0.05267206,0.020148696,0.020868206,0.0015726367,0.022578185,0.024828441,0.02779973,0.011463201,-0.020066079,-0.006004016,0.0034169587,0.011172722,0.0007994831,-0.012817378,-0.012858455,-0.007953757,-0.007352233,0.01460408,0.023773327,0.028823031,0.010921523,0.002124044,0.06605755,0.026151827,0.065679766,-0.0037200428,0.016553888,-0.0030097377,-0.0014747331,0.009022598,-0.04981942,-0.035506763,-0.0081357155,0.013964451,-0.0104877865,-0.011176576,-0.005061187,-0.0013561789,0.015777327,0.030918604,0.015441283,-0.015173223,-0.0035516175,-0.0069597587,-0.02626022,0.023350237,-0.018173706,0.009257223,0.038957752,-0.018773036,-0.09031302,0.052946184,0.0081838565,-0.058299046,0.0166961,0.04556733,-0.007775331,0.02970935,0.03575264,0.048671715,-0.0036363904,-0.008988542,0.0178473,0.019323258,-0.011597904,-0.021156732,-0.018156668
2025-09-30,-0.02069501,-0.050740242,-0.04376233,-0.0070453766,-0.048561484,-0.027810834,0.011701448,-0.015653586,0.013039295,0.0072669433,-0.01634224,-0.025934372,-0.0074908272,-0.042808145,-0.00258532,0.01721275,0.0075623477,0.0020695732,0.0225142,0.015510509,0.042383473,-0.013123649,-0.0030299895,-0.017683832,0.010974778,0.015738068,-0.033015396,-0.0060344753,0.016422324,-0.014019008,-0.0357968,0.000638951,0.01096065,0.022685612,0.0067466674,0.019491317,0.016293881,0.035480455,0.017943403,0.036500696,0.028194232,0.015757916,0.0075050183,0.0067884317,0.022490613,-0.018940492,0.0008189334,0.03777505,0.02856143,0.0012072963,0.023754152,-0.02718913,0.0011035488,0.0076649203,0.005369471,-0.002536967,0.016873809,-0.00092151004,0.010434921,0.035462007,0.018185671,-0.021769943,0.038982622,0.03785135,-0.0393789,-0.0018092215,0.017499238,0.0059828334,-0.005650821,0.021961099,-0.013311671,-0.038709514,0.033352524,0.0012160529,-0.023864754,0.009406877,0.010649308,0.015135278,-0.010157962,0.020102017,0.014629109,0.03017119,0.036062043,0.04780309,0.020707143,0.007912447,0.049604874,0.020162346,0.015698163,-0.0017418901,0.021446591,0.021104522,0.028383596,0.025477238,-0.023781655,-0.0122358175,0.0013384748,0.0059667625,-0.0023894196,-0.0137654,-0.0073806373,-0.014517805,0.008713657,0.008679977,0.020739192,0.030400569,0.00951458,0.0014680581,0.0703539,0.04244034,0.069179036,-0.003360298,0.011785264,-0.008147128,-0.014589254,0.012283814,-0.043632712,-0.032408815,-0.013233818,0.0070577357,-0.012390318,-0.014276364,-0.009636295,0.0031589377,0.008793506,0.03533603,0.02282775,-0.014915309,-0.006996897,0.006792963,-0.021118501,0.024456542,-0.019701198,0.007516436,0.0440572,-0.020415911,-0.09204694,0.04459835,-0.0007643459,-0.059496228,3.3547814e-05,0.051039252,-0.0093604885,0.020928973,0.025443202,0.055340048,-0.0008254261,-0.0059220116,0.014331686,0.010162601,-0.008312138,-0.017260786,-0.015877707
2025-10-31,-0.023691438,-0.05350896,-0.052867416,-0.0048035868,-0.042039737,-0.027733954,0.01271583,-0.01778221,0.012845761,0.010978133,-0.02162414,-0.029554645,-0.011120948,-0.04515632,8.806544e-05,0.02566388,0.010171329,0.00059659284,0.024471523,0.016698213,0.043986086,-0.020059094,-0.002276567,-0.014957593,0.009801156,0.013789311,-0.023623483,-0.0020569256,0.011834582,-0.014489503,-0.03544993,0.0016108332,0.011603645,0.019538002,0.005599249,0.012635926,0.01568186,0.034394924,0.020535054,0.032025896,0.022687132,0.012312956,0.0077504623,0.007606,0.02228441,-0.026214527,-0.004532091,0.028881557,0.020546768,0.001026566,0.016412033,-0.026720343,-0.004184061,0.004005254,0.003458351,-0.005721285,0.015538826,-0.0021619352,0.010406866,0.034284532,0.0078924075,-0.036271133,0.025847163,0.024384387,-0.030685462,0.0011137809,0.018243296,0.009756462,-0.010281365,0.0189143,-0.00918569,-0.037149508,0.032517124,-0.0028824678,-0.02421088,0.007847601,0.00388216,0.012191083,-0.0022185547,0.014537278,0.009757133,0.033903018,0.026952112,0.049084377,0.023707345,0.010517327,0.04646477,0.020732291,0.018003525,-0.0023896557,0.018771807,0.016519476,0.029592793,0.02376519,-0.02682242,-0.014705567,-0.00096057,0.00042037276,-0.008374319,-0.015198125,-0.008936046,-0.020118281,0.018028509,0.01191837,0.018376883,0.03128839,0.00371937,-0.001487172,0.06937027,0.042951062,0.06698186,0.0012336336,0.022155123,-0.0024739827,-0.019913645,0.0051526357,-0.037865385,-0.034266513,0.0029757386,0.01618298,-0.019127443,-0.023041802,-0.009273927,0.0024172463,0.0014395243,0.031981852,0.023097143,-0.017352356,-0.0062519526,0.008312617,-0.022216344,0.027871234,-0.028113207,0.010337899,0.03661194,-0.0203332,-0.089034066,0.052188013,-0.011410869,-0.06450024,-0.0013175001,0.048914354,-0.010980607,0.02022566,0.023143778,0.060066868,0.003241666,-0.015419736,0.010641722,0.004707099,-0.017919164,-0.023772374,-0.025888193
2025-11-30,-0.01947692,-0.0591057,-0.05399201,-0.0026917907,-0.03973645,-0.027417308,0.011690488,-0.012270009,0.011181445,0.011355266,-0.033648927,-0.026925115,-0.021833692,-0.053617254,-0.00010314574,0.030610723,0.007940154,-0.0052568372,0.018897237,0.010552031,0.047805928,-0.021197349,-0.0045134346,-0.015943151,0.006502614,0.010925495,-0.025164474,0.009303859,0.008621649,-0.012739428,-0.02980399,0.00013353459,0.009935914,0.011565442,0.0072836834,0.0041422993,0.018314097,0.033104558,0.021279521,0.033375375,0.018095998,0.0047993697,0.006112219,0.004130172,0.022547146,-0.026240941,-0.0070172944,0.025106236,0.015763396,8.311107e-05,0.012180398,-0.023995822,-0.0028681397,0.0044622426,0.0044013625,-0.0072774324,0.008530481,-0.008042055,0.002761214,0.03515423,-0.0021770285,-0.04380859,0.016858947,0.015315393,-0.026820721,0.0011331969,0.016226957,0.011463377,-0.010474939,0.016315104,-0.006709768,-0.03193139,0.032646157,-0.0023562799,-0.021719744,0.004883574,-0.0035060775,0.008874443,0.0009485173,0.008948431,0.003931078,0.034263723,0.020130603,0.04722034,0.025272874,0.011100699,0.04720794,0.019527404,0.013880091,-0.0022411793,0.01754859,0.010872175,0.032132126,0.01977877,-0.029335778,-0.015213255,-0.0026687006,-0.005209877,-0.013142322,-0.008477701,-0.009273199,-0.021699129,0.016183589,0.016661808,0.012594653,0.029452331,-0.0010827328,-0.005086244,0.073182985,0.04459046,0.069862224,0.00034245072,0.02499298,-0.0025911024,-0.028725555,-0.006954853,-0.029376764,-0.029740252,0.014121213,0.0151929455,-0.027818581,-0.031350274,-0.015550796,-0.0023054408,-0.006552789,0.035653442,0.022528943,-0.018102646,-0.011669664,0.00977104,-0.02061356,0.027747633,-0.026305212,0.012095583,0.030220177,-0.025839189,-0.09188697,0.055903584,-0.017751649,-0.06676817,-0.0027274073,0.0488787,-0.01240659,0.016447902,0.020322477,0.062642135,0.0047827447,-0.024992824,0.004486657,0.0069922307,-0.027674241,-0.030884529,-0.036817335
2025-12-31,-0.034447502,-0.051203135,-0.060268182,-0.008485763,-0.037396237,-0.018639458,0.015430543,-0.016467214,0.019686012,0.018139113,-0.021653533,-0.027507724,-0.009229642,-0.047010064,0.006417751,0.0122351935,0.0019527553,-0.0064468207,0.022191387,0.008008133,0.03667978,-0.015683763,-0.004911879,-0.0147140045,0.010928238,0.010748811,-0.01679177,0.013475533,0.002739343,-0.0010504421,-0.036589332,0.006421341,0.011215977,0.020018933,-0.00017148464,0.020988615,0.0163069,0.030525666,0.023198003,0.029673383,0.020467455,0.016729342,0.013246662,-4.7624326e-05,0.022465194,-0.023570057,0.0005348898,0.030716317,0.01989145,0.0029584097,0.0134611055,-0.022350376,-0.0070648245,-0.0040565217,0.007699523,-0.0053550056,0.010102167,-0.011109901,0.005436734,0.03443485,0.003909336,-0.036260597,0.023863316,0.022611577,-0.012007068,0.0089186495,0.026674889,-0.0011862688,-0.008017345,0.020337854,-0.0021903561,-0.031969044,0.023264445,0.0070546535,-0.022502754,0.0006660952,-0.0008586881,0.011665189,-0.00265367,0.01590324,0.003899626,0.03791828,0.023478681,0.05236055,0.029766718,0.018206911,0.042135395,0.021971615,0.016077505,-0.003446318,0.01623504,0.016241001,0.038190708,0.032456033,-0.020469695,-0.010012199,0.0021208609,0.002698938,-0.0074641504,-0.01127777,-0.000444338,-0.02387284,0.0066159517,0.03191797,0.01295125,0.028750129,-0.0023457496,-0.0026629022,0.07545341,0.05553094,0.06020846,0.0027624266,0.028057681,0.0012422783,-0.010335048,-0.008097339,-0.021639068,-0.029070795,0.009565166,0.017388318,-0.02719399,-0.03065103,-0.02288117,0.0020621177,-0.0033568314,0.027358877,0.018997215,-0.016364047,-0.007192637,0.012143222,-0.020668063,0.026543843,-0.024471357,0.018372864,0.03738166,-0.031336475,-0.09470842,0.06232258,-0.017697874,-0.06477231,-0.00018238024,0.042313576,-0.021395424,0.018342126,0.02167997,0.06362803,0.012840407,-0.013860124,0.020454416,-0.0028730845,-0.016437765,-0.018051429,-0.02626182
